v -0.153558 0.490418 -0.566229
v -0.147997 0.491955 -0.496993
v -0.146349 0.508193 -0.565721
v -0.155698 0.515000 -0.565471
v -0.148606 0.537371 -0.563724
v -0.151630 0.536205 -0.508558
v -0.149601 0.552842 -0.517405
v -0.148736 0.554191 -0.554768
v -0.146169 0.567793 -0.532360
v -0.139148 0.533807 -0.487388
v -0.131562 0.545721 -0.563414
v -0.135000 0.567043 -0.556822
v -0.135966 0.569068 -0.495234
v -0.136357 0.576169 -0.537195
v -0.127584 0.495625 -0.564103
v -0.124026 0.482119 -0.478347
v -0.130171 0.511390 -0.472606
v -0.115625 0.573478 -0.554244
v -0.125000 0.581737 -0.545000
v -0.125679 0.585442 -0.535213
v -0.126205 0.585687 -0.505156
v -0.124195 0.598556 -0.465025
v -0.108569 0.490864 -0.563083
v -0.109375 0.543750 -0.562777
v -0.110000 0.584453 -0.544047
v -0.110000 0.589099 -0.530000
v -0.112339 0.593973 -0.509669
v -0.116288 0.601051 -0.489719
v -0.115906 0.608308 -0.466250
v -0.099377 0.600918 -0.502401
v -0.105000 0.610477 -0.480000
v -0.098258 0.509687 -0.563174
v -0.100192 0.486929 -0.472568
v -0.090000 0.565000 -0.558015
v -0.089988 0.579215 -0.546628
v -0.089640 0.588887 -0.525000
v -0.096588 0.594889 -0.514736
v -0.093999 0.611797 -0.476978
v -0.078750 0.492188 -0.566693
v -0.084479 0.599071 -0.497916
v -0.085000 0.611279 -0.470000
v -0.075758 0.498318 -0.485859
v -0.079918 0.532180 -0.564291
v -0.075000 0.555000 -0.560086
v -0.074180 0.575705 -0.546891
v -0.075321 0.581306 -0.526878
v -0.073513 0.594042 -0.476733
v -0.064085 0.489706 -0.565399
v -0.063098 0.480625 -0.502896
v -0.063934 0.513850 -0.565029
v -0.066859 0.511250 -0.497232
v -0.067042 0.539828 -0.486064
v -0.064339 0.551443 -0.502352
v -0.066968 0.560625 -0.472187
v -0.064145 0.565968 -0.547032
v -0.064589 0.565419 -0.514090
v -0.064855 0.570167 -0.530000
v -0.069311 0.575000 -0.510000
v -0.069265 0.575000 -0.495000
v -0.055000 0.482500 -0.560214
v -0.052072 0.511250 -0.558012
v -0.056554 0.512500 -0.506545
v -0.055000 0.530000 -0.558353
v -0.062354 0.549635 -0.554577
v -0.053958 0.548993 -0.545000
v -0.054014 0.549270 -0.535000
v -0.049220 0.484727 -0.547070
v -0.051214 0.502500 -0.515000
v -0.048274 0.518750 -0.531563
v -0.049405 0.535000 -0.545000
v -0.051772 0.535000 -0.525000
v 0.025579 -0.477622 0.007680
v 0.032993 -0.473043 0.021379
v 0.040626 -0.437676 0.014027
v 0.048915 -0.470145 0.037221
v 0.055986 -0.447135 0.032201
v 0.057346 -0.418015 0.018802
v 0.061107 -0.366705 0.008767
v 0.067340 -0.464075 0.043173
v 0.072929 -0.391501 0.021479
v 0.082967 -0.425496 0.038345
v 0.073201 -0.338842 0.003329
v 0.088788 -0.448016 0.045894
v 0.096782 -0.407474 0.038406
v 0.085000 -0.345000 0.009707
v 0.103600 -0.381402 0.028210
v 0.100000 -0.361988 0.016671
v 0.105000 -0.349934 0.007564
v 0.108542 -0.427108 0.048563
v 0.129031 -0.403482 0.055397
v 0.124146 -0.384610 0.038028
v 0.118455 -0.363064 0.015293
v 0.132103 -0.449349 0.077952
v 0.132926 -0.425037 0.063158
v 0.136750 -0.345644 0.012171
v 0.141364 -0.474407 0.102482
v 0.134353 -0.380538 0.046678
v 0.142763 -0.356138 0.029165
v 0.133576 -0.331302 -0.003121
v 0.150751 -0.415800 0.077555
v 0.146963 -0.380312 0.056950
v 0.146296 -0.366196 0.044503
v 0.162696 -0.441359 0.105529
v 0.166604 -0.371829 0.059187
v 0.171135 -0.329126 0.021724
v 0.054626 0.761111 -0.539899
v 0.056693 0.759112 -0.505156
v 0.054735 0.778924 -0.540875
v 0.051666 0.777500 -0.491250
v 0.054359 0.787315 -0.524447
v 0.053884 0.790234 -0.474835
v 0.054100 0.796676 -0.493750
v 0.064133 0.743629 -0.532005
v 0.064259 0.744705 -0.513091
v 0.058330 0.755000 -0.530000
v 0.060255 0.757079 -0.480228
v 0.062377 0.765000 -0.559542
v 0.066154 0.775000 -0.563932
v 0.065706 0.793644 -0.544156
v 0.063393 0.796853 -0.535000
v 0.063894 0.806072 -0.497837
v 0.063194 0.807203 -0.475000
v 0.077201 0.733233 -0.529921
v 0.069502 0.747128 -0.557171
v 0.074854 0.737759 -0.502188
v 0.075051 0.756749 -0.574928
v 0.079947 0.770321 -0.579957
v 0.071161 0.787461 -0.559359
v 0.080000 0.798717 -0.550000
v 0.079390 0.805423 -0.526485
v 0.084226 0.718877 -0.454654
v 0.085245 0.732862 -0.547240
v 0.085468 0.729197 -0.506250
v 0.084109 0.742807 -0.574068
v 0.084295 0.751884 -0.585795
v 0.087674 0.787709 -0.579854
v 0.103804 0.724526 -0.512961
v 0.095000 0.731179 -0.549450
v 0.093545 0.743764 -0.582561
v 0.100625 0.763125 -0.589862
v 0.107460 0.801627 -0.556005
v 0.105019 0.715730 -0.487635
v 0.105000 0.740810 -0.571026
v 0.107500 0.752648 -0.586865
v 0.107500 0.789708 -0.584289
v 0.117336 0.714555 -0.466546
v 0.120582 0.731275 -0.539273
v 0.115000 0.740619 -0.572057
v 0.120107 0.794233 -0.572293
v 0.132437 0.733185 -0.519532
v 0.125329 0.741776 -0.570295
v 0.132117 0.754562 -0.580157
v 0.125000 0.760000 -0.589755
v 0.126875 0.777318 -0.585959
v 0.130016 0.804272 -0.546240
v 0.136140 0.741416 -0.479051
v 0.134636 0.748363 -0.561329
v 0.136651 0.779267 -0.573876
v 0.135032 0.795053 -0.555037
v 0.147324 0.759077 -0.543179
v 0.143827 0.746498 -0.518750
v 0.139577 0.765000 -0.570000
v 0.144673 0.765687 -0.554805
v 0.143134 0.775000 -0.560510
v 0.150026 0.785104 -0.550032
v 0.149169 0.797179 -0.542920
v 0.148865 0.770000 -0.475000
v 0.154078 0.773622 -0.497855
v 0.151509 0.790156 -0.474731
v 0.155035 0.801275 -0.515625
v 0.153956 0.802071 -0.490000
v 0.149565 0.805000 -0.475000
v 0.157145 0.780000 -0.527500
v 0.157918 0.785000 -0.500000
v 0.056950 0.678769 -0.146638
v 0.055082 0.697718 -0.156525
v 0.062246 0.651743 -0.156253
v 0.060494 0.661250 -0.122188
v 0.064192 0.640963 -0.087645
v 0.064827 0.673328 -0.108204
v 0.064605 0.700000 -0.123678
v 0.066198 0.711171 -0.117328
v 0.059121 0.743437 -0.151250
v 0.066640 0.733610 -0.122476
v 0.062567 0.766912 -0.158843
v 0.069312 0.659956 -0.077112
v 0.073373 0.672863 -0.072235
v 0.068825 0.685000 -0.095000
v 0.075000 0.682169 -0.078183
v 0.069085 0.696250 -0.108750
v 0.074825 0.702627 -0.093384
v 0.078030 0.719728 -0.101719
v 0.074253 0.744458 -0.119489
v 0.074547 0.776282 -0.144571
v 0.075289 0.784817 -0.159489
v 0.085058 0.657548 -0.047055
v 0.085981 0.679787 -0.070447
v 0.085000 0.698882 -0.083922
v 0.085000 0.735000 -0.108511
v 0.085000 0.759434 -0.122776
v 0.087001 0.780905 -0.139153
v 0.079371 0.785000 -0.145000
v 0.090052 0.793121 -0.154977
v 0.098933 0.663534 -0.047113
v 0.095000 0.675138 -0.064860
v 0.097110 0.691971 -0.076289
v 0.092500 0.725942 -0.100814
v 0.101120 0.743574 -0.113765
v 0.095000 0.759491 -0.123015
v 0.096437 0.775340 -0.134676
v 0.114168 0.651736 -0.031827
v 0.105000 0.683564 -0.065777
v 0.105000 0.713930 -0.091230
v 0.111348 0.756097 -0.129772
v 0.106215 0.782626 -0.148630
v 0.115000 0.663757 -0.048842
v 0.115848 0.678834 -0.065235
v 0.116780 0.700544 -0.085902
v 0.117548 0.770480 -0.149420
v 0.126935 0.645649 -0.023953
v 0.124433 0.737257 -0.130585
v 0.123956 0.759370 -0.156569
v 0.128970 0.674126 -0.071655
v 0.135410 0.690716 -0.098463
v 0.134015 0.708158 -0.128909
v 0.132677 0.729885 -0.156931
v 0.143710 0.674236 -0.098107
v 0.144143 0.693330 -0.138196
v 0.138918 0.705000 -0.145000
v 0.154198 0.656759 -0.098848
v 0.155254 0.675343 -0.134072
v 0.155500 0.679426 -0.146232
v 0.149124 0.695000 -0.155000
v 0.162177 0.651237 -0.147794
v 0.165791 0.647934 -0.128599
v 0.158746 0.665000 -0.135000
v 0.012960 0.324582 0.086377
v 0.005000 0.335000 0.089286
v 0.022500 0.353750 0.078785
v 0.015000 0.355000 0.076802
v 0.003893 0.362500 0.083795
v 0.013750 0.372500 0.080136
v 0.015728 0.409592 0.076052
v 0.006060 0.444645 0.074000
v 0.016047 0.454062 0.074504
v 0.011205 0.486875 0.072274
v 0.031875 0.325161 0.079699
v 0.025000 0.385000 0.079546
v 0.029524 0.435192 0.067555
v 0.025000 0.449128 0.073728
v 0.025000 0.472500 0.077788
v 0.037365 0.353491 0.076999
v 0.035000 0.380062 0.075643
v 0.036563 0.400000 0.073827
v 0.035000 0.445000 0.069645
v 0.034688 0.463922 0.077142
v 0.050631 0.321187 0.079255
v 0.045000 0.370000 0.076008
v 0.045000 0.385000 0.077878
v 0.047992 0.395000 0.082649
v 0.044748 0.410372 0.077939
v 0.038578 0.425000 0.065000
v 0.045000 0.425000 0.072264
v 0.037041 0.435000 0.065000
v 0.045000 0.435000 0.071369
v 0.045296 0.447054 0.066456
v 0.040599 0.470192 0.068853
v 0.042426 0.492067 0.056796
v 0.060208 0.349465 0.074265
v 0.055000 0.367560 0.082969
v 0.052376 0.380000 0.086032
v 0.055035 0.389966 0.093624
v 0.055000 0.404856 0.084900
v 0.056087 0.410771 0.069710
v 0.054797 0.424641 0.053217
v 0.049087 0.436250 0.059375
v 0.054587 0.433057 0.042877
v 0.053834 0.468803 0.018559
v 0.052304 0.461250 0.037500
v 0.048325 0.487500 0.037500
v 0.065775 0.364824 0.085283
v 0.065000 0.380000 0.089860
v 0.064716 0.394735 0.084254
v 0.062949 0.423338 0.032989
v 0.060192 0.439411 0.024425
v 0.065000 0.451151 0.004207
v 0.059058 0.472500 0.005000
v 0.086398 0.333288 0.072450
v 0.076255 0.352830 0.071212
v 0.073287 0.376022 0.081051
v 0.069793 0.385000 0.085000
v 0.071784 0.395230 0.067095
v 0.070547 0.407925 0.044289
v 0.074915 0.414743 0.024749
v 0.069974 0.425000 0.025000
v 0.075396 0.428928 0.010818
v 0.084821 0.364620 0.044711
v 0.084721 0.364796 0.057225
v 0.084757 0.377308 0.044410
v 0.081694 0.375000 0.065000
v 0.090487 0.400051 0.012380
v 0.081391 0.415000 0.005000
v 0.083009 0.425000 0.002004
v 0.107802 0.333847 0.060054
v 0.096017 0.347393 0.056402
v 0.096514 0.361016 0.039882
v 0.094762 0.376561 0.024725
v 0.090578 0.385156 0.037816
v 0.097338 0.406153 0.006236
v 0.105000 0.347365 0.047011
v 0.104792 0.354822 0.034649
v 0.105000 0.371180 0.024245
v 0.105374 0.384063 0.011230
v 0.123660 0.346007 0.039522
v 0.114808 0.356017 0.031428
v 0.114550 0.378565 0.007921
v 0.130111 0.325692 0.066194
v 0.123250 0.354676 0.024606
v 0.133114 0.370585 0.011167
v 0.140560 0.344819 0.034794
v 0.137002 0.354739 0.024704
v 0.145000 0.333616 0.053208
v 0.150542 0.324247 0.063786
v 0.145000 0.356514 0.026242
v 0.159802 0.334783 0.054901
v 0.165734 0.349593 0.041609
v 0.155000 0.366958 0.017434
v 0.158396 0.381133 0.001218
v 0.166279 0.333440 0.065000
v 0.165531 0.324147 0.074186
v 0.007416 -0.650041 0.139092
v 0.004579 -0.655253 0.170491
v 0.009513 -0.637631 0.116123
v 0.013923 -0.630604 0.141448
v 0.006358 -0.526505 -0.002763
v 0.014546 -0.512683 0.009801
v 0.015789 -0.495298 -0.005000
v 0.012470 -0.480554 -0.027105
v 0.002349 -0.481043 -0.033941
v 0.017690 -0.495000 0.005000
v 0.019490 -0.477500 -0.015000
v -0.095857 -0.795000 0.472945
v -0.086607 -0.820598 0.477867
v -0.086749 -0.794486 0.446861
v -0.075048 -0.870045 0.487596
v -0.076292 -0.842235 0.476864
v -0.075040 -0.805019 0.444975
v -0.056900 -0.837576 0.466012
v -0.056476 -0.859890 0.478029
v -0.038846 -0.830246 0.458953
v -0.049889 -0.816963 0.447404
v -0.017421 -0.852293 0.468101
v -0.020905 -0.802236 0.416352
v -0.017418 -0.829958 0.458004
v -0.006454 -0.883299 0.482936
v -0.015000 -0.847152 0.463907
v -0.002500 -0.837934 0.458943
v -0.009531 -0.815472 0.442972
v 0.001248 -0.800118 0.404845
v -0.182316 -0.650057 0.424279
v -0.185096 -0.639212 0.381563
v -0.185642 -0.639378 0.415000
v -0.167730 -0.676629 0.456379
v -0.172819 -0.660145 0.395584
v -0.171063 -0.665281 0.416565
v -0.182360 -0.645386 0.443899
v -0.175649 -0.658852 0.465000
v -0.173379 -0.664407 0.481556
v -0.178971 -0.645289 0.359712
v -0.184548 -0.628045 0.460227
v -0.160339 -0.692505 0.471731
v -0.163357 -0.681130 0.435000
v -0.171251 -0.660524 0.376748
v -0.170821 -0.649572 0.332141
v -0.155084 -0.705153 0.472439
v -0.155553 -0.697968 0.451588
v -0.157357 -0.685504 0.392428
v -0.159798 -0.685000 0.445000
v -0.154927 -0.680071 0.361392
v -0.085228 -1.072501 0.512727
v -0.082948 -1.079087 0.534158
v -0.087302 -1.039490 0.523389
v -0.083124 -1.027500 0.506457
v -0.087162 -1.019369 0.536085
v -0.084804 -0.999703 0.512902
v -0.089428 -1.000000 0.528750
v -0.082180 -1.011582 0.566402
v -0.084397 -1.001918 0.574148
v -0.088227 -0.986257 0.543074
v -0.084944 -0.995000 0.564856
v -0.081333 -0.997524 0.634957
v -0.084995 -0.980397 0.634904
v -0.084363 -0.972787 0.523727
v -0.085286 -0.949981 0.561825
v -0.085650 -0.962500 0.642679
v -0.086747 -0.944649 0.539896
v -0.075150 -1.114372 0.515834
v -0.081482 -1.110781 0.527969
v -0.077687 -1.110114 0.561201
v -0.073713 -1.088651 0.588780
v -0.077382 -1.075522 0.556116
v -0.075836 -1.066088 0.504901
v -0.073788 -1.067684 0.598221
v -0.068750 -1.036250 0.500667
v -0.078605 -1.045000 0.600000
v -0.077679 -1.040000 0.612500
v -0.075195 -1.044706 0.626536
v -0.080895 -1.033125 0.561719
v -0.076925 -1.024739 0.593116
v -0.074481 -1.026043 0.615000
v -0.068068 -1.017386 0.496576
v -0.073236 -1.008306 0.611424
v -0.078517 -1.010646 0.646127
v -0.079809 -1.005000 0.585000
v -0.076920 -0.982026 0.509831
v -0.081364 -0.995000 0.585000
v -0.078001 -0.987500 0.592500
v -0.079888 -0.968750 0.576250
v -0.077091 -0.977389 0.622551
v -0.076730 -0.968750 0.608750
v -0.082728 -0.957553 0.634466
v -0.077641 -0.955000 0.590000
v -0.084198 -0.949747 0.607802
v -0.080091 -0.955000 0.625000
v -0.057500 -1.108125 0.511099
v -0.071786 -1.106719 0.605000
v -0.062500 -1.066580 0.503851
v -0.070294 -1.036875 0.644375
v -0.073749 -0.995000 0.615000
v -0.065043 -0.984880 0.494976
v -0.064145 -0.949585 0.505764
v -0.060204 -1.115625 0.648855
v -0.054971 -1.040045 0.496858
v -0.048083 -1.013750 0.493278
v -0.049493 -0.989488 0.493641
v -0.050000 -0.975217 0.495999
v -0.047161 -0.961797 0.499812
v -0.040493 -1.083825 0.507452
v -0.034809 -1.052765 0.502323
v -0.036091 -1.026812 0.497709
v -0.024004 -1.110293 0.511662
v -0.007500 -1.074375 0.511044
v -0.026572 -0.985484 0.499984
v -0.005309 -1.023138 0.504863
v 0.000758 -0.952570 0.505491
v 0.010098 -1.067077 0.509395
v 0.005161 -1.034951 0.505503
v -0.255742 -0.667843 0.629845
v -0.260995 -0.662500 0.650000
v -0.256299 -0.655000 0.623439
v -0.256167 -0.643115 0.629706
v -0.243571 -0.689439 0.600010
v -0.247584 -0.669661 0.599628
v -0.245016 -0.654755 0.606833
v -0.246120 -0.648282 0.621918
v -0.234385 -0.718107 0.611155
v -0.239935 -0.714319 0.645889
v -0.233976 -0.700474 0.574580
v -0.236435 -0.682987 0.574715
v -0.242139 -0.675000 0.585000
v -0.235320 -0.667621 0.590199
v -0.232365 -0.662696 0.610000
v -0.231084 -0.661372 0.625000
v -0.235301 -0.656085 0.653680
v -0.227053 -0.741919 0.632275
v -0.227626 -0.725745 0.587525
v -0.228804 -0.710000 0.566768
v -0.225000 -0.705000 0.557133
v -0.225494 -0.694793 0.564847
v -0.225247 -0.683921 0.579053
v -0.227929 -0.675000 0.585000
v -0.222755 -0.672810 0.611250
v -0.226195 -0.667324 0.642500
v -0.212858 -0.741499 0.551533
v -0.220204 -0.725000 0.555000
v -0.215000 -0.725000 0.549672
v -0.221491 -0.715000 0.555000
v -0.212943 -0.714144 0.554411
v -0.215273 -0.705278 0.566521
v -0.213918 -0.693070 0.580645
v -0.216398 -0.686816 0.649055
v -0.213998 -0.684521 0.602500
v -0.215173 -0.680901 0.621875
v -0.204663 -0.785727 0.630157
v -0.202344 -0.774773 0.582883
v -0.206886 -0.745000 0.543928
v -0.206209 -0.734684 0.544806
v -0.204446 -0.724793 0.554860
v -0.203704 -0.713725 0.570781
v -0.205185 -0.707587 0.642138
v -0.203363 -0.701162 0.587372
v -0.204907 -0.694673 0.612039
v -0.211472 -0.695000 0.635000
v -0.205000 -0.695000 0.625304
v -0.199701 -0.765000 0.545000
v -0.195000 -0.765000 0.541022
v -0.195000 -0.755000 0.540779
v -0.195199 -0.745062 0.545099
v -0.195475 -0.730280 0.560519
v -0.194264 -0.730270 0.656123
v -0.196822 -0.715929 0.632694
v -0.196605 -0.708013 0.602500
v -0.202019 -0.705000 0.625000
v -0.185169 -0.785169 0.544724
v -0.185000 -0.775000 0.538612
v -0.183138 -0.762710 0.545302
v -0.184869 -0.739935 0.559925
v -0.183146 -0.740073 0.608195
v -0.187268 -0.739321 0.635000
v -0.186844 -0.742688 0.655746
v -0.183875 -0.732439 0.580000
v -0.190215 -0.720000 0.595000
v -0.191785 -0.725000 0.610000
v -0.193140 -0.725000 0.625000
v -0.175000 -0.793690 0.545805
v -0.174203 -0.782644 0.544396
v -0.175908 -0.755564 0.555670
v -0.176044 -0.756866 0.640108
v -0.173275 -0.750489 0.566864
v -0.175208 -0.749619 0.591904
v -0.176180 -0.750946 0.623125
v -0.173694 -0.647037 0.500578
v -0.164514 -0.796415 0.552596
v -0.163003 -0.770376 0.565361
v -0.165766 -0.766864 0.630479
v -0.167564 -0.766246 0.645000
v -0.164020 -0.760702 0.575000
v -0.164476 -0.764177 0.592500
v -0.164752 -0.764552 0.615000
v -0.163790 -0.690617 0.496341
v -0.165455 -0.673607 0.507816
v -0.163613 -0.646374 0.546238
v -0.169459 -0.632500 0.522005
v -0.152604 -0.794741 0.567299
v -0.153130 -0.782742 0.590313
v -0.155147 -0.775148 0.605000
v -0.151481 -0.780799 0.619410
v -0.155630 -0.774254 0.650372
v -0.157018 -0.704264 0.505000
v -0.157281 -0.697918 0.526250
v -0.151182 -0.716684 0.545890
v -0.153103 -0.700801 0.617424
v -0.157797 -0.685000 0.555000
v -0.154089 -0.685752 0.589636
v -0.156382 -0.685000 0.631215
v -0.160754 -0.667500 0.534062
v -0.153989 -0.680894 0.575000
v -0.153539 -0.677735 0.650331
v -0.154978 -0.674011 0.640056
v -0.158237 -0.662188 0.571562
v -0.157705 -0.657747 0.597500
v -0.156448 -0.651889 0.605000
v -0.156620 -0.645000 0.589055
v -0.161254 -0.633437 0.562813
v 0.039660 -0.080649 0.485840
v 0.055336 -0.103827 0.485587
v 0.054753 -0.089486 0.474313
v 0.048875 -0.048779 0.483939
v 0.040812 0.010144 0.489651
v 0.066890 -0.145790 0.473186
v 0.055549 -0.122500 0.486587
v 0.060375 -0.102500 0.468639
v 0.057405 -0.115000 0.485000
v 0.069683 -0.075787 0.453584
v 0.058643 -0.061188 0.469147
v 0.064392 -0.025830 0.464516
v 0.074847 -0.146675 0.460511
v 0.072236 -0.135285 0.449762
v 0.070275 -0.118750 0.448827
v 0.074560 -0.105000 0.440947
v 0.074742 -0.093280 0.443613
v 0.076612 -0.015233 0.456797
v 0.083386 -0.155751 0.454116
v 0.085000 -0.143816 0.446118
v 0.087498 -0.126379 0.440647
v 0.084033 -0.086250 0.433912
v 0.085000 -0.072632 0.433725
v 0.088256 -0.050867 0.437003
v 0.086304 -0.026250 0.446411
v 0.100000 -0.151812 0.452620
v 0.103398 -0.122207 0.440545
v 0.100057 -0.102910 0.435323
v 0.112544 -0.080624 0.428124
v 0.101511 -0.059763 0.428755
v 0.095000 -0.045000 0.429120
v 0.101710 -0.007570 0.435971
v 0.099610 0.010139 0.445009
v 0.107126 -0.037367 0.426994
v 0.121163 -0.148218 0.447818
v 0.115000 -0.135000 0.440335
v 0.123042 -0.097500 0.426645
v 0.122163 -0.048750 0.420338
v 0.115972 -0.018125 0.426274
v 0.117679 0.005000 0.426469
v 0.125235 -0.130221 0.435633
v 0.133010 -0.009062 0.417210
v 0.134664 -0.135116 0.434737
v 0.134419 -0.125816 0.423855
v 0.135000 -0.115000 0.417751
v 0.135000 -0.097500 0.419507
v 0.141209 -0.072343 0.418923
v 0.136259 -0.030000 0.415495
v 0.142812 -0.146125 0.433197
v 0.148503 -0.118221 0.416822
v 0.147005 -0.090000 0.417725
v 0.151250 -0.050625 0.411733
v 0.149006 -0.014510 0.414136
v 0.152500 -0.000625 0.412554
v 0.153799 -0.157822 0.429100
v 0.155000 -0.105000 0.411459
v 0.153812 -0.085000 0.414095
v 0.155024 -0.030028 0.413625
v 0.173355 -0.124391 0.404928
v 0.165562 -0.090000 0.405898
v 0.165000 -0.070000 0.408265
v 0.170346 -0.047718 0.408012
v 0.166288 -0.018125 0.408450
v 0.012515 -0.441549 -0.039864
v 0.002338 -0.402534 -0.055452
v 0.006906 -0.348514 -0.061331
v 0.024383 -0.454686 -0.009937
v 0.025099 -0.455175 -0.023803
v 0.025509 -0.436250 -0.028260
v 0.023177 -0.425000 -0.035000
v 0.018391 -0.339062 -0.045577
v 0.028187 -0.437500 -0.005000
v 0.026922 -0.420000 -0.025000
v 0.029067 -0.409313 -0.017239
v 0.033676 -0.412539 -0.004273
v 0.027619 -0.385000 -0.035000
v 0.035012 -0.385045 -0.024355
v 0.030810 -0.362447 -0.030776
v 0.039003 -0.342512 -0.018748
v 0.039839 -0.323016 -0.019897
v 0.042720 -0.368748 -0.005612
v 0.036897 -0.370000 -0.015000
v 0.055963 -0.310000 -0.005552
v 0.070000 -0.320000 -0.000025
v 0.085000 -0.315000 0.002594
v 0.099272 -0.325332 -0.002918
v 0.109443 -0.316164 -0.012070
v 0.114701 -0.340082 -0.001683
v 0.109934 -0.307525 -0.019261
v 0.125000 -0.311000 -0.023273
v 0.140868 -0.316019 -0.011432
v 0.018456 -0.145432 -0.039501
v 0.000372 -0.144562 -0.048662
v 0.013791 -0.107159 -0.030429
v 0.003750 -0.082211 -0.025691
v 0.007500 -0.067324 -0.018824
v 0.023802 -0.046767 -0.006982
v 0.012111 -0.028202 0.001325
v 0.036468 -0.147500 -0.025993
v 0.041503 -0.087681 -0.020657
v 0.038143 -0.060770 -0.012296
v 0.039798 -0.028216 0.007201
v 0.050117 -0.151116 -0.015417
v 0.045000 -0.135000 -0.018862
v 0.044423 -0.120068 -0.024639
v 0.053632 -0.146853 -0.162266
v 0.055329 -0.154173 -0.108238
v 0.055000 -0.155000 -0.009965
v 0.054624 -0.134109 -0.148121
v 0.055000 -0.127500 -0.017653
v 0.061144 -0.071665 -0.007145
v 0.061313 -0.154591 -0.038125
v 0.064086 -0.140237 -0.024892
v 0.063149 -0.128280 -0.072035
v 0.062509 -0.113020 -0.146488
v 0.065000 -0.117500 -0.019910
v 0.065000 -0.091120 -0.015662
v 0.065290 -0.059029 0.001384
v 0.069955 -0.130000 -0.035000
v 0.068510 -0.114687 -0.073594
v 0.070416 -0.125000 -0.025000
v 0.072814 -0.108551 -0.041313
v 0.071638 -0.107544 -0.024957
v 0.069496 -0.095000 -0.117500
v 0.071436 -0.095000 -0.087500
v 0.074067 -0.093143 -0.065000
v 0.072045 -0.080557 -0.154160
v 0.074119 -0.083855 -0.118198
v 0.074013 -0.084798 -0.015282
v 0.077037 -0.075681 -0.002245
v 0.074933 -0.065277 0.005064
v 0.077141 -0.095000 -0.040000
v 0.081580 -0.080067 -0.061250
v 0.079669 -0.085000 -0.030000
v 0.082548 -0.074070 -0.107945
v 0.084373 -0.074551 -0.020000
v 0.096197 -0.068395 -0.134063
v 0.084876 -0.064019 0.008635
v 0.103838 -0.066244 -0.007700
v 0.099934 -0.064428 0.009854
v 0.100908 -0.065570 -0.058008
v 0.121404 -0.067838 -0.139618
v 0.122591 -0.066367 0.002449
v 0.115000 -0.062867 -0.096250
v 0.115000 -0.061249 -0.048125
v 0.125517 -0.062287 -0.069375
v 0.128984 -0.063061 -0.043190
v 0.136455 -0.064391 -0.017500
v 0.146642 -0.083030 -0.148750
v 0.139498 -0.073710 -0.106953
v 0.151779 -0.078945 -0.023594
v 0.145892 -0.074244 0.000000
v 0.152383 -0.097474 -0.157294
v 0.152461 -0.087678 -0.125244
v 0.150764 -0.078770 -0.060142
v 0.151661 -0.080789 0.013059
v 0.162833 -0.146250 -0.158256
v 0.162573 -0.127485 -0.152643
v 0.165348 -0.111367 -0.110558
v 0.163176 -0.099041 -0.085625
v 0.164308 -0.093900 -0.022615
v -0.191591 -0.803837 0.850146
v -0.201922 -0.793008 0.832783
v -0.184858 -0.840005 0.802500
v -0.187255 -0.828086 0.831364
v -0.185992 -0.816332 0.856962
v -0.185679 -0.784487 0.865745
v -0.175291 -0.853526 0.810041
v -0.176846 -0.848185 0.837500
v -0.173565 -0.849793 0.855976
v -0.174999 -0.833201 0.867817
v -0.172602 -0.811250 0.874141
v -0.171030 -0.787010 0.874130
v -0.165380 -0.866765 0.838888
v -0.164433 -0.865737 0.858701
v -0.165000 -0.857475 0.807500
v -0.172664 -0.855000 0.825000
v -0.155339 -0.845166 0.877490
v -0.165000 -0.820000 0.879158
v -0.156716 -0.802033 0.881866
v -0.155000 -0.872789 0.837099
v -0.154786 -0.869940 0.795469
v -0.156770 -0.865708 0.825000
v -0.154231 -0.869240 0.867514
v -0.146755 -0.814375 0.885843
v -0.142097 -0.670201 0.306094
v -0.152248 -0.649379 0.267079
v -0.153700 -0.633498 0.210000
v -0.135736 -0.690382 0.328788
v -0.130232 -0.677581 0.288716
v -0.135976 -0.640649 0.167617
v -0.132434 -0.659275 0.220746
v -0.122659 -0.699807 0.319788
v -0.126082 -0.676338 0.272264
v -0.109085 -0.699190 0.304378
v -0.109376 -0.692731 0.291823
v -0.109143 -0.678876 0.227906
v -0.115426 -0.677230 0.252500
v -0.097949 -0.715889 0.317446
v -0.102033 -0.687208 0.277375
v -0.107366 -0.673443 0.187863
v -0.085577 -0.690971 0.232521
v -0.087536 -0.692023 0.199884
v -0.080000 -0.689509 0.255000
v -0.061372 -0.738520 0.321781
v -0.080503 -0.709519 0.295261
v -0.063353 -0.701554 0.275915
v -0.063793 -0.713751 0.295643
v -0.050720 -0.706046 0.190469
v -0.050000 -0.699832 0.168460
v -0.049661 -0.702529 0.228125
v -0.045000 -0.698029 0.260000
v -0.047334 -0.705342 0.174448
v -0.030611 -0.735044 0.297844
v -0.034360 -0.705753 0.182920
v -0.034685 -0.705218 0.206812
v -0.030223 -0.695302 0.163478
v -0.035000 -0.701233 0.223750
v -0.030582 -0.695983 0.255146
v -0.036855 -0.714895 0.281683
v -0.023456 -0.695369 0.182500
v -0.021076 -0.689809 0.220181
v -0.020201 -0.688351 0.235447
v -0.025000 -0.690953 0.245000
v -0.010000 -0.756544 0.320739
v -0.006882 -0.746527 0.302675
v -0.015000 -0.736973 0.290807
v -0.010625 -0.703888 0.259563
v -0.008750 -0.687531 0.242811
v 0.002628 -0.726672 0.281264
v -0.009077 -0.676810 0.166498
v -0.001850 -0.666938 0.207514
v -0.004802 -0.675243 0.224328
v 0.017298 -0.752481 0.321762
v 0.012500 -0.676495 0.233373
v 0.001730 -0.662500 0.190000
v 0.004199 -0.666460 0.220511
v -0.140020 0.572721 -0.071425
v -0.158782 0.543447 0.033093
v -0.148107 0.582014 -0.158279
v -0.146098 0.576360 -0.130000
v -0.145832 0.578163 -0.111954
v -0.138230 0.570282 -0.048608
v -0.126892 0.571914 -0.023478
v -0.138050 0.586966 -0.140000
v -0.121527 0.582967 -0.074554
v -0.132477 0.601937 -0.148812
v -0.129760 0.600244 -0.117410
v -0.116311 0.570189 0.031171
v -0.117500 0.577288 -0.032500
v -0.124594 0.600078 -0.106941
v -0.115000 0.590504 -0.085000
v -0.110179 0.607121 -0.106819
v -0.119662 0.630000 -0.155000
v -0.108023 0.624563 -0.130443
v -0.106699 0.633664 -0.141675
v -0.104760 0.581583 -0.058176
v -0.105000 0.577268 -0.010000
v -0.105280 0.650554 -0.159662
v -0.095083 0.579938 -0.065970
v -0.090252 0.596601 -0.094757
v -0.095000 0.611567 -0.108060
v -0.090566 0.645983 -0.148824
v -0.081184 0.561827 -0.029222
v -0.085477 0.573122 -0.062633
v -0.074523 0.502634 -0.162297
v -0.081937 0.563968 0.005584
v -0.080860 0.575391 -0.073708
v -0.072649 0.601049 -0.115176
v -0.066893 0.515167 -0.158722
v -0.063752 0.509026 -0.110194
v -0.067705 0.491046 -0.084375
v -0.064493 0.494952 -0.057592
v -0.062965 0.539696 -0.037684
v -0.065092 0.555613 -0.076041
v -0.062587 0.547212 -0.006236
v -0.062201 0.567734 -0.129783
v -0.069373 0.580000 -0.100000
v -0.064839 0.607374 -0.134099
v -0.064936 0.625055 -0.144948
v -0.065211 0.634060 -0.155255
v -0.052897 0.494375 -0.009905
v -0.061248 0.510000 -0.073750
v -0.057011 0.507500 -0.029942
v -0.059235 0.534375 -0.156875
v -0.059001 0.526250 -0.077188
v -0.055267 0.522667 -0.015882
v -0.058777 0.544219 -0.145703
v -0.059463 0.545000 -0.088750
v -0.063100 0.601875 -0.156250
v -0.061806 0.623125 -0.160000
v 0.170105 0.176471 0.188506
v 0.164840 0.195939 0.185303
v 0.170810 0.209532 0.174762
v 0.169640 0.205000 0.185000
v 0.173883 0.209979 0.197381
v 0.162642 0.221250 0.167320
v 0.175630 0.213409 0.185000
v 0.174091 0.229795 0.175838
v 0.165000 0.249115 0.174701
v 0.175000 0.245000 0.176777
v 0.176341 0.240698 0.321304
v 0.177704 0.255000 0.183766
v 0.174950 0.249305 0.293954
v 0.174314 0.260038 0.305005
v 0.171205 0.255000 0.315000
v 0.172050 0.260603 0.327218
v 0.171605 0.262939 0.178735
v 0.174003 0.265000 0.283314
v 0.170301 0.265000 0.295000
v 0.171841 0.265000 0.315000
v 0.181411 0.280322 0.166038
v 0.175639 0.275660 0.283685
v 0.175047 0.279335 0.302500
v 0.171634 0.276250 0.322570
v 0.175007 0.284839 0.313749
v 0.182759 0.202438 0.329728
v 0.183108 0.205000 0.216514
v 0.187471 0.211479 0.295150
v 0.181074 0.215873 0.210488
v 0.181551 0.225668 0.192474
v 0.185265 0.233563 0.184621
v 0.185013 0.232536 0.288195
v 0.185082 0.245792 0.184917
v 0.184513 0.247141 0.273873
v 0.186717 0.260000 0.191755
v 0.184779 0.275568 0.185213
v 0.181672 0.286560 0.280858
v 0.181291 0.298262 0.302311
v 0.181753 0.299959 0.324945
v 0.183791 0.306637 0.315000
v 0.193627 0.165770 0.219550
v 0.192484 0.162049 0.278857
v 0.189904 0.190000 0.292855
v 0.194886 0.197117 0.225192
v 0.195396 0.210000 0.224622
v 0.195238 0.225000 0.224710
v 0.188030 0.240000 0.197500
v 0.193998 0.242207 0.212923
v 0.196130 0.229748 0.262194
v 0.195283 0.251445 0.255664
v 0.194765 0.271182 0.201206
v 0.197913 0.276594 0.249760
v 0.192134 0.285000 0.185000
v 0.187493 0.285000 0.265000
v 0.194858 0.294727 0.160555
v 0.195194 0.294782 0.265198
v 0.194707 0.300164 0.276884
v 0.195465 0.315636 0.301643
v 0.192900 0.316528 0.315000
v 0.200704 0.319402 0.325243
v 0.203845 0.171312 0.234775
v 0.204473 0.167365 0.242493
v 0.200585 0.185000 0.240000
v 0.199221 0.187500 0.251250
v 0.199687 0.195000 0.235000
v 0.197518 0.195000 0.265000
v 0.200079 0.205000 0.225000
v 0.203689 0.205000 0.235000
v 0.201710 0.205000 0.245000
v 0.203378 0.205000 0.255000
v 0.201823 0.205000 0.265000
v 0.200390 0.222695 0.242812
v 0.202492 0.215000 0.265000
v 0.198880 0.253750 0.225000
v 0.199672 0.255000 0.215000
v 0.204340 0.265000 0.215000
v 0.199697 0.275000 0.205000
v 0.202093 0.283750 0.214688
v 0.204614 0.292728 0.232039
v 0.202330 0.304572 0.175012
v 0.205834 0.294639 0.255617
v 0.204985 0.305325 0.209128
v 0.213128 0.322891 0.289895
v 0.204552 0.325138 0.310252
v 0.210457 0.295000 0.245000
v 0.215452 0.309547 0.234063
v 0.215056 0.304970 0.254276
v 0.214714 0.317449 0.183390
v 0.215000 0.310121 0.220000
v 0.216438 0.312587 0.265000
v 0.210902 0.328253 0.158431
v 0.227500 0.317329 0.215000
v 0.224802 0.315069 0.224770
v 0.224405 0.323533 0.253246
v 0.226556 0.323619 0.188835
v 0.225727 0.323831 0.265000
v 0.225712 0.330370 0.279701
v 0.234835 0.329975 0.201875
v 0.234045 0.332145 0.229906
v 0.178516 0.336700 0.083787
v 0.174261 0.377727 0.016423
v 0.184270 0.337553 0.097187
v 0.181338 0.327897 0.105000
v 0.188129 0.328482 0.119494
v 0.183964 0.347320 0.077190
v 0.184051 0.351507 0.060336
v 0.184485 0.365324 0.035385
v 0.185800 0.394151 0.006075
v 0.198945 0.354227 0.091790
v 0.200375 0.398057 0.018224
v 0.205025 0.344988 0.115154
v 0.203940 0.346231 0.127152
v 0.206951 0.353989 0.105000
v 0.212983 0.339916 0.144906
v 0.213824 0.349437 0.133886
v 0.214705 0.355249 0.115000
v 0.212667 0.355000 0.125000
v 0.218460 0.366694 0.102998
v 0.218212 0.382925 0.073740
v 0.213945 0.431167 0.000497
v 0.232107 0.354868 0.159625
v 0.229138 0.366144 0.132951
v 0.231434 0.425919 0.039642
v 0.219622 0.446875 0.001290
v 0.224100 0.481875 0.006905
v 0.237359 0.380907 0.124832
v 0.232827 0.385018 0.100152
v 0.238119 0.473750 0.041916
v 0.233090 0.491338 0.036400
v 0.245574 0.383953 0.134212
v 0.241868 0.409897 0.074764
v 0.240038 0.427500 0.060487
v 0.246095 0.425000 0.072940
v 0.238914 0.452500 0.045000
v 0.243479 0.484800 0.064622
v 0.251141 0.384453 0.163477
v 0.253324 0.398767 0.120000
v 0.254659 0.395956 0.135000
v 0.247932 0.395000 0.145000
v 0.248657 0.400469 0.171875
v 0.252344 0.408814 0.099322
v 0.254619 0.406931 0.140738
v 0.254913 0.405858 0.155000
v 0.246237 0.453674 0.068127
v 0.253821 0.456732 0.091251
v 0.252956 0.481947 0.108750
v 0.247666 0.491335 0.152228
v 0.257847 0.421875 0.107500
v 0.258481 0.426250 0.117500
v 0.256458 0.425230 0.153894
v 0.258788 0.460000 0.108750
v 0.258718 0.454492 0.141875
v 0.172509 0.341127 0.432979
v 0.166516 0.364566 0.436930
v 0.167670 0.402661 0.440496
v 0.166561 0.423254 0.444190
v 0.172639 0.443957 0.435169
v 0.180424 0.463902 0.419743
v 0.183868 0.340000 0.423436
v 0.185843 0.366000 0.424563
v 0.185408 0.445362 0.425220
v 0.186227 0.487062 0.405631
v 0.195401 0.363049 0.415454
v 0.196331 0.388750 0.416456
v 0.190891 0.425000 0.422659
v 0.194057 0.440343 0.412700
v 0.193477 0.465575 0.400307
v 0.192250 0.490204 0.392848
v 0.200800 0.325388 0.379070
v 0.205855 0.334014 0.385813
v 0.197837 0.334593 0.398472
v 0.201302 0.350938 0.403101
v 0.201940 0.373125 0.404477
v 0.200516 0.401969 0.408871
v 0.204444 0.420021 0.383442
v 0.203741 0.445962 0.370659
v 0.198322 0.435000 0.405000
v 0.197471 0.478684 0.380481
v 0.216398 0.337768 0.327769
v 0.209287 0.330401 0.341406
v 0.212414 0.339433 0.372789
v 0.213575 0.353956 0.380682
v 0.209167 0.378437 0.387500
v 0.214264 0.399664 0.353677
v 0.213224 0.431298 0.345058
v 0.212220 0.462171 0.328794
v 0.218678 0.352500 0.332500
v 0.216894 0.353906 0.355469
v 0.217517 0.386250 0.340000
v 0.222401 0.388726 0.322790
v 0.225169 0.413168 0.319539
v 0.220451 0.334191 0.300963
v 0.225000 0.332149 0.175000
v 0.224401 0.350938 0.302670
v 0.226478 0.381817 0.302197
v 0.234530 0.335367 0.185382
v 0.231252 0.343272 0.273655
v 0.234406 0.345757 0.176648
v 0.233095 0.391562 0.284284
v 0.234508 0.421811 0.274953
v 0.233231 0.441868 0.276019
v 0.228781 0.462072 0.287467
v 0.233905 0.477500 0.271740
v 0.241957 0.352671 0.191024
v 0.238658 0.356875 0.243438
v 0.241736 0.358460 0.201250
v 0.243347 0.369462 0.215307
v 0.241804 0.382145 0.230661
v 0.238485 0.391250 0.260000
v 0.243415 0.410535 0.231417
v 0.243830 0.437774 0.241274
v 0.240468 0.454375 0.257864
v 0.240806 0.475277 0.258165
v 0.245610 0.479921 0.238528
v 0.247414 0.385000 0.215000
v 0.248794 0.412500 0.180000
v 0.249805 0.410000 0.207500
v 0.245147 0.423666 0.224466
v 0.252003 0.431874 0.197316
v 0.249997 0.449752 0.228042
v 0.249772 0.465000 0.232500
v 0.250225 0.483435 0.207978
v 0.258266 0.465000 0.192500
v -0.114093 0.331698 0.010532
v -0.098865 0.343891 0.009817
v -0.093691 0.325830 0.041821
v -0.078751 0.340368 0.045057
v -0.084826 0.364928 0.004921
v -0.083446 0.323499 0.074980
v -0.079098 0.321164 0.087895
v -0.065267 0.335272 0.095420
v -0.065000 0.325000 0.103155
v -0.068448 0.352848 0.044806
v -0.066144 0.349034 0.065000
v -0.063812 0.344461 0.085000
v -0.066949 0.370067 0.024994
v -0.069473 0.375000 0.015000
v -0.070442 0.390000 0.002188
v -0.063994 0.379588 0.041902
v -0.067630 0.405265 0.032735
v -0.072093 0.410000 0.006250
v -0.065884 0.420591 0.033707
v -0.068548 0.430767 0.005000
v -0.066385 0.429987 0.014966
v -0.054375 0.330230 0.095759
v -0.055000 0.353752 0.083421
v -0.058948 0.362645 0.075035
v -0.061645 0.365000 0.052500
v -0.059909 0.393066 0.058802
v -0.055000 0.385000 0.073256
v -0.057399 0.422589 0.048258
v -0.057691 0.440497 0.029991
v -0.061752 0.447500 0.000000
v -0.058936 0.461533 0.000860
v -0.041640 0.324661 0.084926
v -0.044789 0.361601 0.078098
v -0.042500 0.396207 0.072407
v -0.050696 0.422500 0.065000
v -0.050446 0.432500 0.053750
v -0.046272 0.445000 0.065000
v -0.048720 0.461310 0.050179
v -0.044045 0.455000 0.064882
v -0.046451 0.483375 0.020885
v -0.035000 0.325000 0.082564
v -0.033754 0.364996 0.073797
v -0.035339 0.434904 0.074679
v -0.035000 0.455000 0.066253
v -0.036036 0.469942 0.067179
v -0.039588 0.481296 0.055997
v -0.041680 0.492500 0.040000
v -0.020787 0.336809 0.083362
v -0.020132 0.369750 0.073289
v -0.019772 0.408809 0.071700
v -0.025000 0.425000 0.071722
v -0.025616 0.435000 0.074892
v -0.024385 0.446137 0.075000
v -0.026980 0.455000 0.077733
v -0.019221 0.470296 0.078190
v -0.030605 0.483750 0.073750
v -0.015000 0.330000 0.091289
v -0.007658 0.360141 0.084192
v -0.009970 0.392500 0.074197
v -0.015000 0.425000 0.077396
v -0.015000 0.435000 0.081139
v -0.015000 0.450000 0.080290
v -0.015000 0.485000 0.067696
v -0.005000 0.329617 0.092988
v -0.005000 0.345000 0.088998
v -0.005000 0.380000 0.080549
v -0.005000 0.410000 0.078841
v -0.005000 0.430000 0.080369
v -0.004629 0.448542 0.075851
v -0.005000 0.470000 0.072029
v -0.004593 0.488786 0.066335
v -0.149783 0.549519 0.095670
v -0.154981 0.548889 0.132533
v -0.155517 0.545298 0.051250
v -0.150994 0.550795 0.072500
v -0.145372 0.555441 0.110000
v -0.132617 0.564021 0.042031
v -0.132965 0.562538 0.089375
v -0.135247 0.566913 0.122188
v -0.123320 0.577970 0.155299
v -0.120625 0.570656 0.122500
v -0.091933 0.578683 0.132735
v -0.087212 0.569289 0.050000
v -0.098437 0.569285 0.091250
v -0.087628 0.586481 0.155985
v -0.074043 0.565562 0.040000
v -0.068281 0.573676 0.104699
v -0.070000 0.584467 0.135532
v -0.063554 0.557499 0.023125
v -0.064837 0.560073 0.063617
v -0.051108 0.585753 0.149529
v -0.055144 0.551542 0.050000
v -0.055030 0.558177 0.073127
v -0.046235 0.568441 0.095014
v -0.055567 0.593648 0.170375
v -0.045577 0.505000 0.017331
v -0.050668 0.540712 0.033176
v -0.043150 0.554794 0.076284
v -0.037495 0.564834 0.085275
v -0.037070 0.573991 0.110224
v -0.037085 0.581875 0.133099
v -0.045000 0.589222 0.155000
v -0.035259 0.505000 0.055420
v -0.043871 0.515000 0.040000
v -0.040313 0.520000 0.055000
v -0.035357 0.521051 0.065166
v -0.036754 0.537500 0.067763
v -0.035159 0.602064 0.169379
v -0.026945 0.505000 0.068098
v -0.025606 0.513111 0.065055
v -0.024629 0.540000 0.065262
v -0.015477 0.558151 0.071708
v -0.017233 0.584627 0.108479
v -0.025368 0.588631 0.128098
v -0.027895 0.595717 0.143345
v -0.014489 0.495303 0.065441
v -0.009468 0.513125 0.061592
v -0.015000 0.548404 0.063659
v -0.015000 0.573418 0.086560
v -0.005080 0.597721 0.143961
v -0.003847 0.539849 0.064373
v 0.002723 0.577113 0.086606
v 0.001988 0.594831 0.119776
v 0.004207 0.503750 0.067508
v 0.003534 0.525000 0.066211
v 0.013088 0.541516 0.071249
v 0.005284 0.587062 0.100222
v 0.011250 0.599101 0.146250
v 0.010546 0.649836 0.724252
v 0.015098 0.654809 0.735301
v 0.005000 0.658954 0.735000
v 0.013816 0.668855 0.751630
v 0.005000 0.673604 0.756916
v 0.020880 0.683074 0.769830
v 0.021254 0.693425 0.787890
v 0.013056 0.703059 0.802823
v 0.015234 0.719203 0.639989
v 0.007745 0.752826 0.681934
v 0.010462 0.782647 0.712375
v 0.003787 0.828951 0.761913
v 0.030061 0.674114 0.756114
v 0.032398 0.732664 0.661531
v 0.029589 0.744279 0.675779
v 0.031661 0.763857 0.695073
v 0.032970 0.803008 0.734086
v 0.040547 0.666391 0.740550
v 0.042500 0.712380 0.809038
v 0.037031 0.721941 0.650228
v 0.035000 0.773069 0.706800
v 0.049039 0.651511 0.708733
v 0.046153 0.684135 0.768156
v 0.045000 0.755760 0.688694
v 0.042741 0.780292 0.714364
v 0.049122 0.652188 0.653750
v 0.049874 0.641604 0.678554
v 0.055359 0.664153 0.715000
v 0.055064 0.664952 0.725059
v 0.056023 0.674272 0.736286
v 0.055000 0.680914 0.755000
v 0.049578 0.696484 0.645703
v 0.052729 0.703750 0.672188
v 0.057182 0.698646 0.780350
v 0.054085 0.723750 0.686045
v 0.061303 0.719486 0.806866
v 0.050103 0.735000 0.675000
v 0.056828 0.742500 0.691573
v 0.055869 0.755510 0.694502
v 0.057670 0.677500 0.713750
v 0.060276 0.692500 0.737500
v 0.060520 0.691875 0.750625
v 0.056569 0.695000 0.690000
v 0.058968 0.697969 0.717969
v 0.063171 0.699915 0.764159
v 0.063656 0.714473 0.743297
v 0.064565 0.708387 0.780000
v 0.061647 0.730000 0.710000
v 0.067911 0.726516 0.806250
v 0.064939 0.739025 0.729973
v 0.067078 0.742618 0.753579
v 0.061287 0.755000 0.710000
v 0.063742 0.760000 0.723584
v 0.064402 0.784100 0.735349
v 0.059047 0.795000 0.735000
v 0.066547 0.810312 0.756910
v 0.068797 0.728437 0.768750
v 0.072965 0.744961 0.782943
v 0.074682 0.749610 0.794786
v 0.068071 0.758437 0.758125
v 0.075675 0.765000 0.783060
v 0.070697 0.781875 0.759375
v 0.072500 0.811551 0.776929
v 0.077762 0.774062 0.800000
v 0.078153 0.831133 0.814844
v 0.017011 0.784372 1.126389
v 0.018727 0.800000 1.131333
v 0.005000 0.800000 1.130557
v 0.026332 0.810832 1.126076
v -0.147972 -0.856160 0.649999
v -0.145955 -0.846270 0.606087
v -0.156224 -0.846937 0.622370
v -0.144464 -0.851317 0.630000
v -0.155000 -0.850872 0.635000
v -0.147659 -0.835403 0.582291
v -0.140175 -0.842880 0.600365
v -0.155416 -0.838378 0.597876
v -0.145000 -0.831264 0.565000
v -0.155292 -0.827567 0.569165
v -0.142996 -0.825000 0.566020
v -0.153654 -0.815858 0.554664
v -0.145325 -0.816354 0.565764
v -0.155578 -0.806773 0.555869
v -0.146128 -0.799732 0.577015
v -0.129214 -0.868681 0.633540
v -0.133002 -0.852470 0.615000
v -0.135533 -0.835000 0.595978
v -0.135906 -0.820086 0.587843
v -0.141210 -0.815000 0.575000
v -0.135051 -0.805000 0.585023
v -0.136929 -0.794832 0.587048
v -0.122430 -0.840481 0.587192
v -0.128850 -0.817500 0.578281
v -0.129284 -0.796846 0.572300
v -0.114929 -0.895279 0.609304
v -0.112932 -0.908336 0.648832
v -0.114313 -0.886822 0.620786
v -0.119741 -0.795000 0.555000
v -0.106681 -0.921995 0.639518
v -0.105898 -0.918144 0.621795
v -0.101926 -0.909115 0.591624
v -0.114266 -0.905000 0.630000
v -0.108235 -0.893763 0.586762
v -0.107641 -0.871636 0.577455
v -0.109804 -0.826250 0.547500
v -0.106900 -0.803227 0.522096
v -0.095482 -0.935441 0.603871
v -0.093546 -0.939781 0.642911
v -0.090744 -0.932860 0.588709
v -0.095861 -0.924696 0.600456
v -0.098391 -0.925000 0.615000
v -0.094477 -0.934479 0.625000
v -0.095161 -0.908502 0.569123
v -0.095643 -0.895000 0.563746
v -0.097181 -0.876631 0.556364
v -0.094583 -0.830848 0.509595
v -0.099733 -0.800000 0.500000
v -0.086575 -0.927401 0.556261
v -0.088151 -0.925000 0.565000
v -0.087644 -0.925000 0.575000
v -0.083769 -0.910170 0.524779
v -0.088589 -0.900000 0.548864
v -0.090624 -0.879766 0.530600
v -0.086457 -0.856943 0.502757
v -0.079731 -0.930058 0.524377
v -0.079844 -0.925000 0.530000
v -0.082961 -0.915000 0.535000
v -0.074777 -0.899780 0.498170
v -0.077351 -0.886250 0.497685
v -0.065498 -0.929904 0.501800
v -0.065000 -0.895000 0.491541
v -0.035027 -0.922633 0.496137
v -0.041875 -0.907500 0.491491
v -0.020000 -0.937500 0.501361
v 0.003125 -0.928750 0.501302
v 0.010000 -0.945000 0.503483
v 0.014809 0.015853 0.500930
v 0.009715 0.125090 0.508676
v 0.005000 0.150000 0.513914
v 0.018086 0.172500 0.509184
v 0.005000 0.165000 0.514844
v 0.032277 0.052812 0.497302
v 0.030000 0.070000 0.498935
v 0.028684 0.080000 0.498934
v 0.019461 0.101728 0.504740
v 0.039936 0.102369 0.496796
v 0.035000 0.135000 0.503243
v 0.040209 0.161960 0.504681
v 0.043836 0.038665 0.494555
v 0.045047 0.055167 0.495044
v 0.047958 0.121250 0.498281
v 0.045000 0.135000 0.503298
v 0.050000 0.147500 0.500689
v 0.055715 0.030301 0.485182
v 0.058028 0.056806 0.487450
v 0.061351 0.101077 0.491380
v 0.061919 0.132109 0.495433
v 0.060937 0.171566 0.500599
v 0.066672 0.075000 0.485633
v 0.075301 0.083712 0.485189
v 0.081245 0.142720 0.484469
v 0.085589 0.170000 0.485322
v 0.009802 -0.140581 0.505233
v 0.007500 -0.108750 0.500126
v 0.009386 -0.084702 0.497560
v 0.012714 -0.050142 0.499265
v 0.017500 -0.027500 0.496960
v 0.005000 -0.020000 0.502274
v 0.025217 -0.149335 0.503602
v 0.025000 -0.087500 0.491936
v 0.042500 -0.157500 0.500908
v 0.041257 -0.131497 0.495510
v 0.037500 -0.108750 0.490227
v 0.035036 -0.047593 0.491963
v 0.045000 -0.120000 0.489717
v 0.055564 -0.158750 0.496954
v 0.117985 -0.426100 0.485963
v 0.135015 -0.414901 0.462723
v 0.121656 -0.395000 0.481462
v 0.134661 -0.368829 0.478826
v 0.137827 -0.459284 0.467709
v 0.133236 -0.462230 0.486159
v 0.133902 -0.441250 0.460300
v 0.129046 -0.435000 0.475000
v 0.140149 -0.387586 0.470199
v 0.133189 -0.324844 0.482423
v 0.152630 -0.481632 0.477009
v 0.148965 -0.447500 0.445491
v 0.145655 -0.425000 0.446202
v 0.144016 -0.350938 0.474056
v 0.143871 -0.321505 0.472895
v 0.155603 -0.445000 0.435398
v 0.155637 -0.432673 0.435585
v 0.158826 -0.419230 0.432787
v 0.156675 -0.411501 0.442798
v 0.163664 -0.387811 0.443102
v 0.154905 -0.380572 0.454747
v 0.152480 -0.365436 0.464822
v 0.155544 -0.314960 0.465357
v 0.165819 -0.472168 0.448842
v 0.166028 -0.445133 0.430979
v 0.170515 -0.340222 0.450696
v 0.165662 -0.320000 0.455807
v 0.002500 -0.434030 0.577741
v 0.017249 -0.395131 0.551548
v 0.016243 -0.350463 0.543785
v 0.005000 -0.320000 0.543834
v 0.036978 -0.432629 0.567299
v 0.038608 -0.312791 0.533529
v 0.057632 -0.456960 0.576972
v 0.055361 -0.409723 0.542958
v 0.060721 -0.391060 0.530921
v 0.057324 -0.367188 0.531395
v 0.065433 -0.469451 0.580889
v 0.066395 -0.454265 0.565784
v 0.065143 -0.424959 0.541172
v 0.085011 -0.481248 0.563435
v 0.086959 -0.417057 0.512193
v 0.077411 -0.362574 0.516585
v 0.079247 -0.330469 0.515165
v 0.090897 -0.444706 0.523623
v 0.089628 -0.391383 0.506116
v 0.085000 -0.375000 0.509496
v 0.085473 -0.342512 0.515351
v 0.085000 -0.317500 0.511410
v 0.096372 -0.358203 0.506463
v 0.106100 -0.444504 0.505567
v 0.109399 -0.434932 0.496090
v 0.109117 -0.325000 0.500696
v 0.110896 -0.378934 0.495387
v 0.116750 -0.308887 0.495445
v 0.125904 -0.463775 0.499467
v 0.173140 0.168728 0.422593
v 0.170163 0.191302 0.424590
v 0.174790 0.205432 0.411007
v 0.167618 0.215625 0.426158
v 0.173348 0.225716 0.403352
v 0.167422 0.250000 0.405000
v 0.165109 0.259595 0.422383
v 0.166863 0.275000 0.412438
v 0.172132 0.277838 0.402818
v 0.175500 0.303125 0.417784
v 0.167309 0.310000 0.425281
v 0.165000 0.315000 0.431278
v 0.182395 0.169696 0.360605
v 0.181014 0.174375 0.381250
v 0.176435 0.161875 0.397500
v 0.176361 0.175000 0.415000
v 0.183286 0.200000 0.385000
v 0.182613 0.211875 0.346250
v 0.181614 0.221250 0.378750
v 0.183799 0.234699 0.362766
v 0.183919 0.241250 0.347317
v 0.179606 0.256250 0.380000
v 0.185290 0.251781 0.360000
v 0.178285 0.272500 0.348750
v 0.180043 0.270000 0.365000
v 0.177761 0.285000 0.362500
v 0.177731 0.291250 0.390625
v 0.180117 0.300580 0.343125
v 0.181812 0.300505 0.372500
v 0.184019 0.308970 0.387500
v 0.182475 0.309886 0.405056
v 0.185000 0.309140 0.350000
v 0.193146 0.316025 0.335000
v 0.196088 0.314865 0.344507
v 0.198293 0.313124 0.360000
v 0.195223 0.314283 0.375345
v -0.225309 0.485377 0.109373
v -0.226273 0.478833 0.096250
v -0.216289 0.495651 0.111733
v -0.219749 0.491423 0.145625
v -0.219643 0.495000 0.172500
v -0.213517 0.501937 0.155000
v -0.215251 0.505410 0.171749
v -0.211328 0.489015 0.074890
v -0.203314 0.500138 0.089809
v -0.202367 0.505004 0.117064
v -0.206896 0.508408 0.125000
v -0.200230 0.513858 0.134047
v -0.200953 0.515025 0.147047
v -0.205572 0.518032 0.166836
v -0.196286 0.493885 0.033452
v -0.197492 0.495000 0.055000
v -0.194425 0.504444 0.075000
v -0.195000 0.512187 0.125000
v -0.190915 0.525823 0.150588
v -0.187125 0.510846 0.030527
v -0.185211 0.514954 0.049918
v -0.185326 0.515529 0.072477
v -0.172777 0.525301 0.103750
v -0.177668 0.523239 0.119480
v -0.185542 0.525656 0.132964
v -0.173724 0.542165 0.157596
v -0.178423 0.521365 0.005781
v -0.174935 0.524927 0.055095
v -0.175306 0.525140 0.072658
v -0.167045 0.533915 0.129766
v -0.164703 0.534431 0.084444
v 0.015000 -0.300000 0.539623
v 0.005000 -0.292187 0.541243
v 0.000000 -0.262500 0.538900
v 0.016041 -0.252533 0.535949
v 0.004019 -0.208103 0.527507
v 0.012040 -0.186105 0.518318
v 0.027091 -0.277020 0.535250
v 0.022971 -0.209719 0.522573
v 0.030277 -0.176791 0.509747
v 0.023525 -0.236247 0.529849
v 0.044930 -0.269620 0.528934
v 0.049513 -0.201658 0.511971
v 0.049895 -0.173973 0.505255
v 0.061250 -0.256250 0.520810
v 0.056967 -0.219989 0.515363
v 0.075020 -0.304414 0.518856
v 0.074201 -0.268714 0.518106
v 0.064660 -0.241858 0.515872
v 0.072825 -0.240000 0.509454
v 0.066527 -0.199795 0.505044
v 0.065231 -0.184436 0.496061
v 0.064946 -0.175082 0.484866
v 0.060201 -0.170000 0.495000
v 0.075572 -0.222664 0.505422
v 0.078819 -0.215000 0.496514
v 0.075704 -0.194359 0.496113
v 0.078393 -0.190577 0.483374
v 0.093605 -0.265643 0.504791
v 0.085530 -0.204151 0.486194
v 0.101694 -0.259313 0.494888
v 0.098173 -0.228535 0.486001
v 0.105000 -0.280000 0.500085
v 0.110249 -0.258818 0.488557
v 0.125057 -0.287932 0.484300
v -0.142700 -0.147820 0.439712
v -0.151994 -0.137471 0.424673
v -0.147606 -0.112812 0.418600
v -0.142292 -0.092837 0.417595
v -0.158049 -0.079686 0.414062
v -0.146905 -0.044685 0.415713
v -0.155000 -0.035000 0.412419
v -0.146803 -0.020860 0.411623
v -0.155000 -0.007500 0.407634
v -0.149607 0.012777 0.412740
v -0.127351 -0.119212 0.428546
v -0.135000 -0.085000 0.416544
v -0.130000 -0.070000 0.417743
v -0.126398 -0.050000 0.414284
v -0.135000 -0.025000 0.413192
v -0.124924 -0.149989 0.446854
v -0.116848 -0.130658 0.435737
v -0.123334 -0.091064 0.421594
v -0.122639 -0.028750 0.412137
v -0.123395 -0.014278 0.414718
v -0.120000 -0.001250 0.419698
v -0.107500 -0.148963 0.444507
v -0.112928 -0.064375 0.423998
v -0.110404 -0.012706 0.422120
v -0.110741 0.008727 0.423106
v -0.100000 -0.155000 0.448746
v -0.105000 -0.100000 0.431124
v -0.103945 -0.075938 0.432028
v -0.105211 -0.035000 0.425252
v -0.106735 -0.025000 0.426975
v -0.088461 -0.130519 0.439028
v -0.094941 -0.100431 0.433658
v -0.095000 -0.087523 0.434684
v -0.096829 -0.052500 0.437748
v -0.096217 -0.030000 0.435853
v -0.095073 -0.014928 0.435021
v -0.093471 -0.005000 0.433786
v -0.093150 0.014864 0.434241
v -0.082563 -0.150010 0.448666
v -0.084093 -0.092710 0.434750
v -0.085000 -0.070000 0.435913
v -0.082500 -0.047500 0.438965
v -0.085000 -0.020000 0.439705
v -0.083566 -0.005000 0.443838
v -0.075000 -0.145000 0.449869
v -0.075000 -0.115000 0.441298
v -0.072180 -0.094687 0.439461
v -0.075000 -0.065000 0.440495
v -0.070355 -0.041987 0.443288
v -0.074782 0.001792 0.452158
v -0.064810 -0.150454 0.457562
v -0.064932 -0.130193 0.445673
v -0.062977 -0.115000 0.443780
v -0.061941 -0.068750 0.444251
v -0.066364 -0.003539 0.460230
v -0.063436 -0.156888 0.465000
v -0.054948 -0.145108 0.464933
v -0.059623 -0.147225 0.474234
v -0.056198 -0.153125 0.488569
v -0.053687 -0.132287 0.454095
v -0.055000 -0.120000 0.448935
v -0.055287 -0.112464 0.486241
v -0.055000 -0.115000 0.479233
v -0.055000 -0.100914 0.453359
v -0.057865 -0.095000 0.455000
v -0.056933 -0.085000 0.459243
v -0.057642 -0.065934 0.457086
v -0.052048 -0.064228 0.485362
v -0.059144 -0.055000 0.445000
v -0.059657 -0.042500 0.461977
v -0.057978 -0.020023 0.469747
v -0.055968 0.002500 0.476633
v -0.052684 -0.121250 0.466250
v -0.051680 -0.115000 0.475000
v -0.051674 -0.098125 0.467500
v -0.044937 -0.105190 0.484939
v -0.037237 -0.100326 0.488938
v -0.049567 -0.080000 0.480615
v -0.053496 -0.057500 0.475000
v -0.051185 -0.037500 0.485000
v -0.049692 -0.006250 0.485311
v -0.015382 0.805000 1.125345
v -0.015220 0.816015 1.125237
v 0.000000 0.811875 1.130052
v -0.007290 0.827113 1.125000
v 0.005000 0.830195 1.125000
v 0.056710 -0.152242 -0.389815
v 0.051780 -0.146273 -0.366335
v 0.050293 -0.146250 -0.331562
v 0.050374 -0.134375 -0.305000
v 0.057443 -0.123299 -0.405403
v 0.054472 -0.117587 -0.359533
v 0.053184 -0.122414 -0.471036
v 0.052729 -0.102206 -0.449175
v 0.052868 -0.103748 -0.311404
v 0.052955 -0.079105 -0.466728
v 0.068900 -0.152462 -0.460938
v 0.062711 -0.149781 -0.428750
v 0.058814 -0.135469 -0.419687
v 0.061929 -0.149973 -0.404973
v 0.059795 -0.080000 -0.425000
v 0.059075 -0.091875 -0.379375
v 0.055648 -0.086986 -0.345075
v 0.063609 -0.074186 -0.405000
v 0.062745 -0.070223 -0.306424
v 0.064235 -0.064515 -0.477500
v 0.065906 -0.065705 -0.439251
v 0.063175 -0.073728 -0.372812
v 0.068267 -0.067378 -0.355089
v 0.074315 -0.064586 -0.407500
v 0.075874 -0.065455 -0.380150
v 0.078750 -0.061228 -0.447813
v 0.080000 -0.059742 -0.337500
v 0.090000 -0.060610 -0.422969
v 0.095000 -0.061523 -0.376250
v 0.095000 -0.059458 -0.337500
v 0.095000 -0.059748 -0.285000
v 0.100277 -0.154094 -0.458041
v 0.108822 -0.145426 -0.434339
v 0.104889 -0.065081 -0.456895
v 0.104711 -0.065228 -0.427754
v 0.103623 -0.066024 -0.397500
v 0.103936 -0.066740 -0.365675
v 0.106044 -0.063991 -0.313750
v 0.106736 -0.156816 -0.405972
v 0.114309 -0.143141 -0.412725
v 0.117158 -0.078509 -0.474496
v 0.116265 -0.080316 -0.426006
v 0.115852 -0.081427 -0.375117
v 0.117682 -0.082141 -0.311521
v 0.122890 -0.146827 -0.350813
v 0.119389 -0.137656 -0.400313
v 0.115974 -0.131965 -0.474714
v 0.117853 -0.125000 -0.450000
v 0.116987 -0.125000 -0.435000
v 0.122215 -0.125000 -0.390000
v 0.120187 -0.110000 -0.420938
v 0.121757 -0.100312 -0.376563
v 0.122760 -0.103475 -0.346587
v 0.121841 -0.105000 -0.466250
v 0.123430 -0.094752 -0.477869
v 0.120750 -0.095000 -0.418750
v 0.124037 -0.095000 -0.325000
v 0.130741 -0.140146 -0.309621
v 0.127917 -0.110312 -0.314375
v -0.091207 0.191839 0.484149
v -0.074720 0.200000 0.494059
v -0.076967 0.260937 0.486113
v -0.082623 0.313748 0.485690
v -0.067044 0.186110 0.495810
v -0.062932 0.222500 0.493516
v -0.064624 0.252500 0.494656
v -0.063359 0.282500 0.493872
v -0.062669 0.320994 0.502806
v -0.050465 0.162378 0.502344
v -0.055037 0.190315 0.503611
v -0.045060 0.216235 0.504788
v -0.050189 0.235156 0.501666
v -0.055000 0.253750 0.500680
v -0.054289 0.290000 0.502431
v -0.055000 0.332500 0.508409
v -0.033424 0.184219 0.507486
v -0.041276 0.272715 0.506367
v -0.039375 0.312500 0.508745
v -0.030000 0.240000 0.508373
v -0.021183 0.290962 0.513780
v -0.020820 0.320000 0.513386
v -0.015000 0.176250 0.510067
v -0.005657 0.234059 0.515163
v -0.010000 0.313750 0.518943
v -0.005245 0.175144 0.514653
v 0.007160 0.180502 0.512922
v 0.006333 0.271250 0.515367
v 0.011721 0.315624 0.516849
v -0.142362 0.332973 -0.006561
v -0.139747 0.344219 -0.022922
v -0.148181 0.366389 -0.056563
v -0.149927 0.376811 -0.069957
v -0.150213 0.385514 -0.081713
v -0.145040 0.414019 -0.113797
v -0.159906 0.427596 -0.118256
v -0.145000 0.451667 -0.148496
v -0.157870 0.465393 -0.151174
v -0.124771 0.356987 -0.034648
v -0.124898 0.375309 -0.061349
v -0.130086 0.403331 -0.096661
v -0.130006 0.426104 -0.118908
v -0.132183 0.445377 -0.140527
v -0.122557 0.469072 -0.161032
v -0.113007 0.401654 -0.083359
v -0.109972 0.430615 -0.109780
v -0.100293 0.453170 -0.127026
v -0.097364 0.364088 -0.014312
v -0.103161 0.418920 -0.091096
v -0.105500 0.474746 -0.153887
v -0.089289 0.421136 -0.077563
v -0.084426 0.384457 -0.026329
v -0.090701 0.398656 -0.051487
v -0.083481 0.445325 -0.101194
v -0.076969 0.382481 -0.009257
v -0.075825 0.426363 -0.063010
v -0.074829 0.464848 -0.115238
v -0.075847 0.475485 -0.130370
v -0.072082 0.415000 -0.029375
v -0.072570 0.415000 -0.045000
v -0.070502 0.422500 -0.020000
v -0.067301 0.425000 -0.015000
v -0.066916 0.429910 -0.005406
v -0.070592 0.443750 -0.056875
v -0.066478 0.435000 -0.015000
v -0.066891 0.449989 -0.037719
v -0.072540 0.470000 -0.102500
v -0.066453 0.468643 -0.062539
v -0.062228 0.481851 -0.036879
v -0.055554 0.475000 -0.011272
v 0.013044 -1.226889 0.620116
v 0.012208 -1.230073 0.635000
v 0.009970 -1.226067 0.646234
v 0.020963 -1.208910 0.601226
v 0.008524 -1.204895 0.577603
v 0.025215 -1.191172 0.557214
v 0.010969 -1.185153 0.545242
v 0.011922 -1.177634 0.533060
v 0.008992 -1.160809 0.520200
v 0.013516 -1.134075 0.513626
v 0.027648 -1.203631 0.649365
v 0.024342 -1.204043 0.605679
v 0.032890 -1.208764 0.625200
v 0.035269 -1.195671 0.601111
v 0.038985 -1.188306 0.582500
v 0.040000 -1.173530 0.536355
v 0.037749 -1.147074 0.518642
v 0.049153 -1.188918 0.617606
v 0.049002 -1.183955 0.641409
v 0.052521 -1.176191 0.550299
v 0.047307 -1.179211 0.570000
v 0.052088 -1.176542 0.579998
v 0.053738 -1.155364 0.526577
v 0.055562 -1.175581 0.600425
v 0.057076 -1.165911 0.532934
v 0.060000 -1.137113 0.519496
v 0.050994 -1.109861 0.511813
v 0.063035 -1.168911 0.615417
v 0.060912 -1.166021 0.636150
v 0.065013 -1.165008 0.545208
v 0.066708 -1.154916 0.577764
v 0.062945 -1.162781 0.595000
v 0.057005 -1.165000 0.647282
v 0.059830 -1.135570 0.646724
v 0.070163 -1.150000 0.540000
v 0.070318 -1.147978 0.558750
v 0.071009 -1.142109 0.603437
v 0.076571 -1.126011 0.537500
v 0.076901 -1.122500 0.523043
v 0.073525 -1.108152 0.560466
v 0.072627 -1.109375 0.583594
v 0.179054 0.514742 0.397049
v 0.179384 0.536245 0.376424
v 0.186049 0.529033 0.364385
v 0.183792 0.540928 0.350000
v 0.192548 0.512255 0.351758
v 0.202629 0.491821 0.330282
v 0.025077 -0.154525 -0.549810
v 0.029996 -0.150000 -0.565000
v 0.039375 -0.152188 -0.569796
v 0.032444 -0.154991 -0.521545
v 0.036208 -0.126851 -0.562184
v 0.030511 -0.127057 -0.555000
v 0.029950 -0.119026 -0.541310
v 0.034728 -0.128750 -0.511408
v 0.037680 -0.093322 -0.526196
v 0.050422 -0.131566 -0.568471
v 0.045280 -0.120000 -0.499368
v 0.045356 -0.103293 -0.556490
v 0.039971 -0.100000 -0.505000
v 0.045176 -0.101166 -0.495080
v 0.044315 -0.092484 -0.546384
v 0.053162 -0.145458 -0.495281
v 0.062500 -0.105000 -0.559465
v 0.063125 -0.084616 -0.547720
v 0.050639 -0.079666 -0.497500
v 0.054814 -0.072361 -0.530086
v 0.063159 -0.066315 -0.514464
v 0.065000 -0.156307 -0.575311
v 0.068089 -0.161275 -0.484815
v 0.065000 -0.125000 -0.566562
v 0.077500 -0.118447 -0.562155
v 0.065078 -0.065115 -0.493916
v 0.082807 -0.149054 -0.570506
v 0.078750 -0.060176 -0.496250
v 0.086397 -0.089698 -0.550921
v 0.090138 -0.065915 -0.517192
v 0.103166 -0.125753 -0.564626
v 0.100062 -0.095771 -0.554544
v 0.102552 -0.073887 -0.536535
v 0.095000 -0.061200 -0.490000
v 0.107091 -0.068494 -0.513758
v 0.114389 -0.158961 -0.577207
v 0.115000 -0.082739 -0.547287
v 0.121870 -0.148009 -0.498525
v 0.123854 -0.125563 -0.565953
v 0.120280 -0.115000 -0.485000
v 0.124296 -0.100139 -0.556972
v 0.125383 -0.106724 -0.489834
v 0.130650 -0.089592 -0.545605
v 0.122497 -0.084726 -0.492247
v 0.123914 -0.077633 -0.530000
v 0.127006 -0.080372 -0.515000
v 0.137104 -0.149777 -0.574615
v 0.138441 -0.112281 -0.556728
v 0.133456 -0.097432 -0.509838
v 0.136787 -0.092007 -0.532500
v 0.145719 -0.144282 -0.565422
v 0.141983 -0.156000 -0.525490
v 0.142093 -0.124900 -0.521201
v 0.139786 -0.115000 -0.515000
v 0.141838 -0.105000 -0.537500
v 0.149602 -0.157500 -0.553125
v 0.149339 -0.136875 -0.548750
v 0.147668 -0.120000 -0.542500
v -0.253907 0.397141 0.170375
v -0.254296 0.409602 0.195578
v -0.256501 0.440833 0.175172
v -0.252093 0.438750 0.212300
v -0.246681 0.344091 0.193076
v -0.251280 0.359531 0.158594
v -0.252635 0.373125 0.190000
v -0.250421 0.382500 0.208750
v -0.246190 0.385661 0.225904
v -0.246507 0.431250 0.237170
v -0.244334 0.452415 0.242968
v -0.245303 0.459196 0.166250
v -0.241702 0.463636 0.196875
v -0.236369 0.332680 0.173738
v -0.238282 0.324432 0.205469
v -0.242200 0.353203 0.233906
v -0.233804 0.333464 0.266100
v -0.237528 0.368125 0.272697
v -0.231213 0.387689 0.291383
v -0.238016 0.415801 0.265496
v -0.231066 0.452975 0.276059
v -0.234987 0.472448 0.218868
v -0.238347 0.466200 0.250000
v -0.229839 0.479910 0.172459
v -0.227330 0.485647 0.197513
v -0.235396 0.475568 0.232490
v -0.216640 0.328599 0.302397
v -0.226951 0.351250 0.300364
v -0.226659 0.402655 0.301377
v -0.228243 0.424397 0.293153
v -0.225350 0.440617 0.293886
v -0.229855 0.465226 0.272607
v -0.222508 0.481969 0.263268
v -0.226166 0.485852 0.233796
v -0.216078 0.348513 0.319787
v -0.218354 0.370000 0.320000
v -0.221581 0.390000 0.319375
v -0.223032 0.395000 0.325000
v -0.219659 0.414439 0.324375
v -0.217389 0.431356 0.330339
v -0.217906 0.450000 0.307078
v -0.218921 0.471409 0.295477
v -0.211188 0.463125 0.322500
v -0.207491 0.490719 0.307789
v 0.169209 0.578254 0.091895
v 0.171291 0.571257 0.117500
v 0.169994 0.570067 0.136092
v 0.170061 0.582279 0.075000
v 0.169903 0.592919 0.013580
v 0.165383 0.605411 0.006817
v 0.186091 0.557436 0.104609
v 0.178105 0.575000 0.000000
v 0.187220 0.563663 0.011146
v 0.191482 0.560945 0.063979
v 0.194701 0.554858 0.086139
v 0.201968 0.548163 0.102218
v 0.200145 0.547201 0.171619
v 0.209557 0.534602 0.044014
v 0.211345 0.538603 0.122830
v 0.206020 0.546088 0.085000
v 0.214261 0.523021 0.021124
v 0.216704 0.536617 0.143297
v 0.225535 0.506265 0.023929
v 0.222014 0.522014 0.076619
v 0.219287 0.530177 0.106497
v 0.233161 0.512083 0.170560
v 0.236531 0.497726 0.064054
v 0.238235 0.503659 0.110156
v 0.243550 0.494380 0.091947
v 0.172112 0.552245 0.282813
v 0.171767 0.564357 0.182500
v 0.174737 0.561721 0.212178
v 0.167569 0.560959 0.319849
v 0.155257 0.573210 0.207119
v 0.188377 0.531736 0.285967
v 0.199129 0.513752 0.305966
v 0.215793 0.516330 0.234922
v 0.206721 0.530741 0.223030
v 0.210547 0.533226 0.205000
v 0.222719 0.493487 0.267042
v 0.237355 0.499603 0.222536
v 0.177758 -0.629812 0.330180
v 0.172790 -0.634325 0.450752
v 0.172926 -0.630303 0.469511
v 0.170830 -0.631332 0.487142
v 0.174529 -0.615000 0.472908
v 0.173140 -0.595481 0.492737
v 0.174249 -0.519052 0.469947
v 0.166565 -0.490634 0.465000
v 0.175783 -0.483647 0.432406
v 0.173060 -0.464252 0.428832
v 0.178477 -0.638067 0.355429
v 0.183507 -0.633178 0.374531
v 0.180535 -0.638983 0.415169
v 0.182076 -0.615622 0.424875
v 0.176451 -0.615000 0.460000
v 0.180149 -0.591618 0.461805
v 0.183863 -0.567420 0.459729
v 0.173342 -0.569727 0.496510
v 0.184882 -0.552489 0.460487
v 0.182419 -0.526669 0.451995
v 0.179408 -0.505000 0.450000
v 0.182641 -0.496485 0.412215
v 0.180412 -0.476498 0.403653
v 0.190444 -0.610014 0.365317
v 0.191708 -0.605973 0.333278
v 0.189981 -0.602187 0.394062
v 0.192789 -0.590000 0.388750
v 0.192951 -0.582430 0.371487
v 0.189832 -0.583750 0.422500
v 0.193842 -0.572719 0.381489
v 0.191665 -0.567846 0.407283
v 0.189926 -0.549221 0.428709
v 0.190625 -0.519567 0.422972
v 0.192127 -0.505492 0.382681
v 0.192495 -0.490403 0.370491
v 0.195178 -0.486311 0.352427
v 0.187451 -0.477500 0.385000
v 0.195613 -0.465733 0.351138
v 0.198769 -0.575000 0.350000
v 0.199899 -0.553750 0.373437
v 0.199672 -0.519375 0.359375
v 0.197878 -0.530625 0.395625
v 0.197269 -0.509375 0.322344
v 0.196383 -0.477845 0.322173
v -0.151710 -0.780186 0.797967
v -0.154497 -0.769660 0.705609
v -0.150375 -0.772500 0.730000
v -0.155000 -0.781404 0.730000
v -0.152863 -0.773923 0.757305
v -0.150562 -0.758674 0.639949
v -0.153866 -0.759835 0.677268
v -0.155000 -0.773082 0.685000
v -0.145729 -0.759382 0.761035
v -0.144964 -0.768460 0.810056
v -0.151047 -0.755000 0.720000
v -0.146363 -0.750169 0.735440
v -0.144647 -0.756164 0.782500
v -0.154734 -0.745000 0.714056
v -0.146709 -0.740317 0.724741
v -0.145883 -0.744089 0.755779
v -0.151708 -0.727365 0.646250
v -0.154171 -0.728475 0.672813
v -0.152068 -0.727500 0.702500
v -0.153516 -0.735000 0.715000
v -0.144347 -0.732577 0.745345
v -0.146345 -0.713255 0.715417
v -0.154928 -0.712648 0.655406
v -0.154632 -0.715000 0.683939
v -0.145000 -0.715000 0.731347
v -0.154690 -0.705000 0.645000
v -0.152413 -0.703971 0.672552
v -0.151018 -0.689375 0.660625
v -0.147113 -0.677565 0.682242
v -0.145225 -0.694617 0.715768
v -0.149953 -0.657036 0.637756
v -0.139384 -0.755000 0.765000
v -0.138998 -0.751066 0.790000
v -0.135993 -0.751548 0.807557
v -0.135000 -0.746929 0.763962
v -0.135000 -0.751766 0.775000
v -0.141325 -0.735000 0.735000
v -0.142654 -0.725000 0.735000
v -0.138749 -0.724723 0.745291
v -0.134614 -0.715078 0.734964
v -0.126738 -0.697793 0.728844
v -0.135000 -0.695000 0.721639
v -0.138868 -0.685000 0.712022
v -0.134712 -0.668037 0.690438
v -0.134678 -0.675103 0.706409
v -0.134625 -0.674626 0.717244
v -0.136303 -0.647229 0.660634
v -0.123537 -0.755076 0.775215
v -0.123270 -0.745142 0.764843
v -0.125000 -0.753262 0.785000
v -0.125000 -0.754264 0.795000
v -0.126019 -0.744709 0.804756
v -0.125390 -0.730176 0.749909
v -0.122124 -0.708371 0.736693
v -0.125000 -0.685000 0.720233
v -0.122116 -0.676721 0.714834
v -0.124969 -0.655038 0.684974
v -0.126594 -0.623244 0.669130
v -0.115000 -0.751424 0.775000
v -0.115000 -0.744097 0.765846
v -0.115000 -0.752081 0.785000
v -0.112837 -0.746024 0.795000
v -0.115000 -0.744760 0.803590
v -0.110700 -0.732662 0.762045
v -0.110397 -0.713790 0.752980
v -0.113427 -0.665688 0.704241
v -0.114510 -0.656442 0.694336
v -0.116937 -0.637500 0.688729
v -0.104850 -0.745879 0.774833
v -0.104649 -0.746371 0.786025
v -0.105061 -0.731107 0.796204
v -0.104932 -0.735000 0.785162
v -0.102405 -0.735939 0.807473
v -0.105206 -0.724190 0.765378
v -0.102427 -0.698050 0.746601
v -0.105098 -0.684477 0.735119
v -0.104021 -0.675772 0.723900
v -0.104603 -0.665000 0.713641
v -0.106498 -0.655000 0.705000
v -0.104377 -0.639201 0.704231
v -0.103735 -0.640305 0.723991
v -0.103622 -0.640192 0.735014
v -0.100977 -0.735000 0.775000
v -0.100134 -0.725000 0.775000
v -0.101418 -0.716250 0.783750
v -0.098898 -0.719786 0.805217
v -0.099420 -0.707500 0.762500
v -0.098035 -0.695613 0.785349
v -0.089791 -0.705473 0.799756
v -0.096532 -0.688171 0.767150
v -0.100064 -0.685000 0.745000
v -0.101710 -0.661250 0.727500
v -0.099502 -0.660625 0.751603
v -0.095436 -0.640317 0.751220
v -0.103051 -0.635000 0.715000
v -0.088191 -0.686562 0.797055
v -0.091731 -0.670000 0.775000
v -0.094856 -0.665000 0.765000
v -0.087567 -0.663548 0.795622
v -0.089463 -0.655000 0.775000
v -0.090327 -0.655000 0.785000
v -0.085000 -0.653573 0.787722
v -0.084437 -0.646421 0.774697
v -0.085522 -0.634122 0.765463
v -0.069385 -0.677497 0.808129
v -0.074106 -0.660288 0.796727
v -0.075000 -0.650091 0.785000
v -0.070000 -0.645367 0.781536
v -0.055046 -0.647912 0.797708
v -0.069958 -0.636477 0.772848
v -0.055793 -0.654843 0.805264
v -0.050735 -0.645352 0.784353
v -0.046303 -0.634171 0.772774
v -0.026945 -0.638806 0.790608
v 0.005000 -0.638035 0.795535
v -0.145493 -0.318437 0.471356
v -0.148293 -0.259062 0.465309
v -0.152944 -0.237059 0.457769
v -0.147906 -0.222298 0.454146
v -0.150261 -0.203414 0.450193
v -0.154665 -0.175177 0.437780
v -0.136379 -0.308507 0.477507
v -0.127849 -0.273603 0.480023
v -0.123633 -0.249022 0.478029
v -0.131344 -0.227314 0.467246
v -0.132057 -0.204388 0.462722
v -0.135692 -0.180350 0.455454
v -0.135000 -0.165000 0.451424
v -0.119622 -0.232308 0.472922
v -0.120748 -0.173585 0.458570
v -0.099490 -0.197517 0.471459
v -0.108750 -0.188495 0.467409
v -0.092319 -0.219796 0.483705
v -0.083677 -0.175788 0.464193
v -0.069687 -0.175314 0.478063
v -0.072400 -0.165000 0.462976
v -0.044452 0.822040 0.981446
v -0.047673 0.837672 0.961245
v -0.044948 0.833134 1.009190
v -0.041815 0.847497 1.001330
v -0.041603 0.804375 1.000625
v -0.040982 0.811692 1.036275
v -0.035132 0.811924 1.082866
v -0.035526 0.797568 1.084942
v -0.041023 0.840000 1.025000
v -0.034250 0.875966 0.948918
v -0.030365 0.821250 1.083750
v -0.026007 0.801850 1.109785
v -0.022576 0.833455 1.094460
v -0.030809 0.843758 1.058457
v -0.025461 0.850441 1.071053
v -0.028683 0.864806 1.039228
v -0.030612 0.875000 1.000000
v -0.024327 0.873803 1.023257
v -0.019848 0.883035 0.977841
v -0.017974 0.818855 1.115000
v -0.013803 0.843721 1.094152
v -0.003316 0.854629 1.081115
v -0.007651 0.873584 1.040245
v -0.007500 0.878105 1.020000
v -0.009565 0.885989 0.967500
v -0.003398 0.835472 1.111692
v -0.005000 0.868922 1.055000
v 0.012420 0.836459 1.116341
v 0.009764 0.853410 1.095034
v 0.012812 0.873616 1.050275
v 0.010866 0.883550 0.985524
v 0.010000 0.880246 1.011250
v 0.013750 0.887164 0.964375
v 0.015000 0.200000 0.510567
v 0.015000 0.223750 0.511055
v 0.022500 0.261250 0.508341
v 0.026978 0.292182 0.509990
v 0.042109 0.248828 0.507281
v 0.043725 0.321250 0.506278
v 0.045000 0.175000 0.502453
v 0.048653 0.188821 0.505208
v 0.046980 0.275000 0.505562
v 0.055341 0.227313 0.505059
v 0.061168 0.274771 0.497393
v 0.059973 0.297941 0.497313
v 0.055601 0.309189 0.504915
v 0.058612 0.329375 0.495812
v 0.068673 0.209221 0.493380
v 0.072634 0.231724 0.491394
v 0.064747 0.251823 0.494702
v 0.072442 0.186250 0.494179
v 0.074856 0.268965 0.484865
v 0.077257 0.308125 0.479240
v 0.085823 0.191875 0.486878
v 0.094721 0.193395 0.481077
v 0.254779 -0.634907 0.709869
v 0.253687 -0.634799 0.727164
v 0.255914 -0.636087 0.681250
v 0.266803 -0.634429 0.677715
v 0.264898 -0.633447 0.702458
v 0.262092 -0.639049 0.725000
v -0.148193 0.502324 -0.183074
v -0.150521 0.534803 -0.202199
v -0.147730 0.567834 -0.217315
v -0.143541 0.600020 -0.227789
v -0.150262 0.591154 -0.191507
v -0.141680 0.604614 -0.189770
v -0.133965 0.515432 -0.204662
v -0.134756 0.536673 -0.219383
v -0.137818 0.555966 -0.229001
v -0.141301 0.580000 -0.237500
v -0.138245 0.601184 -0.258692
v -0.139381 0.595000 -0.165000
v -0.135766 0.622389 -0.207765
v -0.134263 0.625579 -0.257831
v -0.135581 0.631108 -0.230000
v -0.120595 0.506694 -0.197851
v -0.121437 0.532990 -0.222213
v -0.124854 0.561704 -0.249618
v -0.130993 0.580364 -0.274271
v -0.130892 0.603604 -0.328207
v -0.131219 0.616388 -0.280811
v -0.128821 0.622446 -0.186909
v -0.128394 0.642403 -0.252302
v -0.131801 0.635000 -0.240000
v -0.128916 0.635204 -0.207414
v -0.126362 0.653651 -0.227153
v -0.115719 0.486180 -0.174385
v -0.115422 0.554857 -0.245379
v -0.115000 0.562102 -0.310000
v -0.117067 0.564252 -0.283125
v -0.119432 0.638750 -0.181250
v -0.115498 0.645936 -0.169978
v -0.101364 0.523413 -0.202794
v -0.103268 0.548024 -0.231464
v -0.099978 0.563625 -0.302590
v -0.102579 0.561538 -0.261845
v -0.088052 0.498046 -0.164815
v -0.085171 0.570758 -0.244924
v -0.089910 0.571509 -0.284603
v -0.080173 0.564438 -0.228287
v -0.080499 0.573841 -0.307707
v -0.076778 0.580860 -0.259225
v -0.074703 0.533189 -0.194343
v -0.065035 0.560018 -0.209973
v -0.068432 0.585551 -0.315859
v -0.064216 0.579017 -0.230074
v -0.062067 0.642744 -0.167268
v -0.058898 0.562611 -0.197073
v -0.055938 0.585297 -0.189500
v -0.060498 0.602392 -0.300469
v -0.056938 0.599719 -0.246245
v -0.056191 0.614113 -0.276037
v -0.058035 0.621832 -0.187416
v -0.058645 0.630000 -0.313750
v -0.056851 0.635000 -0.295000
v -0.054016 0.643359 -0.268101
v -0.051315 0.598750 -0.210469
v -0.050036 0.610000 -0.225000
v -0.050823 0.621875 -0.259062
v -0.049113 0.645625 -0.218750
v -0.049969 0.645000 -0.235000
v -0.142970 0.570588 0.173775
v -0.152149 0.565924 0.290727
v -0.145055 0.571296 0.210938
v -0.151909 0.571773 0.270000
v -0.141786 0.577460 0.321351
v -0.138251 0.578631 0.243653
v -0.130254 0.586537 0.264219
v -0.134670 0.584849 0.280526
v -0.118650 0.587692 0.187953
v -0.120799 0.592889 0.255000
v -0.120562 0.591900 0.318342
v -0.115737 0.591544 0.209531
v -0.105822 0.603678 0.286875
v -0.091553 0.592563 0.180110
v -0.099365 0.601802 0.220000
v -0.101796 0.601245 0.239651
v -0.101204 0.603731 0.310000
v -0.100789 0.602116 0.329477
v -0.087174 0.601885 0.202631
v -0.090401 0.612522 0.268315
v -0.080000 0.611631 0.223381
v -0.079952 0.614953 0.241875
v -0.077106 0.618827 0.311250
v -0.068807 0.625069 0.277434
v -0.067481 0.606906 0.207169
v -0.058917 0.622943 0.246922
v -0.059141 0.622404 0.324525
v -0.054035 0.601183 0.190939
v -0.045645 0.613830 0.207650
v -0.046003 0.630214 0.299499
v -0.039998 0.622315 0.224590
v -0.042293 0.624799 0.333415
v -0.035000 0.631660 0.260000
v -0.028750 0.632962 0.279958
v -0.033200 0.631393 0.305474
v -0.015848 0.610218 0.180689
v -0.016139 0.618947 0.210033
v -0.019837 0.625677 0.223815
v -0.025000 0.631663 0.252500
v -0.009373 0.625535 0.242713
v 0.002500 0.611705 0.198613
v 0.002859 0.620891 0.324177
v -0.005000 0.625787 0.277500
v -0.102621 0.645442 -0.367659
v -0.101042 0.654180 -0.342988
v -0.103270 0.660531 -0.315767
v -0.095000 0.650282 -0.360000
v -0.095000 0.660351 -0.330000
v -0.079828 0.643454 -0.370151
v -0.081010 0.654702 -0.345800
v -0.085000 0.661865 -0.329511
v -0.085000 0.668651 -0.310000
v -0.069732 0.638051 -0.351286
v -0.072854 0.658381 -0.322356
v -0.064071 0.644304 -0.320134
v -0.068028 0.655000 -0.315000
v 0.177411 0.507818 -0.089281
v 0.171859 0.524737 -0.109267
v 0.169473 0.555138 -0.126266
v 0.173929 0.592500 -0.133518
v 0.167800 0.604375 -0.146250
v 0.163774 0.610000 -0.153758
v 0.173768 0.603119 -0.056064
v 0.173300 0.600803 -0.028041
v 0.174066 0.615000 -0.132834
v 0.176495 0.609958 -0.065039
v 0.167260 0.621740 -0.058594
v 0.167834 0.615069 -0.037354
v 0.170685 0.628668 -0.087806
v 0.173073 0.629011 -0.118672
v 0.165835 0.636244 -0.079413
v 0.183771 0.533358 -0.099824
v 0.181960 0.550000 -0.113062
v 0.180128 0.583125 -0.121846
v 0.179943 0.580000 -0.020000
v 0.184146 0.588534 -0.064940
v 0.185272 0.574897 -0.037884
v 0.182864 0.602112 -0.104212
v 0.191855 0.486250 -0.059421
v 0.190642 0.507524 -0.066236
v 0.197037 0.522500 -0.055066
v 0.192317 0.549091 -0.055804
v 0.188432 0.566875 -0.098750
v 0.190003 0.569688 -0.074063
v 0.201552 0.482277 -0.039597
v 0.202950 0.510537 -0.040399
v 0.204187 0.529954 -0.030807
v 0.192114 0.554311 -0.016620
v 0.212844 0.490938 -0.015863
v 0.210784 0.525000 -0.010000
v 0.217352 0.515000 -0.005000
v -0.116772 0.659335 -0.268082
v -0.115692 0.662488 -0.195626
v -0.116514 0.669248 -0.239447
v -0.118053 0.669795 -0.212386
v -0.115883 0.675000 -0.225000
v -0.108893 0.660650 -0.296995
v -0.105839 0.659728 -0.175819
v -0.103863 0.676686 -0.257173
v -0.103005 0.684532 -0.227881
v -0.103281 0.684259 -0.208517
v -0.096327 0.676819 -0.275129
v -0.095238 0.679099 -0.189911
v -0.091161 0.683633 -0.255464
v -0.095000 0.687657 -0.235000
v -0.090000 0.691098 -0.206168
v -0.078564 0.677116 -0.272500
v -0.085000 0.681168 -0.265000
v -0.085000 0.686404 -0.193418
v -0.080000 0.688574 -0.235000
v -0.085000 0.693891 -0.222885
v -0.086732 0.695770 -0.215000
v -0.074183 0.670356 -0.179572
v -0.073024 0.667371 -0.298072
v -0.075970 0.683661 -0.252501
v -0.075642 0.683944 -0.195659
v -0.077658 0.693057 -0.215000
v -0.075000 0.689713 -0.205000
v -0.065635 0.653346 -0.302563
v -0.060609 0.657178 -0.267829
v -0.060817 0.659377 -0.185645
v -0.062510 0.672560 -0.239190
v -0.053364 0.659925 -0.232021
v -0.054947 0.665069 -0.204852
v -0.057120 0.671838 -0.210000
v -0.051149 0.655000 -0.210000
v -0.176293 0.012828 0.375136
v -0.172711 -0.002187 0.398012
v -0.177715 0.027620 0.323562
v -0.173869 0.043039 0.350391
v -0.173792 0.081147 0.361525
v -0.174997 0.102513 0.340974
v -0.173879 0.091405 0.377450
v -0.175715 0.113771 0.390115
v -0.174619 0.126196 0.372960
v -0.177257 0.122070 0.319357
v -0.177529 0.133437 0.349301
v -0.174390 0.150269 0.399618
v -0.179784 0.162503 0.334636
v -0.175862 0.174316 0.398414
v -0.173958 0.159430 0.415361
v -0.165258 0.010767 0.405092
v -0.171914 0.025000 0.395000
v -0.167757 0.037500 0.403401
v -0.170831 0.050000 0.375000
v -0.158109 0.037366 0.417698
v -0.167000 0.071406 0.413484
v -0.171261 0.075000 0.390000
v -0.173044 0.080000 0.400000
v -0.170442 0.101875 0.410000
v -0.159019 0.102543 0.424519
v -0.170114 0.120000 0.405000
v -0.172886 0.130000 0.392500
v -0.165968 0.133750 0.425442
v -0.172614 0.137500 0.410000
v -0.173761 0.150000 0.365000
v -0.174297 0.162215 0.375000
v -0.155245 0.024636 0.415283
v -0.149128 0.055968 0.423894
v -0.147718 -0.122424 -0.001280
v -0.147760 -0.083989 0.023970
v -0.149325 -0.053360 0.060666
v -0.150274 -0.034418 0.083075
v -0.154843 -0.016427 0.105356
v -0.144921 -0.005047 0.095046
v -0.151050 0.002962 0.106637
v -0.133273 -0.095744 0.008450
v -0.126733 -0.071756 0.023909
v -0.132412 -0.059834 0.032591
v -0.140833 -0.055000 0.045000
v -0.132910 -0.041412 0.045415
v -0.135084 -0.039599 0.060163
v -0.135394 -0.017642 0.079690
v -0.122500 -0.040000 0.041570
v -0.129241 -0.035000 0.055000
v -0.129777 -0.025000 0.055000
v -0.127762 -0.020000 0.065000
v -0.125382 -0.012792 0.054735
v -0.130248 -0.015000 0.075000
v -0.124531 0.001877 0.062738
v -0.124081 0.004377 0.077870
v -0.125000 0.005000 0.070171
v -0.109995 -0.020602 0.044303
v -0.100791 -0.035000 0.036734
v -0.099991 0.005332 0.052561
v -0.089842 -0.025501 0.032927
v -0.091359 -0.062665 0.009535
v -0.060269 0.001465 0.031917
v -0.073785 -0.036661 0.017596
v -0.052134 -0.045749 0.002560
v -0.060285 -0.022376 0.018289
v -0.027419 -0.017421 0.009230
v -0.010781 -0.021908 0.005070
v 0.174784 -0.106013 0.006836
v 0.177757 -0.102923 0.032973
v 0.165573 -0.084468 0.034673
v 0.166797 -0.071216 0.046536
v 0.169436 -0.065590 0.061024
v 0.170020 -0.050003 0.070582
v 0.164577 -0.016935 0.088499
v 0.179556 -0.029254 0.105273
v 0.173525 -0.015742 0.119162
v 0.162884 0.007413 0.128830
v 0.182117 -0.129960 0.009728
v 0.183412 -0.119968 0.018165
v 0.185306 -0.091934 0.053022
v 0.185305 -0.064561 0.074310
v 0.181128 -0.041542 0.092751
v 0.184130 -0.025514 0.127077
v 0.178387 0.014193 0.143322
v 0.187095 -0.150011 0.013575
v 0.197269 -0.144454 0.035215
v 0.193341 -0.122839 0.038640
v 0.197055 -0.107636 0.060267
v 0.196480 -0.080755 0.075000
v 0.202150 -0.080461 0.090625
v 0.191740 -0.062246 0.092306
v 0.190619 -0.007983 0.144320
v 0.204782 -0.122864 0.057006
v 0.212200 -0.106172 0.084211
v 0.211525 -0.088485 0.106049
v 0.203101 -0.057268 0.121898
v 0.202588 -0.028739 0.147492
v 0.206344 -0.029155 0.160022
v 0.197958 0.002109 0.165959
v 0.213086 -0.156241 0.058314
v 0.214408 -0.067929 0.134863
v 0.215616 -0.070822 0.170421
v 0.208808 -0.050000 0.165000
v 0.216094 -0.060000 0.155527
v 0.228570 -0.154322 0.086104
v 0.222053 -0.129678 0.082193
v 0.223261 -0.115000 0.097376
v 0.226698 -0.110003 0.105004
v 0.226230 -0.102291 0.115000
v 0.223615 -0.095182 0.129620
v 0.224410 -0.099225 0.152924
v 0.217721 -0.078750 0.150000
v 0.218496 -0.085000 0.165000
v 0.233108 -0.137451 0.099409
v 0.236466 -0.123048 0.125795
v 0.231943 -0.117406 0.150217
v 0.225871 -0.104696 0.167500
v 0.241492 -0.157500 0.114611
v 0.245526 -0.150398 0.126132
v 0.246340 -0.142521 0.156875
v 0.238093 -0.125000 0.145000
v 0.253200 -0.157181 0.154219
v -0.154874 -0.627838 0.585916
v -0.154672 -0.625000 0.595000
v -0.150051 -0.641174 0.608227
v -0.146140 -0.617494 0.607461
v -0.150817 -0.602963 0.587870
v -0.152892 -0.576165 0.568143
v -0.146666 -0.567240 0.589842
v -0.158292 -0.556875 0.550866
v -0.150325 -0.558202 0.576354
v -0.154289 -0.545000 0.565000
v -0.146524 -0.524383 0.565673
v -0.147701 -0.500433 0.539852
v -0.145216 -0.470005 0.517951
v -0.138329 -0.613706 0.623325
v -0.138023 -0.581208 0.607945
v -0.135485 -0.564513 0.606745
v -0.137635 -0.552651 0.595837
v -0.135893 -0.534588 0.585337
v -0.131635 -0.520446 0.572077
v -0.134375 -0.500342 0.549701
v -0.129174 -0.599319 0.632971
v -0.120219 -0.563904 0.618951
v -0.123702 -0.555782 0.604384
v -0.119576 -0.539970 0.599066
v -0.120792 -0.496679 0.562987
v -0.129119 -0.477250 0.539389
v -0.121182 -0.585000 0.635000
v -0.121735 -0.580000 0.640000
v -0.117127 -0.576342 0.647498
v -0.119348 -0.565000 0.625000
v -0.109378 -0.520964 0.593727
v -0.115007 -0.494988 0.565006
v -0.100157 -0.552922 0.638853
v -0.105223 -0.543992 0.619624
v -0.104109 -0.497137 0.574100
v -0.087681 -0.536914 0.629218
v -0.090626 -0.531265 0.620459
v -0.084717 -0.500888 0.597483
v -0.079952 -0.524158 0.620384
v -0.068228 -0.539526 0.646623
v -0.066900 -0.506571 0.616098
v -0.065619 -0.524507 0.635625
v -0.047808 -0.521566 0.644240
v -0.046990 -0.506706 0.625695
v -0.048555 -0.465258 0.593130
v -0.039454 -0.486233 0.612761
v -0.022369 -0.519157 0.650149
v -0.022420 -0.468717 0.603610
v -0.013113 -0.495523 0.628541
v 0.002500 -0.502819 0.637447
v -0.149847 0.023066 0.114804
v -0.152138 0.055681 0.134456
v -0.155014 0.101948 0.159101
v -0.151586 0.129383 0.151801
v -0.154300 0.159770 0.157257
v -0.143267 0.172165 0.141247
v -0.130769 0.020118 0.096575
v -0.134151 0.051591 0.106529
v -0.138290 0.073807 0.114642
v -0.131654 0.087361 0.104817
v -0.140645 0.092813 0.124052
v -0.137459 0.120980 0.124795
v -0.136576 0.151250 0.127699
v -0.124390 0.052500 0.095510
v -0.123764 0.082759 0.097040
v -0.127218 0.125939 0.113526
v -0.133512 0.135000 0.125000
v -0.122120 0.161356 0.119511
v -0.114488 0.014758 0.065732
v -0.120137 0.015000 0.075000
v -0.117003 0.030000 0.074180
v -0.116684 0.032500 0.085000
v -0.114802 0.050050 0.076605
v -0.117749 0.061165 0.084662
v -0.102633 0.117140 0.097712
v -0.108528 0.141495 0.107596
v -0.104657 0.019430 0.064502
v -0.102349 0.040101 0.071683
v -0.105000 0.060000 0.079404
v -0.096019 0.078482 0.079163
v -0.105000 0.085000 0.087932
v -0.093801 0.025000 0.056073
v -0.089150 0.048728 0.069818
v -0.093907 0.055000 0.075932
v -0.094543 0.065000 0.075352
v -0.076862 0.112046 0.084219
v -0.090853 0.154205 0.104111
v -0.088495 0.177540 0.111425
v -0.080994 0.035000 0.056472
v -0.072779 0.076585 0.069036
v -0.075721 0.127904 0.089890
v -0.069650 0.032398 0.049792
v -0.075000 0.042499 0.056702
v -0.057744 0.029829 0.042962
v -0.051990 0.076872 0.062582
v -0.062776 0.144175 0.095472
v -0.057500 0.170800 0.102953
v -0.054782 0.049440 0.053408
v -0.044621 0.123438 0.077141
v -0.034312 0.023819 0.031680
v -0.040884 0.061566 0.051607
v -0.042321 0.152747 0.092220
v -0.040654 0.170647 0.097164
v -0.026875 0.118108 0.070191
v -0.020000 0.050000 0.039101
v -0.020797 0.094198 0.057592
v -0.025000 0.135000 0.078818
v -0.017148 0.163804 0.088179
v -0.009815 0.083188 0.049994
v -0.008876 0.094779 0.055149
v -0.005067 0.137943 0.077132
v 0.002500 0.054089 0.037512
v -0.005000 0.074907 0.045033
v 0.013762 0.015291 0.021225
v 0.013750 0.165000 0.090481
v -0.138387 -0.896304 0.807186
v -0.148628 -0.881100 0.849270
v -0.146413 -0.878124 0.827500
v -0.133580 -0.891960 0.834375
v -0.125034 -0.886784 0.867134
v -0.134982 -0.873150 0.877876
v -0.128750 -0.836250 0.889079
v -0.115739 -0.896520 0.843211
v -0.117500 -0.872500 0.880159
v -0.119731 -0.860675 0.883680
v -0.115937 -0.816719 0.889435
v -0.119313 -0.788009 0.886566
v -0.116929 -0.928444 0.805759
v -0.103089 -0.881052 0.877878
v -0.102558 -0.911003 0.836085
v -0.100035 -0.856694 0.883909
v -0.098125 -0.841250 0.887609
v -0.084976 -0.941630 0.834097
v -0.095000 -0.886959 0.876469
v -0.084682 -0.808775 0.888160
v -0.087148 -0.916472 0.847341
v -0.078999 -0.903779 0.872520
v -0.078704 -0.880306 0.882340
v -0.074604 -0.834688 0.889834
v -0.077193 -0.929531 0.852336
v -0.072717 -0.920616 0.865127
v -0.061721 -0.951313 0.849682
v -0.063916 -0.929507 0.866139
v -0.060625 -0.875313 0.888176
v -0.065000 -0.815000 0.891501
v -0.048184 -0.928496 0.874640
v -0.049492 -0.896758 0.889046
v -0.054540 -0.849825 0.893087
v -0.040823 -0.837364 0.896907
v -0.051159 -0.795582 0.894541
v -0.049431 -0.944231 0.865479
v -0.040221 -0.861022 0.894519
v -0.034899 -0.928347 0.882878
v -0.016250 -0.909062 0.889316
v -0.009219 -0.880586 0.892128
v -0.007500 -0.955000 0.879079
v -0.008679 -0.857341 0.896475
v -0.008672 -0.824446 0.898197
v 0.013750 -0.936493 0.883665
v 0.015469 -0.903281 0.889983
v -0.212439 0.342553 0.352407
v -0.216172 0.360724 0.347172
v -0.214026 0.345881 0.370000
v -0.215642 0.360419 0.377166
v -0.212815 0.376621 0.357404
v -0.215644 0.421204 0.346381
v -0.210605 0.345000 0.335000
v -0.203601 0.338300 0.380299
v -0.211122 0.355000 0.385000
v -0.200676 0.353475 0.404336
v -0.209417 0.370000 0.385000
v -0.207651 0.371125 0.397396
v -0.210715 0.375000 0.375000
v -0.205869 0.386922 0.395000
v -0.213038 0.400000 0.350524
v -0.205422 0.419375 0.368123
v -0.208394 0.441042 0.352893
v -0.195117 0.324833 0.340000
v -0.196206 0.323504 0.362500
v -0.194945 0.327918 0.391436
v -0.184643 0.335228 0.422096
v -0.190252 0.387109 0.425247
v -0.201492 0.403750 0.387500
v -0.200815 0.404375 0.400000
v -0.200826 0.425625 0.391250
v -0.194673 0.422867 0.419288
v -0.196236 0.439473 0.410529
v -0.202540 0.467773 0.348046
v -0.198027 0.451686 0.387441
v -0.196283 0.480498 0.375506
v -0.185293 0.324727 0.405727
v -0.187512 0.357500 0.429548
v -0.184074 0.365000 0.434136
v -0.186562 0.451114 0.417420
v -0.189709 0.470126 0.399397
v -0.180856 0.325000 0.425000
v -0.172543 0.335551 0.437519
v -0.170450 0.365312 0.444917
v -0.170455 0.381875 0.445153
v -0.168970 0.423514 0.442080
v -0.172733 0.446236 0.433920
v -0.154266 0.341137 0.454645
v -0.161839 0.484509 0.425579
v -0.152055 0.387035 0.458137
v -0.151486 0.433847 0.453533
v -0.154834 0.463615 0.441901
v -0.144292 0.423304 -0.538512
v -0.145270 0.424584 -0.523962
v -0.149309 0.440434 -0.540378
v -0.147344 0.455000 -0.557008
v -0.154020 0.455043 -0.518933
v -0.146399 0.468668 -0.562219
v -0.150845 0.469503 -0.503899
v -0.134334 0.404882 -0.536093
v -0.135000 0.419283 -0.544570
v -0.133707 0.414663 -0.524574
v -0.135441 0.424302 -0.514641
v -0.129740 0.440659 -0.563603
v -0.127063 0.441668 -0.500996
v -0.140293 0.450000 -0.500000
v -0.142544 0.465000 -0.495000
v -0.135138 0.469791 -0.486273
v -0.126028 0.467582 -0.565837
v -0.125000 0.412298 -0.535000
v -0.125000 0.418377 -0.544731
v -0.120361 0.424416 -0.514356
v -0.118964 0.459391 -0.486408
v -0.114896 0.416415 -0.537625
v -0.109992 0.437854 -0.564516
v -0.105580 0.404799 -0.536556
v -0.105000 0.415933 -0.543985
v -0.105000 0.414625 -0.520670
v -0.113603 0.420000 -0.520000
v -0.105000 0.423951 -0.556203
v -0.105000 0.433307 -0.503478
v -0.097555 0.458621 -0.566019
v -0.100455 0.444765 -0.494903
v -0.105000 0.465000 -0.481971
v -0.093540 0.416772 -0.537540
v -0.093630 0.414330 -0.523949
v -0.093960 0.424575 -0.555475
v -0.095000 0.422393 -0.512750
v -0.089061 0.444767 -0.561344
v -0.094047 0.434509 -0.504575
v -0.088329 0.462314 -0.489799
v -0.089074 0.425000 -0.545000
v -0.084942 0.433012 -0.550100
v -0.082495 0.446255 -0.508206
v -0.077247 0.436676 -0.540000
v -0.073757 0.448869 -0.553356
v -0.073712 0.445558 -0.521327
v -0.069513 0.467097 -0.562469
v -0.075000 0.465000 -0.499665
v -0.064207 0.444472 -0.545439
v -0.062838 0.442260 -0.535000
v -0.061071 0.452601 -0.525000
v -0.060215 0.466857 -0.510186
v -0.054530 0.454482 -0.546355
v -0.054839 0.454865 -0.534777
v -0.053996 0.464347 -0.555488
v 0.025522 -0.640422 0.799443
v 0.040535 -0.649311 0.800636
v 0.041638 -0.629696 0.781576
v 0.061145 -0.642110 0.783432
v 0.070211 -0.654837 0.795201
v 0.073770 -0.665453 0.803750
v 0.076715 -0.637051 0.777952
v 0.084825 -0.675109 0.796474
v 0.084172 -0.661267 0.786975
v 0.085000 -0.666807 0.805000
v 0.083512 -0.645704 0.773807
v 0.085965 -0.638690 0.760377
v 0.075980 -0.635000 0.765000
v 0.088045 -0.685000 0.805000
v 0.085372 -0.675000 0.807692
v 0.102408 -0.668284 0.775514
v 0.093970 -0.643531 0.761021
v 0.104128 -0.694707 0.799390
v 0.105472 -0.658192 0.749674
v 0.104877 -0.655291 0.765000
v 0.100427 -0.645000 0.745000
v 0.105235 -0.644514 0.735561
v 0.103638 -0.645000 0.755000
v 0.101655 -0.632500 0.731602
v 0.095935 -0.634064 0.745000
v 0.115450 -0.684410 0.786330
v 0.113786 -0.675946 0.762643
v 0.115000 -0.682455 0.775000
v 0.115350 -0.670071 0.749857
v 0.116212 -0.654716 0.735169
v 0.115000 -0.645000 0.727780
v 0.114817 -0.635375 0.704413
v 0.114685 -0.635375 0.716218
v 0.120004 -0.639976 0.725113
v 0.121227 -0.726059 0.812929
v 0.125961 -0.706327 0.770612
v 0.123640 -0.691584 0.749060
v 0.124160 -0.694275 0.765386
v 0.125486 -0.694523 0.785387
v 0.121051 -0.680000 0.750000
v 0.125000 -0.685000 0.760001
v 0.125243 -0.684778 0.775276
v 0.133739 -0.678652 0.723739
v 0.125000 -0.680596 0.765000
v 0.124552 -0.664516 0.700161
v 0.124374 -0.666293 0.715000
v 0.123474 -0.660435 0.724469
v 0.121272 -0.665000 0.735000
v 0.119024 -0.650000 0.700000
v 0.123649 -0.653586 0.715000
v 0.125000 -0.655000 0.729516
v 0.121374 -0.645000 0.705000
v 0.126132 -0.645000 0.711387
v 0.119062 -0.635000 0.695000
v 0.125000 -0.636497 0.715000
v 0.133763 -0.726143 0.767985
v 0.133632 -0.727666 0.785000
v 0.133796 -0.715000 0.753696
v 0.133633 -0.705000 0.753936
v 0.127428 -0.697500 0.777500
v 0.135111 -0.694773 0.745165
v 0.133323 -0.685356 0.734577
v 0.134459 -0.675186 0.703454
v 0.134936 -0.670071 0.689638
v 0.135496 -0.655117 0.671411
v 0.132242 -0.635000 0.660593
v 0.140358 -0.752449 0.804898
v 0.144762 -0.741444 0.777973
v 0.149154 -0.730781 0.752030
v 0.145396 -0.733470 0.765000
v 0.137850 -0.705000 0.745000
v 0.144894 -0.703434 0.736701
v 0.146106 -0.689956 0.725112
v 0.145122 -0.677111 0.697646
v 0.145499 -0.663242 0.675522
v 0.147217 -0.662421 0.665000
v 0.142471 -0.642756 0.650155
v 0.155000 -0.775484 0.781241
v 0.147616 -0.768750 0.789375
v 0.155000 -0.782736 0.800000
v 0.155435 -0.765054 0.645469
v 0.150230 -0.755855 0.768546
v 0.157150 -0.764073 0.765571
v 0.154695 -0.748594 0.650243
v 0.155224 -0.721218 0.642860
v 0.152004 -0.722014 0.727530
v 0.151220 -0.703697 0.707624
v 0.151873 -0.685581 0.680765
v 0.149012 -0.685000 0.705000
v 0.154333 -0.674983 0.660113
v 0.153039 -0.665174 0.646999
v 0.165238 -0.775232 0.783882
v 0.165449 -0.774574 0.798428
v 0.162954 -0.772332 0.812317
v 0.164396 -0.767566 0.739544
v 0.160174 -0.765000 0.745000
v 0.163341 -0.768423 0.755000
v 0.165000 -0.769972 0.765000
v 0.165000 -0.769397 0.775000
v 0.167174 -0.761489 0.641250
v 0.165000 -0.763012 0.655000
v 0.170579 -0.758474 0.671396
v 0.159076 -0.754375 0.673125
v 0.165000 -0.763796 0.692500
v 0.158959 -0.746875 0.700625
v 0.165000 -0.763317 0.720000
v 0.159899 -0.750000 0.715000
v 0.156974 -0.745000 0.728750
v 0.157433 -0.755000 0.755000
v 0.157107 -0.723750 0.670000
v 0.156609 -0.702493 0.658129
v 0.173327 -0.292216 -0.013525
v 0.166610 -0.267129 -0.031075
v 0.176109 -0.265000 -0.025992
v 0.166950 -0.207171 -0.051818
v 0.174638 -0.192675 -0.039051
v 0.165202 -0.187111 -0.096409
v 0.166202 -0.169638 -0.133500
v 0.170824 -0.145000 -0.118815
v 0.181929 -0.294764 -0.002104
v 0.184463 -0.251563 -0.010226
v 0.180901 -0.187812 -0.012577
v 0.178062 -0.181250 -0.030000
v 0.178294 -0.163750 -0.041719
v 0.176411 -0.157631 -0.070312
v 0.180289 -0.147500 -0.006250
v 0.188854 -0.295011 0.010660
v 0.191395 -0.226151 0.002889
v 0.190629 -0.174926 0.002928
v 0.057594 -0.170575 -0.343179
v 0.051310 -0.165000 -0.305625
v 0.064845 -0.178985 -0.340464
v 0.065829 -0.169706 -0.375820
v 0.082752 -0.187720 -0.327686
v 0.074916 -0.174312 -0.376503
v 0.075000 -0.182343 -0.345000
v 0.073029 -0.166568 -0.403113
v 0.075000 -0.160260 -0.475000
v 0.075000 -0.159920 -0.427500
v 0.092232 -0.177689 -0.363818
v 0.085000 -0.179948 -0.355000
v 0.088993 -0.165073 -0.474878
v 0.093660 -0.167202 -0.397355
v 0.085000 -0.160772 -0.455625
v 0.095000 -0.159603 -0.420000
v 0.108489 -0.185090 -0.307445
v 0.112259 -0.177295 -0.325628
v 0.107184 -0.166577 -0.375000
v 0.115406 -0.167220 -0.360385
v 0.116621 -0.167905 -0.347500
v 0.115000 -0.160651 -0.375000
v 0.019381 0.174451 0.094782
v 0.010696 0.189988 0.097568
v 0.018663 0.227823 0.109555
v 0.000000 0.225000 0.111423
v 0.005093 0.244277 0.106608
v 0.020000 0.270000 0.109123
v 0.011553 0.284496 0.105193
v 0.004901 0.302354 0.099561
v 0.025040 0.193698 0.102088
v 0.027404 0.290519 0.097870
v 0.037511 0.194367 0.100374
v 0.037544 0.262665 0.107295
v 0.040000 0.296000 0.085796
v 0.043750 0.305000 0.081876
v 0.055081 0.167245 0.093783
v 0.047410 0.204434 0.097390
v 0.057500 0.230000 0.100005
v 0.044104 0.270000 0.103238
v 0.045000 0.285000 0.097470
v 0.063437 0.254181 0.096767
v 0.054645 0.279064 0.095484
v 0.063755 0.295608 0.085720
v 0.070000 0.315000 0.081957
v 0.081096 0.182416 0.097118
v 0.072500 0.220000 0.099397
v 0.070000 0.285000 0.092363
v 0.080000 0.209375 0.100585
v 0.083612 0.245277 0.098731
v 0.093552 0.262261 0.097577
v 0.085000 0.271122 0.094117
v 0.090000 0.287500 0.090932
v 0.092125 0.304501 0.084370
v 0.100112 0.232616 0.107563
v 0.099652 0.315441 0.083858
v 0.106910 0.211094 0.110222
v 0.105000 0.270000 0.099366
v 0.106608 0.291209 0.092424
v 0.121483 0.181166 0.110890
v 0.116767 0.267861 0.110374
v 0.115710 0.305000 0.094593
v 0.115000 0.317416 0.087801
v 0.124121 0.229391 0.115436
v 0.124880 0.278602 0.115179
v 0.124458 0.295519 0.106074
v 0.132080 0.306797 0.101366
v 0.125000 0.318899 0.085000
v 0.137413 0.191875 0.124597
v 0.136441 0.233125 0.123150
v 0.138248 0.262896 0.124968
v 0.142304 0.293424 0.118645
v 0.137463 0.314130 0.087478
v 0.149070 0.180135 0.142174
v 0.143756 0.199005 0.139342
v 0.144456 0.232359 0.145315
v 0.141207 0.254510 0.139849
v 0.145000 0.311770 0.091361
v 0.153947 0.165000 0.146547
v 0.154228 0.202699 0.155985
v 0.151999 0.260000 0.155910
v 0.147604 0.275000 0.145000
v 0.158703 0.276040 0.151217
v 0.151206 0.285000 0.135000
v 0.156636 0.315400 0.091699
v 0.160236 0.312322 0.114877
v 0.155000 0.318575 0.075000
v 0.159766 0.163750 0.160000
v 0.161686 0.188125 0.173750
v 0.159197 0.205000 0.165000
v 0.159728 0.265000 0.165000
v 0.163831 0.300396 0.130324
v 0.165000 0.320327 0.095000
v 0.060785 0.775109 -0.456084
v 0.065238 0.751303 -0.410469
v 0.063721 0.760339 -0.319219
v 0.064177 0.772685 -0.436376
v 0.064911 0.769061 -0.346094
v 0.066093 0.773623 -0.369063
v 0.062137 0.800410 -0.464671
v 0.074205 0.724538 -0.410291
v 0.074940 0.722160 -0.376055
v 0.074443 0.722529 -0.312188
v 0.071885 0.738363 -0.451800
v 0.066720 0.743772 -0.345889
v 0.071557 0.783360 -0.401562
v 0.071850 0.789840 -0.445269
v 0.071026 0.780359 -0.330937
v 0.074206 0.806034 -0.454272
v 0.085710 0.708047 -0.395941
v 0.088024 0.712591 -0.330261
v 0.083956 0.795999 -0.426875
v 0.084180 0.795858 -0.400301
v 0.084767 0.795182 -0.327263
v 0.092608 0.802139 -0.436740
v 0.102253 0.702719 -0.422255
v 0.094702 0.702401 -0.406903
v 0.100063 0.711776 -0.465405
v 0.095634 0.706521 -0.367500
v 0.095983 0.704040 -0.290409
v 0.100227 0.797414 -0.396094
v 0.100574 0.796519 -0.354375
v 0.100000 0.797442 -0.331562
v 0.104713 0.702793 -0.316875
v 0.105000 0.801406 -0.429582
v 0.118509 0.706078 -0.413750
v 0.114313 0.705928 -0.385929
v 0.114741 0.706972 -0.316106
v 0.118798 0.713332 -0.360625
v 0.113877 0.793039 -0.399944
v 0.115000 0.791116 -0.375625
v 0.113955 0.793504 -0.324413
v 0.116098 0.798083 -0.432410
v 0.124525 0.715444 -0.387212
v 0.124361 0.719706 -0.348984
v 0.123827 0.777553 -0.364194
v 0.127757 0.779392 -0.407110
v 0.119970 0.785000 -0.346250
v 0.122223 0.775951 -0.314297
v 0.131203 0.790802 -0.440153
v 0.127574 0.799183 -0.445477
v 0.132813 0.727313 -0.448281
v 0.133975 0.735764 -0.402646
v 0.131177 0.730000 -0.378750
v 0.129890 0.731250 -0.323828
v 0.130898 0.735000 -0.357500
v 0.129743 0.749375 -0.297187
v 0.135678 0.764413 -0.420503
v 0.136661 0.738125 -0.419375
v 0.138707 0.753750 -0.438750
v 0.141165 0.777500 -0.451602
v 0.145065 0.805148 -0.464772
v 0.021903 -0.660594 0.219441
v 0.012775 -0.640553 0.195000
v 0.015337 -0.645078 0.204875
v 0.015435 -0.635195 0.184629
v 0.033941 -0.736985 0.307737
v 0.037342 -0.688734 0.250922
v 0.029535 -0.639613 0.205389
v 0.039142 -0.655314 0.214776
v 0.052500 -0.738448 0.323728
v 0.034442 -0.719728 0.288930
v 0.045000 -0.714012 0.286056
v 0.054739 -0.718050 0.289989
v 0.055000 -0.703723 0.276369
v 0.071411 -0.663928 0.236281
v 0.065192 -0.649570 0.218063
v 0.065000 -0.726298 0.310773
v 0.069752 -0.710082 0.290033
v 0.085767 -0.620271 0.202609
v 0.076358 -0.732767 0.319574
v 0.075000 -0.724690 0.305271
v 0.079374 -0.681678 0.262499
v 0.086293 -0.732402 0.326626
v 0.089634 -0.709823 0.301076
v 0.088751 -0.690620 0.280944
v 0.105746 -0.723707 0.339777
v 0.096338 -0.653802 0.242393
v 0.100347 -0.639320 0.224586
v 0.101343 -0.630596 0.215092
v 0.105000 -0.707966 0.315000
v 0.111060 -0.680884 0.283507
v 0.105000 -0.650879 0.246920
v 0.105000 -0.638889 0.235000
v 0.115949 -0.666637 0.265848
v 0.123159 -0.635157 0.241199
v 0.124181 -0.674571 0.295571
v 0.131177 -0.682025 0.313047
v 0.133964 -0.649242 0.268030
v 0.157625 -0.644933 0.303470
v 0.159988 -0.630131 0.285184
v 0.160699 -0.653372 0.332500
v 0.073840 0.035634 0.470875
v 0.081854 0.067500 0.471028
v 0.080765 0.018698 0.461148
v 0.090599 0.108125 0.473822
v 0.098526 0.046750 0.455590
v 0.095663 0.073606 0.464054
v 0.094267 0.143699 0.472212
v 0.112615 0.042747 0.442620
v 0.105732 0.055000 0.454174
v 0.105638 0.082500 0.455585
v 0.105565 0.124379 0.460482
v 0.101565 0.152669 0.464980
v 0.116141 0.019802 0.431060
v 0.114823 0.044977 0.454074
v 0.115000 0.055000 0.457047
v 0.115000 0.063645 0.455000
v 0.115202 0.065495 0.446079
v 0.114571 0.076971 0.444161
v 0.117771 0.105148 0.448371
v 0.113011 0.171250 0.461316
v 0.130284 0.039334 0.427723
v 0.123340 0.060000 0.434151
v 0.116004 0.055000 0.445000
v 0.118876 0.055000 0.455000
v 0.123883 0.084265 0.435179
v 0.133891 0.141178 0.443402
v 0.137271 0.021249 0.418692
v 0.140914 0.071250 0.426783
v 0.138727 0.099316 0.432777
v 0.139473 0.118731 0.437165
v 0.149256 0.035158 0.415661
v 0.147500 0.054375 0.421610
v 0.143827 0.105000 0.434723
v 0.147195 0.159017 0.438383
v 0.156759 0.051385 0.418708
v 0.156514 0.115310 0.427466
v 0.165000 0.022500 0.409364
v 0.165000 0.045000 0.412161
v 0.167043 0.078750 0.415825
v 0.165000 0.105000 0.420487
v 0.160965 0.143437 0.428729
v -0.115736 -0.306575 0.495634
v -0.100987 -0.311875 0.503162
v -0.099737 -0.260651 0.497225
v -0.088334 -0.284270 0.509976
v -0.092830 -0.259134 0.501175
v -0.082361 -0.304531 0.512774
v -0.085000 -0.245000 0.502636
v -0.070836 -0.249956 0.512994
v -0.048447 -0.321769 0.530441
v -0.052517 -0.248691 0.522055
v -0.059556 -0.223009 0.511798
v -0.060039 -0.188713 0.495412
v -0.055784 -0.200055 0.505584
v -0.033125 -0.274979 0.530952
v -0.045000 -0.260000 0.527844
v -0.032213 -0.213869 0.521958
v -0.045743 -0.200126 0.515500
v -0.046483 -0.178971 0.505964
v -0.041730 -0.152695 0.499197
v -0.035014 -0.189945 0.516644
v -0.022904 -0.168564 0.513259
v -0.021811 -0.294101 0.537215
v -0.018750 -0.233750 0.528830
v -0.020088 -0.216540 0.525536
v -0.020000 -0.185000 0.518198
v -0.025000 -0.165000 0.507839
v -0.015000 -0.175000 0.518741
v -0.012359 -0.146989 0.507855
v -0.005733 -0.234543 0.535165
v -0.005000 -0.185000 0.522197
v 0.017561 -1.111336 0.702264
v 0.013184 -1.083431 0.719586
v 0.014169 -1.062947 0.752561
v 0.016741 -1.057641 0.790692
v 0.005000 -1.055147 0.795191
v 0.017803 -1.038353 0.814838
v 0.029511 -1.063566 0.718715
v 0.028082 -1.056672 0.740000
v 0.038037 -1.084731 0.698908
v 0.037066 -1.050907 0.723119
v 0.043059 -1.051719 0.772463
v 0.039723 -1.056237 0.785000
v 0.035000 -1.049054 0.735000
v 0.043238 -1.075000 0.690683
v 0.049816 -1.059110 0.695144
v 0.051030 -1.047400 0.712520
v 0.045723 -1.045445 0.743750
v 0.051392 -1.078819 0.673951
v 0.056212 -1.045804 0.790695
v 0.055000 -1.042078 0.725000
v 0.055255 -1.035310 0.735000
v 0.058011 -1.037244 0.751379
v 0.060000 -1.040957 0.773750
v 0.061876 -1.032747 0.804009
v 0.062517 -1.105086 0.642540
v 0.066283 -1.078249 0.638223
v 0.064176 -1.061915 0.654669
v 0.063777 -1.052335 0.677500
v 0.064508 -1.044021 0.691078
v 0.069125 -1.033422 0.720094
v 0.075340 -1.023892 0.731901
v 0.068744 -1.027360 0.752500
v 0.070642 -1.043835 0.640625
v 0.073770 -1.033825 0.673238
v 0.075128 -1.030850 0.700000
v 0.076478 -1.031340 0.793286
v 0.082603 -1.021745 0.766990
v 0.078767 -1.016762 0.657001
v 0.081129 -1.017582 0.689793
v 0.085136 -1.025331 0.783784
v 0.088502 -1.015972 0.750000
v 0.086485 -1.001123 0.800716
v 0.082294 -0.987500 0.655000
v 0.082515 -0.972500 0.642500
v 0.084964 -0.980348 0.665038
v 0.083599 -0.960000 0.659162
v 0.093515 -1.007366 0.700553
v 0.089499 -1.015000 0.775000
v 0.095476 -1.002447 0.784895
v 0.092944 -0.989089 0.680934
v 0.094596 -0.964018 0.803297
v 0.095393 -0.947500 0.670963
v 0.102508 -1.000253 0.714382
v 0.105400 -0.998268 0.743125
v 0.099908 -0.995000 0.705000
v 0.102443 -0.993197 0.772730
v 0.101624 -0.982811 0.700544
v 0.102749 -0.973907 0.690488
v 0.102901 -0.960377 0.684893
v 0.102714 -0.958829 0.791700
v 0.108028 -0.995000 0.725000
v 0.110947 -0.981512 0.720428
v 0.112503 -0.980164 0.760145
v 0.108806 -0.970000 0.775000
v 0.115165 -0.966364 0.765310
v 0.114377 -0.942416 0.698426
v 0.114613 -0.954561 0.774747
v 0.117515 -0.968750 0.738750
v 0.118782 -0.960000 0.755000
v 0.123014 -0.944907 0.721929
v 0.119421 -0.950000 0.762500
v 0.016250 -0.629728 0.783585
v 0.012500 -0.575705 0.724205
v 0.022284 -0.564049 0.707394
v 0.012925 -0.552346 0.696564
v 0.005000 -0.546965 0.690808
v 0.014839 -0.536853 0.669853
v 0.000000 -0.533221 0.671108
v 0.020321 -0.522258 0.652666
v 0.029894 -0.608595 0.760132
v 0.025000 -0.547396 0.680058
v 0.027500 -0.536111 0.664069
v 0.028796 -0.518064 0.640432
v 0.035000 -0.554845 0.688437
v 0.039267 -0.544911 0.675170
v 0.034927 -0.535029 0.654982
v 0.035000 -0.524718 0.645224
v 0.045000 -0.554165 0.685928
v 0.045000 -0.535782 0.660104
v 0.060011 -0.619177 0.766046
v 0.061226 -0.610613 0.740176
v 0.058660 -0.597358 0.725208
v 0.059451 -0.582519 0.710906
v 0.054247 -0.565924 0.690881
v 0.055955 -0.539173 0.660545
v 0.064838 -0.615120 0.754271
v 0.070082 -0.594946 0.717416
v 0.059375 -0.559631 0.674236
v 0.069401 -0.544715 0.646850
v 0.078504 -0.623700 0.745423
v 0.075000 -0.628267 0.765000
v 0.074212 -0.625000 0.765000
v 0.073729 -0.615964 0.732511
v 0.079872 -0.606292 0.717824
v 0.084738 -0.587480 0.678836
v 0.074904 -0.565226 0.653892
v 0.074835 -0.565340 0.665000
v 0.072581 -0.554853 0.639911
v 0.085000 -0.616143 0.733055
v 0.088423 -0.612087 0.722500
v 0.084000 -0.575198 0.656361
v 0.085842 -0.574506 0.665412
v 0.100681 -0.615460 0.692779
v 0.093758 -0.608930 0.705000
v 0.097206 -0.592973 0.675000
v 0.105000 -0.626895 0.723180
v 0.104536 -0.615641 0.683976
v 0.105483 -0.624091 0.705000
v 0.108517 -0.619492 0.715000
v 0.105350 -0.603340 0.675509
v 0.103305 -0.593958 0.657479
v 0.103766 -0.586600 0.642956
v 0.117389 -0.634575 0.685988
v 0.115930 -0.625000 0.713538
v 0.115000 -0.625000 0.718342
v 0.116834 -0.621534 0.674374
v 0.114273 -0.606071 0.660153
v 0.125153 -0.622937 0.666721
v 0.125000 -0.614025 0.657797
v 0.124980 -0.602462 0.633402
v 0.135037 -0.624763 0.655069
v 0.137162 -0.620372 0.641241
v 0.017977 -0.486442 0.619129
v 0.025000 -0.501892 0.627127
v 0.036043 -0.504311 0.626683
v 0.041892 -0.496577 0.618378
v 0.045000 -0.506554 0.623834
v 0.055052 -0.520809 0.639086
v 0.059200 -0.512653 0.624066
v 0.065536 -0.523540 0.625000
v 0.069275 -0.509685 0.612847
v 0.066337 -0.495325 0.598259
v 0.076434 -0.543178 0.625375
v 0.068328 -0.535000 0.625000
v 0.079529 -0.530187 0.613845
v 0.076354 -0.501173 0.584653
v 0.082420 -0.565206 0.632869
v 0.084635 -0.555548 0.614524
v 0.084184 -0.545000 0.610896
v 0.087878 -0.530242 0.602735
v 0.085239 -0.514756 0.595451
v 0.084958 -0.507699 0.579954
v 0.100265 -0.576917 0.626458
v 0.099619 -0.564126 0.605796
v 0.095903 -0.545000 0.596309
v 0.094867 -0.519138 0.583139
v 0.099030 -0.509291 0.565887
v 0.102520 -0.487050 0.549922
v 0.108782 -0.548385 0.587886
v 0.108939 -0.530474 0.572226
v 0.109635 -0.516888 0.562838
v 0.117019 -0.589605 0.630441
v 0.115000 -0.576070 0.613627
v 0.116017 -0.569040 0.600684
v 0.113501 -0.495000 0.533384
v 0.118051 -0.485000 0.527765
v 0.130918 -0.581450 0.598568
v 0.131849 -0.557085 0.568150
v 0.124557 -0.528804 0.553057
v 0.124284 -0.504988 0.528548
v 0.134591 -0.609762 0.619416
v 0.135808 -0.593290 0.605901
v 0.141115 -0.579370 0.585997
v 0.126753 -0.532276 0.549063
v 0.134234 -0.491591 0.515451
v 0.146116 -0.630069 0.634798
v 0.145108 -0.619329 0.612328
v 0.142590 -0.605000 0.600750
v 0.145741 -0.594262 0.595616
v 0.145030 -0.574962 0.575151
v 0.153507 -0.512318 0.504955
v 0.145173 -0.494304 0.505216
v 0.153397 -0.641769 0.606162
v 0.154932 -0.611777 0.578930
v 0.150639 -0.587440 0.576349
v 0.156461 -0.576335 0.552427
v 0.153635 -0.562581 0.551498
v 0.155022 -0.544988 0.535013
v 0.157040 -0.532093 0.518762
v 0.148599 -0.487301 0.491488
v 0.162363 -0.616109 0.544104
v 0.156252 -0.605000 0.565000
v 0.160500 -0.590000 0.544890
v 0.162736 -0.565251 0.529371
v 0.165419 -0.513737 0.487581
v 0.174316 -0.440000 0.413867
v 0.174388 -0.416430 0.415608
v 0.174726 -0.368792 0.442939
v 0.173489 -0.322601 0.443151
v 0.183112 -0.450531 0.395095
v 0.188766 -0.415000 0.406072
v 0.184636 -0.404783 0.414695
v 0.185595 -0.395853 0.425745
v 0.190455 -0.377500 0.427805
v 0.188732 -0.348661 0.433241
v 0.188577 -0.305302 0.428809
v 0.191427 -0.447648 0.380121
v 0.194650 -0.432877 0.384432
v 0.195243 -0.425410 0.395686
v 0.196212 -0.406519 0.407938
v 0.195017 -0.385078 0.425015
v 0.200637 -0.446592 0.327813
v 0.198230 -0.440000 0.360000
v 0.201954 -0.430429 0.375208
v 0.205000 -0.430488 0.345000
v 0.205561 -0.425570 0.360000
v 0.202932 -0.420188 0.385236
v 0.204101 -0.412875 0.394166
v 0.209300 -0.389806 0.402692
v 0.203391 -0.382644 0.413986
v 0.211164 -0.353653 0.411334
v 0.204118 -0.322945 0.413540
v 0.215317 -0.425384 0.332649
v 0.216622 -0.417130 0.362696
v 0.213430 -0.308477 0.399688
v 0.220836 -0.408302 0.329062
v 0.225470 -0.405455 0.344398
v 0.225273 -0.403522 0.358653
v 0.221280 -0.402500 0.370000
v 0.219233 -0.397394 0.383601
v 0.226009 -0.359031 0.385643
v 0.225127 -0.319559 0.390343
v 0.231603 -0.384666 0.340482
v 0.236423 -0.350603 0.355130
v 0.231925 -0.340000 0.375000
v 0.232502 -0.328388 0.371657
v 0.238611 -0.362500 0.331875
v 0.245634 -0.340031 0.327595
v 0.243691 -0.315459 0.344143
v 0.251902 -0.316250 0.323501
v 0.070872 0.632718 -0.159109
v 0.081642 0.638496 -0.171324
v 0.102897 0.631650 -0.182431
v 0.106665 0.590500 -0.154839
v 0.112917 0.607824 -0.173838
v 0.107991 0.642822 -0.194427
v 0.115000 0.649080 -0.203007
v 0.125023 0.600498 -0.173415
v 0.127424 0.629914 -0.190555
v 0.125600 0.652145 -0.200648
v 0.137570 0.578145 -0.159843
v 0.136451 0.599819 -0.170982
v 0.136806 0.615000 -0.176657
v 0.136045 0.652601 -0.188476
v 0.147228 0.592932 -0.159276
v 0.149945 0.622000 -0.167173
v 0.156978 0.642500 -0.166571
v 0.182791 -0.465353 0.161151
v 0.188762 -0.452107 0.171426
v 0.192521 -0.415119 0.160191
v 0.198961 -0.470625 0.259375
v 0.197590 -0.470625 0.302812
v 0.204112 -0.451071 0.265000
v 0.201747 -0.436250 0.232500
v 0.202059 -0.437000 0.251508
v 0.202532 -0.440822 0.281222
v 0.199155 -0.430000 0.217500
v 0.202204 -0.427697 0.298006
v 0.199250 -0.427971 0.195280
v 0.203857 -0.413864 0.217500
v 0.204703 -0.414255 0.247075
v 0.208810 -0.397802 0.167206
v 0.206820 -0.435000 0.275000
v 0.209708 -0.425000 0.275000
v 0.212659 -0.406418 0.263103
v 0.212829 -0.415000 0.285000
v 0.214241 -0.414685 0.315664
v 0.217153 -0.402425 0.200388
v 0.219424 -0.405046 0.215000
v 0.215259 -0.404467 0.232403
v 0.220349 -0.402421 0.296228
v 0.220661 -0.390882 0.179902
v 0.224278 -0.394339 0.229973
v 0.229759 -0.384534 0.253437
v 0.227517 -0.372940 0.170921
v 0.230282 -0.385000 0.200000
v 0.230733 -0.382730 0.221875
v 0.232863 -0.382979 0.276094
v 0.234864 -0.384643 0.310000
v 0.236806 -0.372938 0.300000
v 0.233368 -0.348179 0.162617
v 0.243577 -0.367557 0.268688
v 0.243219 -0.359279 0.210544
v 0.244403 -0.364021 0.225000
v 0.247603 -0.355681 0.236094
v 0.245296 -0.365390 0.249543
v 0.242181 -0.343990 0.180325
v 0.247058 -0.350004 0.301158
v 0.252954 -0.345867 0.267581
v 0.248630 -0.345000 0.215000
v 0.252121 -0.328483 0.193037
v 0.254567 -0.335292 0.297770
v 0.250207 -0.321305 0.170404
v 0.255393 -0.318725 0.309339
v 0.260387 -0.327500 0.272500
v 0.262107 -0.319802 0.211250
v 0.262455 -0.307586 0.188700
v 0.265917 -0.288123 0.255829
v 0.017295 0.520248 0.072025
v 0.019554 0.563791 0.076598
v 0.023467 0.585264 0.084901
v 0.022043 0.592753 0.099842
v 0.025000 0.502500 0.077868
v 0.034653 0.597766 0.118918
v 0.023533 0.604219 0.171672
v 0.035076 0.503660 0.076386
v 0.035296 0.532010 0.075000
v 0.035539 0.549498 0.073451
v 0.040000 0.598056 0.105000
v 0.042657 0.602223 0.156875
v 0.046875 0.546886 0.048743
v 0.046230 0.573141 0.076969
v 0.050000 0.595490 0.094019
v 0.053853 0.508971 0.008033
v 0.051166 0.522273 0.025327
v 0.053742 0.543714 0.020169
v 0.057948 0.561184 0.012134
v 0.052834 0.571375 0.048750
v 0.054644 0.575616 0.034387
v 0.052608 0.581140 0.058949
v 0.055000 0.603318 0.110000
v 0.057282 0.603001 0.128734
v 0.060000 0.598395 0.165000
v 0.060724 0.515000 0.005000
v 0.062995 0.534286 0.001282
v 0.062287 0.591026 0.021828
v 0.064633 0.609476 0.033892
v 0.067945 0.603427 0.080000
v 0.076898 0.603595 0.104062
v 0.068750 0.603686 0.113750
v 0.070209 0.604525 0.141084
v 0.070000 0.600493 0.155000
v 0.069318 0.611808 0.007387
v 0.075000 0.604595 0.126880
v 0.075000 0.600587 0.165000
v 0.080622 0.610327 0.075003
v 0.085625 0.620597 0.041875
v 0.092500 0.601569 0.146404
v 0.087248 0.603592 0.165674
v 0.084926 0.625709 0.029810
v 0.085732 0.633871 -0.000604
v 0.100455 0.612406 0.085003
v 0.095000 0.608014 0.105000
v 0.100000 0.625777 0.037251
v 0.112500 0.599219 0.140000
v 0.105000 0.607530 0.165000
v 0.105000 0.620185 0.055000
v 0.110774 0.634711 0.010981
v 0.120247 0.602712 0.110665
v 0.120229 0.599452 0.158750
v 0.120747 0.613542 0.069125
v 0.118337 0.621020 0.045385
v 0.135805 0.590717 0.129902
v 0.130954 0.590648 0.167063
v 0.130000 0.631900 0.003479
v 0.140000 0.587957 0.147500
v 0.146490 0.598002 0.077741
v 0.133240 0.613662 0.048651
v 0.153064 0.577161 0.163353
v 0.150396 0.589138 0.109457
v 0.143901 0.619483 0.012829
v 0.154612 0.581701 0.132019
v 0.154890 0.603433 0.034809
v 0.153970 0.613340 0.012600
v 0.169844 0.457261 -0.069615
v 0.176294 0.479134 -0.076510
v 0.179035 0.439375 -0.045179
v 0.186330 0.461198 -0.056894
v 0.199300 0.455889 -0.033391
v 0.214667 0.460000 -0.012345
v 0.015339 -0.959983 0.875475
v 0.014439 -0.858607 0.897281
v 0.030000 -0.933745 0.881563
v 0.034577 -0.964261 0.863338
v 0.047333 -0.917904 0.883037
v 0.042500 -0.882500 0.891298
v 0.047184 -0.796844 0.895087
v 0.047254 -0.932225 0.873366
v 0.042518 -0.856950 0.896187
v 0.052500 -0.826250 0.897621
v 0.056606 -0.956406 0.844432
v 0.059646 -0.841357 0.895966
v 0.066623 -0.961250 0.837845
v 0.067699 -0.925940 0.853940
v 0.064392 -0.877404 0.887354
v 0.074375 -0.813281 0.891031
v 0.065000 -0.790000 0.890722
v 0.077365 -0.946008 0.835647
v 0.082500 -0.930000 0.839172
v 0.073299 -0.923740 0.844557
v 0.075482 -0.910040 0.865000
v 0.084261 -0.880987 0.879634
v 0.085312 -0.838750 0.889642
v 0.085024 -0.956035 0.826770
v 0.087500 -0.901531 0.851629
v 0.089826 -0.895030 0.869976
v 0.098412 -0.933327 0.835514
v 0.095000 -0.918513 0.841904
v 0.095000 -0.897100 0.855000
v 0.103750 -0.886332 0.876523
v 0.103750 -0.813125 0.888671
v 0.091112 -0.775339 0.881146
v 0.104738 -0.939753 0.820213
v 0.107254 -0.909009 0.841312
v 0.114244 -0.896565 0.851230
v 0.110397 -0.932999 0.810000
v 0.114199 -0.922589 0.820379
v 0.122500 -0.892188 0.860000
v 0.120000 -0.865000 0.882535
v 0.124847 -0.846065 0.887932
v 0.115000 -0.825000 0.890491
v 0.125491 -0.916690 0.805810
v 0.122430 -0.910706 0.815000
v 0.129429 -0.899137 0.825117
v 0.136548 -0.874680 0.876736
v 0.126306 -0.794166 0.886663
v 0.133972 -0.902974 0.801084
v 0.135696 -0.888209 0.843750
v 0.141564 -0.831562 0.887468
v 0.142308 -0.883622 0.812226
v 0.145002 -0.884712 0.851358
v 0.143953 -0.871048 0.825000
v 0.143883 -0.874546 0.835435
v 0.153376 -0.876968 0.859890
v 0.152801 -0.788750 0.880650
v 0.156189 -0.875835 0.842657
v 0.155000 -0.867126 0.832580
v 0.155000 -0.858697 0.825000
v 0.164888 -0.866223 0.829976
v 0.168212 -0.864943 0.839375
v 0.165000 -0.869665 0.855000
v 0.170000 -0.856866 0.808361
v 0.167564 -0.816875 0.876306
v -0.135872 0.489031 -0.182185
v 0.180546 -0.014403 0.330464
v 0.185258 -0.012791 0.299669
v 0.182809 0.014375 0.296457
v 0.194725 -0.058419 0.327956
v 0.194156 -0.040849 0.301045
v 0.189736 0.009531 0.278438
v 0.202193 -0.100810 0.324629
v 0.201801 -0.092412 0.320673
v 0.202281 -0.065267 0.293025
v 0.206022 -0.050956 0.200786
v 0.195218 -0.016024 0.265935
v 0.202996 -0.032890 0.179326
v 0.198314 -0.028750 0.210000
v 0.202170 -0.028139 0.228086
v 0.199884 -0.016250 0.190000
v 0.200494 -0.007500 0.175000
v 0.200513 -0.006250 0.193750
v 0.197633 -0.006250 0.205000
v 0.213287 -0.145303 0.315039
v 0.212692 -0.110666 0.293702
v 0.214675 -0.095000 0.283106
v 0.207904 -0.095000 0.295000
v 0.215557 -0.087811 0.200396
v 0.212197 -0.086929 0.273140
v 0.208995 -0.063750 0.260000
v 0.211401 -0.063545 0.231250
v 0.212113 -0.065000 0.245000
v 0.208799 -0.055000 0.182500
v 0.223160 -0.144659 0.279361
v 0.221517 -0.116755 0.260416
v 0.225288 -0.120906 0.200357
v 0.221666 -0.107194 0.228437
v 0.220565 -0.115000 0.275000
v 0.217220 -0.100000 0.215000
v 0.217808 -0.090000 0.175000
v 0.218270 -0.093750 0.238750
v 0.217814 -0.080000 0.185000
v 0.234678 -0.145211 0.194861
v 0.236327 -0.152733 0.216814
v 0.226804 -0.140000 0.227500
v 0.227367 -0.155000 0.235000
v 0.226078 -0.150269 0.244062
v 0.230549 -0.142500 0.247500
v 0.233079 -0.134499 0.181752
v 0.244948 -0.149963 0.190254
v 0.239019 -0.155000 0.205000
v -0.263817 -0.471352 0.128674
v -0.264480 -0.410830 0.171434
v -0.264611 -0.369634 0.101778
v -0.266763 -0.348747 0.109840
v -0.265141 -0.351338 0.135378
v -0.262802 -0.357677 0.152767
v -0.266836 -0.329932 0.118680
v -0.267081 -0.335000 0.140000
v -0.262901 -0.337680 0.161513
v -0.265208 -0.325803 0.148864
v -0.263709 -0.318264 0.127500
v -0.257696 -0.468663 0.093889
v -0.262841 -0.465000 0.115000
v -0.259449 -0.446266 0.099061
v -0.263917 -0.434841 0.141023
v -0.256695 -0.416484 0.084983
v -0.253265 -0.420125 0.065893
v -0.256646 -0.401004 0.069951
v -0.261580 -0.393750 0.100000
v -0.261737 -0.397813 0.121172
v -0.262842 -0.394375 0.173125
v -0.259129 -0.372462 0.076908
v -0.263176 -0.382500 0.151250
v -0.261208 -0.370000 0.157500
v -0.255203 -0.370259 0.049875
v -0.261459 -0.363125 0.172500
v -0.256770 -0.354266 0.049618
v -0.259565 -0.355000 0.080000
v -0.255190 -0.342564 0.053999
v -0.259124 -0.345000 0.072500
v -0.259349 -0.336903 0.095000
v -0.253541 -0.329498 0.073702
v -0.256321 -0.314478 0.112739
v -0.263259 -0.325000 0.155000
v -0.263981 -0.325000 0.165000
v -0.257133 -0.314144 0.140000
v -0.254990 -0.309541 0.162500
v -0.262036 -0.315000 0.165000
v -0.244821 -0.474211 0.063581
v -0.247561 -0.424472 0.048041
v -0.250848 -0.430000 0.075000
v -0.248762 -0.379469 0.032044
v -0.252759 -0.385000 0.055000
v -0.245056 -0.374966 0.014917
v -0.251924 -0.356250 0.037500
v -0.245787 -0.329329 0.038591
v -0.245346 -0.324504 0.044106
v -0.245404 -0.322761 0.060149
v -0.246297 -0.310201 0.081224
v -0.240193 -0.452531 0.046642
v -0.242351 -0.410000 0.025000
v -0.235700 -0.405255 0.001148
v -0.236827 -0.379280 0.003255
v -0.236571 -0.341562 0.019579
v -0.237906 -0.310156 0.032475
v -0.229750 -0.359014 0.006120
v -0.225491 -0.313750 0.001450
v -0.221859 -0.468855 0.006854
v -0.220583 -0.148030 0.064951
v -0.227739 -0.148918 0.074836
v -0.228868 -0.156250 0.090000
v -0.229366 -0.145000 0.085000
v -0.231438 -0.149766 0.112266
v -0.228328 -0.153750 0.150000
v -0.226008 -0.156931 0.176672
v -0.227117 -0.132388 0.091144
v -0.226632 -0.123717 0.149493
v -0.226355 -0.121525 0.129021
v -0.226285 -0.120000 0.164146
v -0.225302 -0.114339 0.103777
v -0.224992 -0.094565 0.127340
v -0.215424 -0.154654 0.044731
v -0.215507 -0.154236 0.055000
v -0.208644 -0.123154 0.074324
v -0.214543 -0.115497 0.088718
v -0.216017 -0.101222 0.105000
v -0.218824 -0.103743 0.172695
v -0.214182 -0.090767 0.113658
v -0.221826 -0.090000 0.145000
v -0.219487 -0.088298 0.159857
v -0.215790 -0.082500 0.121625
v -0.221638 -0.080000 0.135000
v -0.215189 -0.074789 0.124684
v -0.215387 -0.057935 0.146414
v -0.205095 -0.154913 0.034890
v -0.206975 -0.145000 0.043462
v -0.208597 -0.145000 0.055000
v -0.200519 -0.129607 0.045236
v -0.205743 -0.133924 0.060000
v -0.204063 -0.085498 0.105571
v -0.205032 -0.061302 0.124960
v -0.211935 -0.057500 0.166250
v -0.207690 -0.049942 0.134895
v -0.213378 -0.045000 0.145000
v -0.205814 -0.034354 0.144381
v -0.207452 -0.025635 0.157802
v -0.191120 -0.147030 0.034716
v -0.190851 -0.135000 0.037325
v -0.197644 -0.120928 0.055000
v -0.194829 -0.115602 0.065226
v -0.199877 -0.089422 0.091878
v -0.196238 -0.075000 0.095000
v -0.193959 -0.069067 0.105000
v -0.195672 -0.065000 0.112750
v -0.193248 -0.048018 0.116643
v -0.190058 -0.021181 0.137202
v -0.183630 -0.155951 0.025712
v -0.184957 -0.110100 0.050423
v -0.186640 -0.095471 0.070589
v -0.183057 -0.070785 0.090316
v -0.187859 -0.055000 0.103236
v -0.185139 -0.044827 0.104926
v -0.187025 0.003890 0.148970
v -0.175461 -0.154896 0.008544
v -0.178004 -0.140000 0.025000
v -0.178793 -0.120135 0.030269
v -0.173165 -0.090639 0.056531
v -0.175134 -0.065345 0.082955
v -0.174157 -0.061635 0.075000
v -0.175000 -0.055000 0.073231
v -0.175000 -0.055000 0.078903
v -0.174097 -0.044967 0.075371
v -0.172336 -0.037206 0.108679
v -0.171336 -0.145000 0.005000
v -0.164330 -0.133379 0.008496
v -0.161239 -0.112945 0.019354
v -0.169290 -0.099604 0.034393
v -0.165305 -0.079645 0.059483
v -0.163767 -0.059712 0.071121
v -0.169549 -0.055000 0.085000
v -0.163912 -0.046074 0.085000
v -0.165285 -0.044757 0.094332
v -0.165000 -0.025000 0.112380
v -0.162817 -0.015000 0.117524
v -0.167508 0.007632 0.132271
v -0.159158 -0.075000 0.055000
v -0.158764 -0.005000 0.115000
v 0.083553 -0.942069 0.639675
v 0.084909 -0.944717 0.655143
v 0.094462 -0.931562 0.650131
v 0.106217 -0.939519 0.681686
v 0.105297 -0.927281 0.645552
v 0.111461 -0.911661 0.655000
v 0.114976 -0.940106 0.790686
v 0.115397 -0.925157 0.684860
v 0.111550 -0.912636 0.639802
v 0.121451 -0.904537 0.662231
v 0.124970 -0.938968 0.735506
v 0.117854 -0.945000 0.775000
v 0.123809 -0.930199 0.749687
v 0.124861 -0.921418 0.697338
v 0.126033 -0.926620 0.765000
v 0.124800 -0.924738 0.774848
v 0.130789 -0.921672 0.785231
v 0.125777 -0.925602 0.795770
v 0.126078 -0.916925 0.685000
v 0.126449 -0.907952 0.675000
v 0.122722 -0.891790 0.645000
v 0.127658 -0.876381 0.653297
v 0.130537 -0.923978 0.727500
v 0.138694 -0.910138 0.747500
v 0.140195 -0.910256 0.767610
v 0.129521 -0.915000 0.795000
v 0.133093 -0.899963 0.682280
v 0.127704 -0.895000 0.665000
v 0.129066 -0.885000 0.660000
v 0.138253 -0.880000 0.674110
v 0.139361 -0.907381 0.713652
v 0.145168 -0.904166 0.738303
v 0.142660 -0.900085 0.755000
v 0.141451 -0.903136 0.781290
v 0.138226 -0.895000 0.695000
v 0.144614 -0.882954 0.688653
v 0.148765 -0.876562 0.801875
v 0.143549 -0.862074 0.667582
v 0.145000 -0.856381 0.647500
v 0.148995 -0.886203 0.712500
v 0.149756 -0.888751 0.739939
v 0.148103 -0.890000 0.767500
v 0.146609 -0.885000 0.755000
v 0.150966 -0.878153 0.781321
v 0.152349 -0.866900 0.701993
v 0.158945 -0.868960 0.734375
v 0.153827 -0.873668 0.760000
v 0.157466 -0.855597 0.643277
v 0.155000 -0.858437 0.670000
v 0.155000 -0.858813 0.690000
v 0.162605 -0.862072 0.771250
v 0.166664 -0.855672 0.682767
v 0.165000 -0.859664 0.702500
v -0.215200 0.314513 0.164665
v -0.215350 0.323095 0.138958
v -0.218112 0.325225 0.155000
v -0.198940 0.310716 0.134167
v -0.199351 0.310557 0.147500
v -0.202393 0.322673 0.089477
v -0.210163 0.328590 0.106693
v -0.204539 0.319655 0.120000
v -0.182237 0.304815 0.116068
v -0.190721 0.319620 0.068632
v -0.179413 0.300367 0.114673
v -0.173983 0.270780 0.169708
v -0.172885 0.292101 0.138871
v -0.180426 0.309825 0.082002
v -0.178966 0.318424 0.050603
v -0.169627 0.321117 0.034077
v -0.167280 0.280450 0.148117
v -0.160718 0.283623 0.128473
v -0.154814 0.293610 0.087826
v -0.164661 0.293550 0.110730
v -0.166224 0.294008 0.125000
v -0.152583 0.300976 0.060297
v -0.157964 0.167500 0.165562
v -0.156062 0.189062 0.164640
v -0.151669 0.222812 0.156953
v -0.153801 0.259907 0.153807
v -0.155000 0.289571 0.105000
v -0.152855 0.314956 0.029647
v -0.155000 0.321584 0.015000
v 0.009687 0.340938 0.520060
v 0.013673 0.380318 0.525939
v 0.003158 0.414023 0.529629
v 0.019669 0.471479 0.532840
v 0.031301 0.337603 0.511948
v 0.034572 0.391719 0.516839
v 0.023918 0.400000 0.524269
v 0.024689 0.415000 0.524783
v 0.053201 0.449294 0.508475
v 0.035997 0.489463 0.533581
v 0.046090 0.343750 0.508602
v 0.050594 0.359670 0.507452
v 0.045684 0.379994 0.514994
v 0.046618 0.412075 0.505552
v 0.042172 0.425000 0.512541
v 0.046741 0.473899 0.518271
v 0.053489 0.380000 0.502567
v 0.055000 0.400000 0.497377
v 0.060000 0.423750 0.500374
v 0.048794 0.482500 0.515000
v 0.063576 0.375000 0.490609
v 0.065000 0.384493 0.495256
v 0.068165 0.400000 0.495341
v 0.073603 0.454624 0.492101
v 0.068195 0.478401 0.477811
v 0.058141 0.485000 0.485000
v 0.073348 0.352500 0.484355
v 0.080397 0.384070 0.484952
v 0.075411 0.384048 0.495288
v 0.075000 0.393217 0.494020
v 0.080268 0.417521 0.492724
v 0.075079 0.430000 0.495042
v 0.090783 0.405625 0.486868
v 0.107589 0.434630 0.477936
v -0.115165 -0.985148 0.726080
v -0.115256 -0.981671 0.751948
v -0.117525 -0.970286 0.732830
v -0.120540 -0.959445 0.761234
v -0.119670 -0.955000 0.725000
v -0.113953 -0.952595 0.781321
v -0.105559 -0.995847 0.712249
v -0.108262 -0.979443 0.712622
v -0.104963 -0.986348 0.780497
v -0.108739 -0.972115 0.781049
v -0.106306 -0.959648 0.683702
v -0.113866 -0.950903 0.704055
v -0.101842 -1.001531 0.746768
v -0.095425 -1.008212 0.785568
v -0.097126 -0.997416 0.700054
v -0.087958 -0.989180 0.805501
v -0.093709 -0.990993 0.679905
v -0.098195 -0.985000 0.695000
v -0.096105 -0.975000 0.673658
v -0.096699 -0.962660 0.671341
v -0.100071 -0.957622 0.808914
v -0.088523 -1.014506 0.704529
v -0.086975 -1.016747 0.750000
v -0.086967 -1.018921 0.775000
v -0.086807 -1.012318 0.798504
v -0.081872 -1.007112 0.669537
v -0.087381 -0.975648 0.662191
v -0.085796 -0.969610 0.653908
v -0.078614 -1.031206 0.789571
v -0.075257 -1.028890 0.691397
v -0.077578 -1.022744 0.730670
v -0.079791 -1.023452 0.763945
v -0.079733 -1.000000 0.655000
v -0.080834 -0.985000 0.655000
v -0.066805 -1.047802 0.668838
v -0.074255 -1.035000 0.665000
v -0.071427 -1.035000 0.675000
v -0.066687 -1.037625 0.700000
v -0.065692 -1.035397 0.719709
v -0.063480 -1.039395 0.767641
v -0.065000 -1.040815 0.795000
v -0.071902 -1.025000 0.655000
v -0.065000 -1.028241 0.740000
v -0.061275 -1.079787 0.655248
v -0.054402 -1.079864 0.670885
v -0.059952 -1.065000 0.660000
v -0.056442 -1.059151 0.684053
v -0.053252 -1.044504 0.710232
v -0.049378 -1.050514 0.782211
v -0.044020 -1.047829 0.801314
v -0.040865 -1.099516 0.684223
v -0.042513 -1.072116 0.692627
v -0.039319 -1.053780 0.709314
v -0.040201 -1.049188 0.730463
v -0.049464 -1.042971 0.747838
v -0.040543 -1.064902 0.700667
v -0.030548 -1.057735 0.768853
v -0.030771 -1.057171 0.790555
v -0.027281 -1.109838 0.697384
v -0.028544 -1.074410 0.711961
v -0.016755 -1.066382 0.734184
v -0.016983 -1.062345 0.742414
v -0.019375 -1.059896 0.756563
v -0.012380 -1.100325 0.711467
v -0.009662 -1.055517 0.795650
v -0.006378 -1.100352 0.712962
v -0.005000 -1.083492 0.723495
v -0.005000 -1.073082 0.733345
v -0.005000 -1.062008 0.765000
v 0.175549 0.023554 0.312260
v 0.176961 0.063236 0.171609
v 0.165726 0.079164 0.164990
v 0.176099 0.076200 0.174142
v 0.178452 0.092308 0.187034
v 0.174996 0.139136 0.190551
v 0.185196 0.029026 0.164604
v 0.186166 0.055000 0.182427
v 0.181714 0.055718 0.302534
v 0.184173 0.091106 0.300510
v 0.179065 0.089375 0.337969
v 0.183956 0.112969 0.325395
v 0.185438 0.108671 0.203687
v 0.182721 0.127500 0.208317
v 0.182899 0.160777 0.205479
v 0.193037 0.020669 0.256039
v 0.194387 0.015000 0.285000
v 0.193492 0.028789 0.180526
v 0.193791 0.030082 0.192862
v 0.191016 0.034375 0.277500
v 0.193526 0.038899 0.236347
v 0.193755 0.058397 0.200682
v 0.188015 0.062656 0.263359
v 0.193391 0.073182 0.234388
v 0.194243 0.073910 0.212320
v 0.188343 0.083125 0.260000
v 0.188086 0.093750 0.277500
v 0.193494 0.095000 0.215000
v 0.193464 0.100000 0.222148
v 0.196132 0.101250 0.238653
v 0.191450 0.116562 0.270234
v 0.195379 0.120000 0.224400
v 0.195187 0.138739 0.252746
v 0.186763 0.130000 0.315000
v 0.192646 0.142500 0.219538
v 0.192729 0.135000 0.285000
v 0.189778 0.139375 0.294063
v 0.187795 0.161250 0.332500
v 0.196311 0.032500 0.217500
v 0.198345 0.132500 0.235000
v 0.203040 0.157760 0.235000
v 0.167281 -0.497660 0.150977
v -0.229746 -0.295000 0.012578
v -0.226708 -0.268493 0.005722
v -0.217954 -0.315651 -0.013220
v -0.214709 -0.280000 -0.014222
v -0.217574 -0.270000 -0.006957
v -0.214708 -0.250898 -0.005806
v -0.214955 -0.255107 0.004931
v -0.208702 -0.306250 -0.025000
v -0.205423 -0.287401 -0.034495
v -0.206257 -0.265573 -0.024225
v -0.208364 -0.247381 -0.015134
v -0.214577 -0.245000 0.005626
v -0.205269 -0.231881 -0.004543
v -0.212095 -0.230000 0.005000
v -0.205654 -0.210321 0.005039
v -0.205108 -0.194680 0.006850
v -0.194276 -0.299060 -0.043239
v -0.198281 -0.269839 -0.035075
v -0.186027 -0.241436 -0.033462
v -0.197159 -0.225000 -0.017036
v -0.201585 -0.217500 -0.005000
v -0.195114 -0.206539 -0.011504
v -0.193959 -0.185599 0.005842
v -0.176437 -0.306563 -0.058117
v -0.184606 -0.268771 -0.044628
v -0.178539 -0.216463 -0.029237
v -0.182712 -0.199485 -0.014625
v -0.182572 -0.169945 0.008679
v -0.173684 -0.275389 -0.052613
v -0.170886 -0.245000 -0.043844
v -0.162160 -0.286443 -0.062958
v -0.165394 -0.222964 -0.045375
v -0.164827 -0.194349 -0.030203
v -0.163946 -0.167291 -0.015000
v -0.163952 -0.150000 -0.001313
v -0.150785 -0.299406 -0.075510
v -0.149788 -0.249442 -0.060029
v -0.152374 -0.227251 -0.053482
v -0.144827 -0.197830 -0.049546
v -0.155017 -0.179821 -0.031909
v -0.148812 -0.165869 -0.029031
v -0.154047 -0.154156 -0.018110
v -0.194553 0.488345 -0.009429
v -0.185925 0.487760 -0.118360
v -0.187763 0.492746 -0.078942
v -0.186861 0.497443 -0.036338
v -0.185284 0.515051 -0.106852
v -0.176304 0.483540 -0.144282
v -0.179315 0.522881 -0.086250
v -0.180307 0.527808 -0.110312
v -0.170995 0.531376 -0.021173
v -0.174994 0.535773 -0.137652
v -0.171052 0.538879 -0.078908
v -0.165703 0.485972 -0.157475
v -0.174176 0.527220 -0.145947
v -0.169640 0.530466 -0.042500
v -0.169085 0.547852 -0.137307
v -0.164940 0.554933 -0.126472
v 0.020729 -0.912260 0.495846
v 0.024375 -0.892940 0.488940
v 0.035166 -0.916161 0.493392
v 0.041135 -0.949361 0.500306
v 0.049367 -0.908738 0.492305
v 0.067990 -0.872472 0.486912
v 0.068462 -0.932292 0.503551
v 0.070323 -0.911875 0.500440
v 0.077311 -0.940690 0.521065
v 0.084728 -0.949503 0.539810
v 0.080291 -0.950603 0.608327
v 0.078175 -0.947056 0.627500
v 0.081303 -0.933921 0.542305
v 0.081781 -0.916358 0.545000
v 0.086080 -0.923410 0.571622
v 0.082234 -0.908579 0.527086
v 0.086792 -0.893394 0.532500
v 0.084430 -0.867097 0.505289
v 0.086349 -0.815856 0.482826
v 0.085747 -0.954468 0.569140
v 0.089727 -0.920000 0.585000
v 0.091506 -0.920346 0.594638
v 0.095232 -0.925148 0.610884
v 0.095018 -0.925033 0.625000
v 0.094855 -0.907101 0.580250
v 0.092925 -0.885407 0.559187
v 0.093970 -0.849022 0.516905
v 0.091368 -0.827051 0.502762
v 0.093489 -0.806938 0.498482
v 0.094882 -0.794796 0.483303
v 0.105346 -0.925757 0.634719
v 0.105423 -0.915560 0.609858
v 0.106245 -0.915573 0.625000
v 0.107106 -0.903466 0.592672
v 0.105525 -0.886875 0.581624
v 0.101038 -0.858701 0.549316
v 0.102768 -0.864772 0.571608
v 0.103717 -0.827615 0.527242
v 0.112530 -0.896874 0.615301
v 0.111744 -0.875000 0.600000
v 0.113370 -0.866524 0.606518
v 0.112767 -0.843019 0.570008
v 0.110425 -0.820000 0.545000
v 0.114884 -0.809438 0.552125
v 0.118904 -0.880000 0.632500
v 0.128061 -0.863850 0.638761
v 0.129473 -0.849209 0.610081
v 0.123975 -0.832086 0.588033
v 0.121353 -0.816274 0.564989
v 0.117984 -0.795000 0.545000
v 0.121971 -0.790235 0.555000
v 0.134774 -0.856246 0.630304
v 0.135514 -0.831038 0.595253
v 0.134979 -0.814721 0.585012
v 0.128375 -0.805000 0.575000
v 0.139711 -0.802114 0.579681
v 0.131324 -0.788750 0.578942
v 0.142068 -0.855150 0.622438
v 0.144325 -0.846741 0.596115
v 0.144147 -0.832868 0.572812
v 0.141056 -0.815000 0.575000
v 0.156334 -0.846192 0.608961
v 0.157187 -0.836031 0.585025
v 0.155951 -0.824813 0.560994
v 0.155501 -0.809383 0.555863
v 0.150442 -0.793664 0.569565
v 0.168993 -0.823737 0.591428
v 0.165023 -0.815019 0.554970
v 0.168057 -0.816745 0.568704
v 0.165000 -0.805000 0.550011
v 0.164111 -0.792814 0.553374
v 0.076453 0.815006 -0.469520
v 0.091830 0.813948 -0.456623
v 0.088125 0.819519 -0.473750
v 0.110000 0.815607 -0.453309
v 0.109962 0.823107 -0.473825
v 0.125923 0.816089 -0.454415
v 0.128165 0.823840 -0.475000
v 0.136953 0.817202 -0.464834
v 0.033918 -0.184795 -0.559720
v 0.032787 -0.172500 -0.566212
v 0.030581 -0.169905 -0.532602
v 0.048263 -0.201524 -0.552669
v 0.046213 -0.177328 -0.570719
v 0.046094 -0.160367 -0.507521
v 0.055468 -0.208434 -0.565723
v 0.056945 -0.198630 -0.574688
v 0.051836 -0.192096 -0.524198
v 0.053964 -0.180000 -0.577204
v 0.064982 -0.225015 -0.564608
v 0.064967 -0.215012 -0.575010
v 0.064056 -0.219163 -0.549453
v 0.072500 -0.202500 -0.581031
v 0.065000 -0.185000 -0.583250
v 0.073125 -0.182914 -0.497209
v 0.073750 -0.172142 -0.580420
v 0.064571 -0.176076 -0.494565
v 0.082012 -0.224857 -0.563147
v 0.078825 -0.215534 -0.536968
v 0.084973 -0.190051 -0.584885
v 0.082500 -0.194991 -0.508820
v 0.090405 -0.215455 -0.575373
v 0.090000 -0.222576 -0.555000
v 0.090423 -0.209890 -0.527623
v 0.095000 -0.205000 -0.581450
v 0.099702 -0.183837 -0.585272
v 0.095000 -0.183255 -0.496563
v 0.105701 -0.225617 -0.566518
v 0.102832 -0.225121 -0.554518
v 0.105000 -0.213289 -0.573543
v 0.109782 -0.215745 -0.543112
v 0.109865 -0.202285 -0.577735
v 0.113573 -0.191697 -0.515010
v 0.105000 -0.175000 -0.583506
v 0.109139 -0.169840 -0.492251
v 0.115108 -0.215100 -0.565266
v 0.115706 -0.215755 -0.555000
v 0.115733 -0.205917 -0.532116
v 0.116475 -0.188109 -0.578384
v 0.115000 -0.175000 -0.579811
v 0.122912 -0.199194 -0.560403
v 0.130390 -0.190485 -0.536907
v 0.131407 -0.179640 -0.522225
v 0.134240 -0.189258 -0.553394
v 0.135664 -0.186404 -0.566456
v 0.139119 -0.172808 -0.569013
v 0.146733 -0.165000 -0.566730
v 0.194048 -0.309345 0.026087
v 0.193496 -0.291250 0.019838
v 0.199135 -0.263370 0.023242
v 0.198447 -0.168063 0.023600
v 0.198436 -0.314063 0.040781
v 0.205252 -0.310345 0.055114
v 0.203873 -0.286850 0.047747
v 0.205337 -0.215625 0.020327
v 0.202656 -0.200000 0.017779
v 0.202659 -0.184590 0.019829
v 0.203843 -0.175026 0.032527
v 0.211559 -0.313750 0.069812
v 0.211923 -0.282479 0.060036
v 0.210927 -0.227500 0.035000
v 0.212500 -0.182160 0.050297
v 0.221594 -0.316300 0.090540
v 0.224645 -0.280578 0.075716
v 0.219963 -0.254084 0.054790
v 0.221971 -0.220551 0.052750
v 0.221396 -0.195185 0.063557
v 0.220617 -0.175625 0.070415
v 0.231216 -0.305530 0.109847
v 0.240553 -0.311552 0.139711
v 0.230481 -0.285146 0.091787
v 0.237410 -0.202747 0.098386
v 0.243879 -0.286568 0.122576
v 0.241110 -0.259691 0.097638
v 0.243060 -0.244970 0.099794
v 0.237918 -0.237500 0.085000
v 0.244603 -0.220554 0.110370
v 0.244525 -0.190734 0.119062
v 0.244005 -0.181356 0.123542
v 0.242933 -0.175000 0.115000
v 0.255171 -0.285290 0.134574
v 0.251276 -0.264076 0.120812
v 0.252309 -0.236143 0.127030
v 0.253599 -0.220000 0.138208
v 0.249898 -0.201903 0.132348
v 0.250204 -0.175000 0.131923
v 0.253425 -0.165000 0.139432
v 0.255921 -0.294310 0.151854
v 0.259333 -0.267188 0.137031
v 0.263188 -0.270000 0.150000
v 0.259067 -0.242500 0.140000
v 0.259624 -0.223984 0.153637
v 0.259549 -0.191641 0.158306
v 0.014785 0.819852 1.126870
v -0.157022 0.183485 0.433558
v -0.154979 0.221707 0.434810
v -0.147521 0.244717 0.442871
v -0.152251 0.270000 0.443074
v -0.149708 0.283670 0.447965
v -0.153133 0.302428 0.447501
v -0.130478 0.244211 0.452801
v -0.129304 0.290000 0.463736
v -0.133018 0.312553 0.465170
v -0.131274 0.185871 0.447102
v -0.123175 0.221250 0.451113
v -0.119747 0.268078 0.463754
v -0.118750 0.323750 0.469417
v -0.107520 0.236212 0.463867
v -0.101399 0.167187 0.471661
v -0.095921 0.212193 0.473073
v -0.099692 0.240000 0.470460
v -0.098828 0.260000 0.471225
v -0.097397 0.195000 0.475000
v -0.098662 0.283130 0.474993
v -0.090368 0.339062 0.481813
v -0.215080 -0.525375 -0.000416
v -0.217058 -0.508289 0.001488
v -0.204878 -0.544148 -0.008796
v -0.203845 -0.536436 -0.030382
v -0.207761 -0.513148 -0.022639
v -0.207837 -0.492500 -0.020000
v -0.211313 -0.480000 -0.015000
v -0.208793 -0.469604 -0.032497
v -0.195376 -0.566219 -0.015703
v -0.196681 -0.530000 -0.048099
v -0.193472 -0.504278 -0.058723
v -0.200600 -0.486875 -0.047683
v -0.186023 -0.601306 -0.002868
v -0.189117 -0.580000 -0.017500
v -0.192502 -0.585000 0.005000
v -0.184331 -0.567655 -0.044370
v -0.185699 -0.477500 -0.076204
v -0.169696 -0.629788 -0.001260
v -0.173293 -0.613958 -0.022445
v -0.173625 -0.596355 -0.133886
v -0.177161 -0.572812 -0.139667
v -0.168954 -0.603221 -0.058676
v -0.177549 -0.573617 -0.091746
v -0.177971 -0.565312 -0.065000
v -0.175774 -0.554979 -0.152323
v -0.178815 -0.555000 -0.095000
v -0.178009 -0.535687 -0.127223
v -0.176266 -0.545000 -0.100000
v -0.175058 -0.529640 -0.140131
v -0.175772 -0.529993 -0.085079
v -0.174654 -0.497446 -0.099927
v -0.178285 -0.512500 -0.081344
v -0.177139 -0.485000 -0.095000
v -0.179496 -0.480000 -0.085000
v -0.160774 -0.629411 -0.027352
v -0.166280 -0.615344 -0.133289
v -0.168533 -0.518593 -0.145922
v -0.165457 -0.466794 -0.116988
v -0.154704 -0.632797 -0.132546
v -0.155182 -0.625238 -0.078702
v -0.149844 -0.629901 -0.045025
v -0.154246 -0.623834 -0.065000
v -0.156618 -0.488070 -0.145942
v 0.012500 0.749923 0.990625
v 0.015000 0.748846 1.041875
v 0.005000 0.750178 1.060000
v 0.009695 0.752503 1.085102
v 0.015385 0.762648 1.101036
v 0.022155 0.774211 1.112654
v 0.002477 0.778254 1.121305
v 0.027978 0.751138 0.996415
v 0.028723 0.752788 1.048281
v 0.025000 0.785000 1.121677
v 0.043495 0.751039 0.961362
v 0.042500 0.759683 1.069745
v 0.036079 0.763438 1.085972
v 0.035110 0.779529 1.110359
v 0.038602 0.806250 1.116278
v 0.051250 0.758911 1.028125
v 0.045000 0.775000 1.093276
v 0.044095 0.785530 1.104618
v 0.050949 0.756423 0.991308
v 0.055000 0.762650 1.045000
v 0.054592 0.773123 1.055566
v 0.049390 0.772500 1.080000
v 0.052121 0.786958 1.082500
v 0.051649 0.799385 1.092296
v 0.065897 0.762288 0.953438
v 0.062849 0.766160 0.992122
v 0.058651 0.765000 1.022500
v 0.061843 0.775000 1.004375
v 0.057346 0.780000 1.045000
v 0.062644 0.785000 0.991793
v 0.058250 0.792500 1.035000
v 0.062920 0.800031 1.001525
v 0.059649 0.807187 1.059062
v 0.067729 0.789257 0.971715
v 0.055760 0.684471 -0.170842
v 0.051464 0.710156 -0.179923
v 0.055924 0.709936 -0.203100
v 0.049883 0.727500 -0.198750
v 0.049660 0.735000 -0.190000
v 0.052089 0.741390 -0.172460
v 0.054888 0.749023 -0.227964
v 0.052747 0.746925 -0.204375
v 0.061497 0.764631 -0.191875
v 0.064654 0.664757 -0.175186
v 0.063256 0.681709 -0.184229
v 0.064587 0.708160 -0.219925
v 0.067227 0.730584 -0.286274
v 0.059403 0.741290 -0.259666
v 0.057076 0.745000 -0.245000
v 0.058956 0.760000 -0.253906
v 0.065045 0.775121 -0.259658
v 0.070166 0.779673 -0.206875
v 0.065321 0.774610 -0.170292
v 0.076832 0.701138 -0.221515
v 0.081622 0.706876 -0.248489
v 0.074179 0.786524 -0.290000
v 0.073782 0.787145 -0.255312
v 0.074159 0.785617 -0.175000
v 0.081895 0.663996 -0.189878
v 0.083914 0.711090 -0.274375
v 0.081977 0.796681 -0.276875
v 0.082366 0.796205 -0.234687
v 0.081482 0.795000 -0.200000
v 0.085720 0.794177 -0.181697
v 0.086722 0.794490 -0.165000
v 0.099421 0.663072 -0.202964
v 0.102675 0.669785 -0.213779
v 0.095000 0.794977 -0.174980
v 0.095000 0.800274 -0.263750
v 0.095000 0.797443 -0.203750
v 0.097173 0.795494 -0.165000
v 0.102821 0.684449 -0.237121
v 0.105586 0.693239 -0.260808
v 0.104368 0.793396 -0.181101
v 0.105000 0.791767 -0.165000
v 0.105000 0.800022 -0.290000
v 0.105000 0.799769 -0.257500
v 0.106012 0.796011 -0.227500
v 0.115454 0.664794 -0.215200
v 0.115480 0.679644 -0.230567
v 0.115912 0.691429 -0.250000
v 0.116634 0.701105 -0.275539
v 0.118360 0.777489 -0.258874
v 0.112098 0.785000 -0.225000
v 0.115944 0.779312 -0.215000
v 0.111863 0.784289 -0.194442
v 0.116298 0.786080 -0.282602
v 0.126944 0.687222 -0.220290
v 0.124392 0.699456 -0.244485
v 0.125458 0.714269 -0.287493
v 0.125462 0.763853 -0.277025
v 0.125534 0.760320 -0.202813
v 0.119695 0.775000 -0.170000
v 0.131970 0.677446 -0.203727
v 0.132516 0.713511 -0.238802
v 0.130021 0.715000 -0.260000
v 0.130473 0.725625 -0.286250
v 0.131891 0.736250 -0.245000
v 0.133674 0.732677 -0.221945
v 0.137675 0.727052 -0.188093
v 0.130349 0.750000 -0.205000
v 0.128985 0.748750 -0.192500
v 0.141759 0.686395 -0.198612
v 0.139365 0.716250 -0.208750
v 0.144675 0.709824 -0.183750
v 0.152856 0.664622 -0.172420
v 0.150494 0.690000 -0.168877
v 0.066006 0.497498 -0.024968
v 0.062279 0.487500 -0.005092
v 0.064869 0.518195 -0.010882
v 0.060793 0.505000 -0.005000
v 0.064757 0.551208 -0.007987
v 0.067004 0.571639 -0.010340
v 0.065014 0.593868 -0.039641
v 0.065117 0.590077 -0.022685
v 0.066157 0.596417 -0.108233
v 0.065591 0.615000 -0.053439
v 0.063786 0.625068 -0.100058
v 0.068791 0.617396 -0.070597
v 0.064668 0.636846 -0.070000
v 0.064945 0.635204 -0.054870
v 0.072089 0.495477 -0.045457
v 0.070954 0.530000 -0.066250
v 0.068012 0.525000 -0.045000
v 0.067053 0.543125 -0.036250
v 0.077661 0.536373 -0.090251
v 0.073673 0.575957 -0.120099
v 0.067017 0.572500 -0.055000
v 0.066593 0.578750 -0.043750
v 0.067821 0.588750 -0.071250
v 0.069376 0.602500 -0.132500
v 0.071495 0.602500 -0.070000
v 0.068397 0.610000 -0.090000
v 0.070447 0.605000 -0.055000
v 0.070154 0.617763 -0.012500
v 0.072200 0.631180 -0.034811
v 0.092002 0.493245 -0.072662
v 0.085625 0.523013 -0.096765
v 0.092493 0.555498 -0.122897
v 0.080044 0.600157 -0.144958
v 0.101286 0.496269 -0.089518
v 0.095000 0.537590 -0.113831
v 0.093659 0.570604 -0.132668
v 0.100000 0.640198 -0.005000
v 0.104985 0.484950 -0.075023
v 0.105365 0.508557 -0.103596
v 0.108828 0.527437 -0.114321
v 0.122840 0.534314 -0.128495
v 0.122597 0.565264 -0.147924
v 0.125740 0.486337 -0.101267
v 0.129770 0.512410 -0.120734
v 0.126151 0.638520 -0.010000
v 0.135000 0.528988 -0.132746
v 0.135000 0.548733 -0.143560
v 0.151793 0.491814 -0.107768
v 0.146083 0.509593 -0.122371
v 0.145000 0.526632 -0.133710
v 0.145934 0.540000 -0.137627
v 0.144883 0.555164 -0.144827
v 0.152421 0.568598 -0.145702
v 0.138936 0.636885 -0.022732
v 0.150540 0.636319 -0.047500
v 0.155807 0.504571 -0.115278
v 0.157686 0.515000 -0.117610
v 0.155151 0.533589 -0.127246
v 0.157750 0.628847 -0.037908
v 0.160592 0.630000 -0.057500
v 0.015000 0.869962 1.065000
v 0.025000 0.825000 1.120544
v 0.029568 0.846630 1.095967
v 0.025893 0.863786 1.070475
v 0.029448 0.872189 1.047662
v 0.027500 0.883113 1.005770
v 0.025000 0.887498 0.980000
v 0.035022 0.827634 1.112786
v 0.045697 0.815760 1.105565
v 0.040327 0.830000 1.103076
v 0.045150 0.835551 1.095325
v 0.045113 0.847662 1.078282
v 0.044505 0.866962 1.049437
v 0.042177 0.876593 1.021288
v 0.051236 0.881044 0.994357
v 0.053615 0.831267 1.071187
v 0.055000 0.845279 1.065266
v 0.055210 0.855666 1.055457
v 0.056409 0.859505 1.044445
v 0.057381 0.883809 0.961813
v 0.066006 0.810826 1.019375
v 0.064067 0.817916 1.036303
v 0.058760 0.815000 1.065000
v 0.060493 0.843125 1.039375
v 0.066874 0.853349 1.008882
v 0.063104 0.865110 1.020185
v 0.059249 0.865000 1.035000
v 0.068490 0.868504 0.993856
v 0.072204 0.815000 0.982500
v 0.073650 0.862548 0.970527
v 0.072962 0.874464 0.952697
v 0.076298 0.833685 0.967237
v -0.032991 0.719858 0.770804
v -0.034265 0.722389 0.802828
v -0.037066 0.738269 0.777533
v -0.041920 0.780000 0.798871
v -0.035439 0.791253 0.762625
v -0.030269 0.640000 0.645000
v -0.025951 0.649536 0.653132
v -0.025602 0.654626 0.693191
v -0.028697 0.675937 0.715313
v -0.023953 0.676398 0.740728
v -0.021330 0.689123 0.765084
v -0.026432 0.708044 0.686687
v -0.030072 0.702344 0.725625
v -0.030777 0.705156 0.749531
v -0.030345 0.703750 0.768750
v -0.022715 0.711561 0.800604
v -0.030888 0.730000 0.730000
v -0.026973 0.747510 0.702399
v -0.033392 0.745000 0.755000
v -0.029907 0.759219 0.718906
v -0.025327 0.771510 0.710991
v -0.027913 0.790020 0.734980
v -0.026401 0.816138 0.756384
v -0.021292 0.660000 0.665000
v -0.015000 0.653850 0.718771
v -0.023420 0.667188 0.642422
v -0.021888 0.670000 0.675000
v -0.024050 0.678750 0.659375
v -0.021359 0.706875 0.651875
v -0.015852 0.712410 0.642595
v -0.022727 0.727500 0.672500
v -0.010721 0.746825 0.678328
v -0.022919 0.745000 0.685000
v -0.010106 0.768955 0.701065
v -0.007500 0.789669 0.721620
v -0.001262 0.765000 0.695000
v -0.143294 -0.313630 -0.081713
v -0.133051 -0.288381 -0.080137
v -0.128855 -0.258906 -0.070853
v -0.135000 -0.232751 -0.065986
v -0.125911 -0.175086 -0.047304
v -0.127609 -0.147939 -0.029319
v -0.122676 -0.310006 -0.090869
v -0.125953 -0.278322 -0.077410
v -0.123756 -0.240000 -0.072187
v -0.123133 -0.205977 -0.061623
v -0.117568 -0.159899 -0.041578
v -0.106401 -0.228179 -0.075054
v -0.096789 -0.307054 -0.097001
v -0.104526 -0.275350 -0.084590
v -0.097963 -0.259542 -0.082124
v -0.102358 -0.205043 -0.068108
v -0.095000 -0.280000 -0.090025
v -0.081268 -0.180654 -0.062431
v -0.076922 -0.315926 -0.098127
v -0.085000 -0.285000 -0.097991
v -0.085192 -0.274668 -0.095105
v -0.078623 -0.259856 -0.087210
v -0.078750 -0.242500 -0.082007
v -0.076476 -0.161508 -0.054267
v -0.067684 -0.285955 -0.100371
v -0.059498 -0.245312 -0.087446
v -0.060023 -0.232430 -0.082781
v -0.062500 -0.189870 -0.069879
v -0.065120 -0.150069 -0.048682
v -0.055000 -0.295000 -0.108110
v -0.045310 -0.207293 -0.079754
v -0.050000 -0.160000 -0.059873
v -0.037954 -0.302223 -0.110729
v -0.040938 -0.256926 -0.101661
v -0.039156 -0.226307 -0.091543
v -0.034732 -0.168719 -0.063686
v -0.045000 -0.165000 -0.059336
v -0.035000 -0.232022 -0.096107
v -0.027908 -0.319375 -0.115136
v -0.019971 -0.292112 -0.107657
v -0.025000 -0.265000 -0.102729
v -0.019103 -0.223170 -0.087983
v -0.020428 -0.195000 -0.076618
v -0.027225 -0.184394 -0.075299
v -0.025000 -0.175000 -0.070926
v -0.010081 -0.269897 -0.092122
v -0.014106 -0.250278 -0.094799
v -0.015000 -0.207685 -0.077605
v -0.007940 -0.159913 -0.057914
v -0.006824 -0.303125 -0.092269
v -0.004778 -0.198167 -0.067235
v -0.000497 -0.317500 -0.080000
v 0.004423 -0.305000 -0.075000
v 0.005258 -0.289032 -0.075356
v 0.004995 -0.239375 -0.068615
v 0.009981 -0.176299 -0.053131
v 0.021026 0.585986 0.422440
v 0.005000 0.584077 0.439115
v 0.014108 0.591697 0.461076
v 0.016875 0.602551 0.390535
v 0.014120 0.610013 0.487170
v 0.027612 0.615213 0.374113
v 0.010000 0.617608 0.350000
v 0.040464 0.579331 0.456015
v 0.035000 0.594780 0.404762
v 0.039959 0.593869 0.480918
v 0.035000 0.602921 0.487062
v 0.045129 0.622501 0.359410
v 0.043437 0.628457 0.326094
v 0.041025 0.585203 0.469786
v 0.050434 0.602572 0.391658
v 0.050000 0.628642 0.345000
v 0.054922 0.524641 0.455630
v 0.053678 0.522904 0.483562
v 0.053483 0.535000 0.452425
v 0.052040 0.540000 0.465000
v 0.055399 0.529094 0.475000
v 0.047736 0.541875 0.493125
v 0.052692 0.555824 0.449702
v 0.049652 0.545000 0.475000
v 0.055049 0.561057 0.434519
v 0.048047 0.571250 0.481250
v 0.053857 0.577352 0.422799
v 0.069988 0.613333 0.365692
v 0.074387 0.495902 0.462686
v 0.056522 0.508750 0.471250
v 0.060493 0.515000 0.455000
v 0.065000 0.530070 0.446668
v 0.070000 0.545853 0.435908
v 0.070971 0.554253 0.425784
v 0.069587 0.583380 0.399391
v 0.078095 0.531366 0.447101
v 0.074382 0.583681 0.384057
v 0.075805 0.597401 0.379264
v 0.079647 0.622352 0.344136
v 0.082751 0.623436 0.312677
v 0.085043 0.545013 0.435016
v 0.084728 0.554613 0.414490
v 0.085000 0.547150 0.425000
v 0.079752 0.577567 0.391888
v 0.083733 0.584603 0.374632
v 0.084880 0.599469 0.367059
v 0.103380 0.480731 0.459791
v 0.100417 0.507836 0.451740
v 0.099960 0.543942 0.422797
v 0.095000 0.551972 0.410549
v 0.103666 0.563894 0.396340
v 0.099487 0.584338 0.374084
v 0.095261 0.594915 0.364974
v 0.110586 0.526659 0.436402
v 0.102246 0.574779 0.385032
v 0.101567 0.604433 0.357586
v 0.115000 0.550668 0.410692
v 0.111404 0.605133 0.347328
v 0.139747 0.472786 0.445583
v 0.127641 0.507667 0.438497
v 0.135807 0.521813 0.426768
v 0.124152 0.554904 0.404902
v 0.122767 0.579224 0.379124
v 0.135000 0.576579 0.377147
v 0.139293 0.580228 0.364728
v 0.143461 0.581988 0.337591
v 0.150906 0.488393 0.433576
v 0.154824 0.512487 0.421408
v 0.145722 0.552643 0.394190
v 0.176977 -0.854961 0.757967
v 0.181082 -0.826569 0.651050
v 0.182600 -0.841543 0.712500
v 0.182115 -0.844705 0.732500
v 0.189211 -0.836137 0.761680
v 0.190775 -0.831092 0.799092
v 0.199606 -0.813285 0.726733
v 0.199640 -0.807983 0.813741
v 0.200606 -0.804436 0.675175
v 0.207717 -0.786806 0.651157
v 0.217008 -0.778003 0.689449
v 0.211424 -0.786674 0.792500
v -0.165074 0.515840 -0.171272
v -0.165082 0.555176 -0.165387
v -0.160253 0.534062 -0.186875
v -0.160452 0.563750 -0.171875
v -0.157893 0.575000 -0.175000
v -0.141000 0.491342 0.439041
v -0.148812 0.507257 0.423962
v -0.158414 0.520700 0.402986
v -0.145364 0.551990 0.390237
v -0.150699 0.564397 0.362063
v -0.155000 0.557219 0.375000
v -0.129865 0.503575 0.437900
v -0.131284 0.539433 0.406106
v -0.133304 0.580897 0.351459
v -0.118691 0.522757 0.422712
v -0.110899 0.572910 0.388725
v -0.116924 0.585156 0.370622
v -0.113113 0.552717 0.402696
v -0.112783 0.591940 0.341250
v -0.111293 0.594154 0.355000
v -0.100000 0.506792 0.446339
v -0.098828 0.514392 0.434801
v -0.105000 0.520962 0.435000
v -0.105406 0.535326 0.415714
v -0.100000 0.565000 0.399460
v -0.087838 0.488891 0.457450
v -0.094697 0.524671 0.424886
v -0.094287 0.535000 0.424209
v -0.084716 0.597082 0.375263
v -0.092462 0.603630 0.360123
v -0.085136 0.504871 0.444591
v -0.085000 0.512094 0.432984
v -0.085000 0.525000 0.427109
v -0.081669 0.539418 0.427217
v -0.085875 0.555290 0.415247
v -0.080180 0.564650 0.404807
v -0.078795 0.580445 0.393521
v -0.083595 0.612887 0.342882
v -0.073541 0.503360 0.444073
v -0.073866 0.513240 0.434269
v -0.075000 0.525000 0.428968
v -0.072661 0.543337 0.424191
v -0.063059 0.563051 0.416374
v -0.066250 0.618588 0.337500
v -0.065000 0.492876 0.465000
v -0.060750 0.506059 0.452570
v -0.060826 0.519785 0.440519
v -0.059412 0.535000 0.440523
v -0.065155 0.575059 0.405054
v -0.054874 0.504775 0.464355
v -0.054726 0.544341 0.434741
v -0.049684 0.558609 0.434367
v -0.054449 0.594781 0.394704
v -0.053633 0.603073 0.383126
v -0.050325 0.509840 0.487167
v -0.048355 0.524356 0.462284
v -0.045470 0.536194 0.488031
v -0.042057 0.573455 0.430937
v -0.045000 0.586489 0.406446
v -0.037500 0.597366 0.395339
v -0.050640 0.615231 0.370508
v -0.048651 0.618564 0.353257
v -0.043685 0.551250 0.492500
v -0.039963 0.573438 0.461875
v -0.040014 0.575000 0.445000
v -0.034933 0.584470 0.404625
v -0.030625 0.578436 0.422500
v -0.034784 0.586402 0.470266
v -0.035034 0.601200 0.493823
v -0.025000 0.605654 0.386381
v -0.013633 0.614138 0.373662
v -0.019171 0.586552 0.412677
v -0.023180 0.586873 0.457288
v -0.022017 0.604520 0.484871
v -0.016563 0.619461 0.343750
v -0.010000 0.589110 0.457500
v -0.012649 0.597238 0.471112
v -0.015000 0.597497 0.395000
v 0.073520 0.815000 -0.489300
v 0.096645 0.813786 -0.514387
v 0.090000 0.819210 -0.495000
v 0.110000 0.808821 -0.535000
v 0.115000 0.816348 -0.515000
v 0.125000 0.819619 -0.515000
v 0.125000 0.822383 -0.500000
v 0.135000 0.820134 -0.507500
v 0.135000 0.824422 -0.485000
v 0.143850 0.813788 -0.516893
v 0.146907 0.815924 -0.497500
v 0.146559 0.816628 -0.485000
v 0.015313 -0.622721 0.161239
v 0.026530 -0.624690 0.190535
v 0.043750 -0.623377 0.196261
v 0.038482 -0.612901 0.176605
v 0.061325 -0.616831 0.190377
v 0.062358 -0.607939 0.175466
v 0.075000 -0.608382 0.185000
v 0.085140 -0.595577 0.168474
v 0.105000 -0.614593 0.205423
v 0.112820 -0.595499 0.181274
v 0.120340 -0.627560 0.227687
v 0.113120 -0.615043 0.204929
v 0.119427 -0.582764 0.166776
v 0.127054 -0.607082 0.207126
v 0.135752 -0.612591 0.227617
v 0.155010 -0.598411 0.228668
v 0.138681 -0.569827 0.178739
v 0.162135 -0.617189 0.259764
v 0.160546 -0.563162 0.197042
v 0.148660 -0.518513 0.141240
v 0.164601 -0.624575 0.275000
v 0.166142 -0.575715 0.214272
v -0.148248 -0.141672 -0.012566
v -0.136529 -0.144489 -0.025344
v -0.126366 -0.116304 -0.008895
v -0.135415 -0.114618 -0.005444
v -0.106837 -0.143872 -0.035802
v -0.107330 -0.117711 -0.015575
v -0.093893 -0.130340 -0.028886
v -0.090000 -0.147911 -0.044739
v -0.079756 -0.085792 -0.007541
v -0.090572 -0.085322 -0.004778
v -0.061206 -0.102527 -0.022746
v -0.054981 -0.145011 -0.044990
v -0.047224 -0.128833 -0.038661
v -0.043040 -0.076552 -0.018600
v -0.043717 -0.145058 -0.054875
v -0.039356 -0.136501 -0.044116
v -0.022559 -0.090212 -0.029224
v -0.025000 -0.133834 -0.045456
v -0.017500 -0.117500 -0.039226
v -0.021250 -0.060604 -0.016784
v -0.018750 -0.042912 -0.006718
v -0.015000 -0.130192 -0.046603
v -0.009976 -0.104437 -0.035268
v -0.015000 -0.076062 -0.024307
v -0.010000 -0.055184 -0.014874
v 0.022500 -1.085000 0.509942
v 0.021460 -1.018136 0.499545
v 0.025486 -0.988432 0.498732
v 0.034351 -1.068019 0.504298
v 0.040188 -1.037339 0.497119
v 0.050506 -1.080563 0.505913
v 0.050000 -1.015937 0.492344
v 0.063054 -1.032558 0.497515
v 0.060696 -0.986338 0.494853
v 0.070000 -1.090000 0.509937
v 0.063750 -1.061786 0.503417
v 0.066406 -1.012500 0.494101
v 0.071468 -0.972329 0.508717
v 0.071004 -1.095117 0.602031
v 0.073449 -1.081121 0.571118
v 0.074910 -1.075019 0.504993
v 0.075550 -1.059716 0.594375
v 0.076673 -1.058125 0.504147
v 0.075536 -1.052545 0.613988
v 0.074938 -1.031178 0.622868
v 0.080203 -1.098750 0.520000
v 0.080528 -1.076583 0.536898
v 0.084127 -1.070053 0.515003
v 0.081808 -1.053823 0.550735
v 0.085554 -1.045156 0.513212
v 0.081954 -1.034708 0.557863
v 0.077355 -1.030000 0.576250
v 0.077555 -1.018750 0.582500
v 0.076935 -1.017500 0.610000
v 0.077452 -1.020000 0.632500
v 0.083627 -1.009576 0.557226
v 0.079177 -1.003164 0.580509
v 0.082137 -0.991716 0.515895
v 0.083217 -1.005000 0.565000
v 0.079790 -0.997500 0.630000
v 0.085030 -0.995037 0.585250
v 0.081485 -0.995000 0.595000
v 0.081426 -0.983688 0.600533
v 0.084414 -0.981649 0.569498
v 0.079591 -0.976250 0.610000
v 0.084333 -0.970000 0.526280
v 0.084686 -0.975581 0.575890
v 0.076037 -0.970000 0.625000
v 0.086826 -1.030000 0.532500
v 0.087129 -1.020000 0.515000
v 0.087819 -1.009141 0.531563
v 0.087485 -0.986250 0.530000
v 0.087197 -0.985000 0.585000
v 0.013029 -1.210451 0.654391
v 0.012686 -1.194629 0.662780
v 0.012603 -1.175121 0.672249
v 0.000000 -1.163046 0.681643
v 0.019480 -1.147737 0.684247
v 0.012176 -1.136061 0.692677
v 0.000000 -1.125000 0.700180
v 0.042364 -1.157911 0.663668
v 0.034980 -1.133807 0.681461
v 0.056804 -1.152980 0.649815
v 0.048119 -1.115740 0.672696
v -0.168285 0.499219 -0.552309
v -0.168000 0.502320 -0.519723
v -0.164845 0.524868 -0.554853
v -0.166768 0.530079 -0.539702
v -0.161941 0.527500 -0.520000
v -0.161213 0.545000 -0.535000
v 0.175092 -0.777707 0.870869
v 0.174329 -0.759911 0.799923
v 0.165000 -0.765000 0.871679
v 0.168575 -0.755651 0.820253
v 0.172500 -0.751352 0.866057
v 0.176297 -0.741360 0.817825
v 0.167890 -0.740562 0.837464
v 0.172500 -0.741355 0.857790
v 0.175000 -0.730310 0.845000
v 0.186119 -0.783634 0.865020
v 0.189700 -0.742676 0.855641
v 0.185062 -0.725101 0.825368
v 0.183761 -0.723733 0.835000
v 0.185000 -0.725568 0.843674
v 0.196886 -0.793298 0.841511
v 0.196861 -0.764724 0.850412
v 0.197247 -0.730363 0.845568
v 0.195000 -0.715942 0.832855
v 0.204064 -0.745000 0.843966
v 0.207188 -0.720364 0.835468
v 0.203364 -0.702676 0.807500
v 0.205000 -0.705621 0.823693
v 0.211075 -0.784159 0.810009
v 0.212923 -0.762470 0.825002
v 0.213961 -0.740000 0.833619
v 0.216731 -0.710510 0.825499
v 0.212123 -0.692895 0.805000
v 0.215000 -0.695787 0.813956
v 0.220484 -0.740000 0.825000
v 0.228808 -0.723364 0.803287
v 0.223028 -0.725000 0.825000
v 0.225000 -0.715000 0.819057
v 0.226629 -0.703196 0.815055
v 0.225000 -0.686279 0.801329
v 0.232259 -0.697500 0.803409
v 0.020885 0.658942 0.561114
v 0.002336 0.670216 0.573318
v 0.005461 0.702977 0.617751
v 0.030502 0.678150 0.591249
v 0.025000 0.713433 0.636624
v 0.034928 0.700801 0.622869
v 0.045353 0.646022 0.561565
v 0.044703 0.663963 0.585522
v 0.045099 0.672088 0.599717
v 0.044700 0.700002 0.629918
v 0.047533 0.636250 0.575000
v 0.047388 0.648750 0.592500
v 0.047014 0.651094 0.608906
v 0.054364 -0.170409 -0.274941
v 0.053937 -0.169274 -0.226406
v 0.052544 -0.155000 -0.200000
v 0.055973 -0.172592 -0.174375
v 0.051366 -0.150000 -0.217500
v 0.073402 -0.201945 -0.160490
v 0.063904 -0.186286 -0.287276
v 0.061457 -0.184907 -0.190491
v 0.084539 -0.197215 -0.265918
v 0.074301 -0.199094 -0.215156
v 0.093041 -0.205404 -0.207325
v 0.087500 -0.209251 -0.155625
v 0.092063 -0.194542 -0.290499
v 0.085000 -0.201860 -0.230000
v 0.113684 -0.209012 -0.168830
v 0.119404 -0.185643 -0.283739
v 0.134698 -0.195644 -0.186590
v 0.128671 -0.183498 -0.260841
v 0.129529 -0.186686 -0.243682
v 0.127338 -0.176180 -0.291304
v 0.136204 -0.186738 -0.222500
v 0.130253 -0.165000 -0.300000
v 0.133669 -0.157676 -0.290490
v 0.140647 -0.174710 -0.235613
v 0.140563 -0.157821 -0.257415
v 0.153207 -0.181777 -0.160507
v 0.150401 -0.161547 -0.203184
v 0.159434 -0.165937 -0.160000
v -0.255658 0.376681 0.123082
v -0.254614 0.368838 0.142516
v -0.256134 0.396387 0.142439
v -0.256041 0.416852 0.111717
v -0.255788 0.417500 0.138750
v -0.254953 0.444842 0.141057
v -0.244452 0.369346 0.091676
v -0.243885 0.385381 0.083155
v -0.244906 0.410129 0.081379
v -0.244901 0.435279 0.072246
v -0.249704 0.442391 0.103395
v -0.245701 0.447957 0.088645
v -0.237348 0.466815 0.138813
v -0.238115 0.354840 0.107157
v -0.233135 0.371110 0.062840
v -0.238008 0.394639 0.063951
v -0.236868 0.422791 0.051942
v -0.232499 0.451645 0.052093
v -0.238526 0.460361 0.091181
v -0.232040 0.340159 0.134789
v -0.227345 0.347427 0.091541
v -0.228155 0.382648 0.043811
v -0.226506 0.384650 0.029763
v -0.226645 0.404531 0.028964
v -0.221179 0.448654 0.012875
v -0.225149 0.475166 0.074389
v -0.218414 0.356441 0.048789
v -0.213955 0.375716 0.014875
v -0.220894 0.399687 0.011016
v -0.215526 0.463401 0.011012
v -0.212703 0.477891 0.050095
v -0.210643 0.343092 0.058722
v -0.207905 0.469993 0.004109
v -0.189633 0.333590 0.035836
v -0.192789 0.341592 0.026351
v -0.199370 0.360276 0.007220
v -0.172667 0.333453 0.014554
v -0.265007 -0.315220 0.174227
v -0.256773 -0.461796 0.187038
v -0.250988 -0.462919 0.224987
v -0.257631 -0.417187 0.234687
v -0.256022 -0.401284 0.250997
v -0.259265 -0.382344 0.190781
v -0.259947 -0.350625 0.199687
v -0.255065 -0.338791 0.264109
v -0.261179 -0.330000 0.182500
v -0.260075 -0.338691 0.225762
v -0.264614 -0.325000 0.205000
v -0.256416 -0.313831 0.185000
v -0.258263 -0.309713 0.197535
v -0.262256 -0.315000 0.224299
v -0.245603 -0.466714 0.247429
v -0.250651 -0.425215 0.261277
v -0.250350 -0.405000 0.270000
v -0.242269 -0.380774 0.293277
v -0.252124 -0.372761 0.265322
v -0.248740 -0.354932 0.282402
v -0.249327 -0.338700 0.279407
v -0.245310 -0.349643 0.306057
v -0.249796 -0.320000 0.265000
v -0.246121 -0.320735 0.286888
v -0.235460 -0.477729 0.267044
v -0.235124 -0.447360 0.297841
v -0.235992 -0.431080 0.310920
v -0.232010 -0.438364 0.327559
v -0.238014 -0.408788 0.316820
v -0.236942 -0.365742 0.321516
v -0.240480 -0.350000 0.315000
v -0.240345 -0.330000 0.313750
v -0.237993 -0.313580 0.305025
v -0.225643 -0.479304 0.295000
v -0.223443 -0.465240 0.318891
v -0.165780 0.454663 -0.535556
v -0.167310 0.464081 -0.546944
v -0.170963 0.470000 -0.535000
v -0.163844 0.468965 -0.517021
v -0.161352 0.470000 -0.556788
v 0.171474 -0.625058 0.302014
v 0.173185 -0.610217 0.274001
v 0.174671 -0.611192 0.287479
v 0.175401 -0.556290 0.213142
v 0.170291 -0.535636 0.189139
v 0.179608 -0.615000 0.305000
v 0.188739 -0.596998 0.302556
v 0.186705 -0.583128 0.263127
v 0.182636 -0.570229 0.234558
v 0.187744 -0.532989 0.220637
v 0.195792 -0.585600 0.293571
v 0.192138 -0.547500 0.235708
v 0.191801 -0.492080 0.209923
v 0.197552 -0.585000 0.315000
v 0.199996 -0.566250 0.283750
v 0.198617 -0.560000 0.260000
v 0.201523 -0.559375 0.308359
v 0.199405 -0.538125 0.254063
v 0.200397 -0.532031 0.311680
v 0.199591 -0.515312 0.272188
v 0.196457 -0.506250 0.303750
v 0.196963 -0.505910 0.241328
v 0.198166 -0.490000 0.290000
v -0.138862 -0.635960 -0.310238
v -0.128353 -0.638936 -0.341485
v -0.126075 -0.613359 -0.324494
v -0.109601 -0.628787 -0.364155
v -0.112828 -0.604422 -0.327892
v -0.104820 -0.590773 -0.319178
v -0.095000 -0.633262 -0.389387
v -0.091447 -0.612190 -0.354570
v -0.095000 -0.600944 -0.337710
v -0.087865 -0.589338 -0.313813
v -0.079761 -0.623997 -0.369757
v -0.064705 -0.631732 -0.370227
v -0.068234 -0.624758 -0.360392
v -0.065072 -0.615211 -0.337973
v -0.064967 -0.607586 -0.320039
v -0.059656 -0.635000 -0.360000
v -0.057978 -0.638828 -0.334688
v -0.060760 -0.620000 -0.321250
v 0.016586 0.510626 0.556081
v 0.013912 0.539805 0.589146
v 0.005000 0.552765 0.609369
v 0.019124 0.568593 0.623463
v -0.002516 0.567369 0.620212
v 0.023621 0.582519 0.637964
v -0.000241 0.592539 0.653002
v 0.012813 0.629412 0.511371
v 0.027229 0.521652 0.563418
v 0.034292 0.591841 0.642015
v 0.030868 0.626602 0.516306
v 0.041559 0.524798 0.552431
v 0.039738 0.542451 0.574504
v 0.040471 0.558438 0.593522
v 0.035000 0.578942 0.625000
v 0.046487 0.503038 0.526275
v 0.045633 0.515000 0.536760
v 0.043503 0.537549 0.565000
v 0.044814 0.565609 0.584036
v 0.044748 0.566357 0.595000
v 0.045640 0.582892 0.607224
v 0.045300 0.593851 0.537637
v 0.045880 0.589991 0.584986
v 0.045473 0.600837 0.642930
v 0.044392 0.600637 0.497411
v 0.038757 0.615000 0.505000
v 0.044487 0.620476 0.525040
v 0.054000 0.495307 0.495477
v 0.051065 0.514903 0.503494
v 0.048406 0.550000 0.536250
v 0.047228 0.551875 0.567500
v 0.047801 0.567500 0.509687
v 0.046577 0.572500 0.525000
v 0.047486 0.573750 0.573125
v 0.048708 0.575000 0.495000
v 0.046399 0.583750 0.497500
v 0.048630 0.580000 0.555000
v 0.046445 0.600000 0.517500
v 0.047132 0.603750 0.568125
v 0.046128 0.604297 0.589219
v 0.048542 0.602656 0.622188
v 0.048788 0.612500 0.634375
v 0.045921 0.612129 0.545625
v 0.047363 0.635000 0.555000
v -0.201828 -0.141410 0.340620
v -0.198094 -0.154836 0.370000
v -0.197005 -0.152126 0.387797
v -0.200156 -0.109819 0.327553
v -0.189628 -0.117449 0.389737
v -0.194483 -0.091285 0.326801
v -0.183348 -0.145946 0.399078
v -0.192470 -0.130000 0.375000
v -0.190179 -0.117500 0.360000
v -0.189821 -0.107980 0.375661
v -0.183373 -0.097500 0.393050
v -0.186113 -0.088981 0.380085
v -0.185706 -0.061312 0.328261
v -0.175815 -0.128707 0.405781
v -0.174595 -0.108487 0.404185
v -0.182960 -0.075000 0.361563
v -0.174524 -0.084563 0.403613
v -0.182033 -0.067500 0.375000
v -0.177807 -0.069764 0.396802
v -0.179903 -0.051250 0.388750
v -0.175014 -0.051018 0.405048
v -0.181531 -0.025625 0.330156
v -0.178212 -0.026875 0.365000
v -0.176878 -0.026250 0.393777
v -0.175000 -0.015000 0.399869
v -0.165355 -0.144130 0.418007
v -0.164029 -0.106250 0.412000
v -0.165000 -0.057500 0.408655
v -0.166787 -0.032500 0.406096
v -0.166131 -0.014053 0.405109
v 0.008159 -1.008608 0.844023
v 0.007500 -0.978954 0.867525
v 0.026033 -1.005511 0.845398
v 0.037647 -0.985060 0.848751
v 0.038358 -1.035640 0.816235
v 0.035000 -1.011234 0.833713
v 0.047856 -1.010623 0.828923
v 0.062934 -1.001817 0.821512
v 0.063871 -0.977541 0.834335
v 0.077285 -0.985000 0.817667
v 0.095000 -0.957640 0.815000
v 0.104443 -0.781953 0.489431
v 0.115121 -0.791109 0.522746
v 0.116134 -0.776050 0.504262
v 0.121474 -0.761953 0.485000
v 0.115197 -0.765254 0.495000
v 0.123552 -0.761064 0.505000
v 0.125827 -0.755893 0.495000
v 0.135000 -0.791810 0.595000
v 0.131173 -0.785000 0.600000
v 0.134829 -0.788989 0.610225
v 0.134710 -0.774266 0.575000
v 0.134296 -0.770267 0.588880
v 0.133592 -0.763013 0.548934
v 0.135107 -0.745901 0.492858
v 0.146307 -0.786601 0.590000
v 0.147238 -0.786050 0.608527
v 0.140512 -0.775000 0.621571
v 0.144887 -0.762099 0.626460
v 0.140631 -0.755958 0.599375
v 0.144363 -0.749606 0.610371
v 0.139414 -0.743263 0.517818
v 0.144394 -0.739661 0.570000
v 0.154921 -0.784482 0.564904
v 0.155127 -0.775366 0.592228
v 0.155275 -0.775098 0.618888
v 0.153307 -0.775000 0.625000
v 0.155000 -0.771313 0.635000
v 0.150086 -0.765000 0.635000
v 0.147061 -0.735601 0.551875
v 0.149595 -0.721587 0.493219
v 0.149427 -0.721712 0.543147
v 0.148898 -0.720000 0.571250
v 0.147987 -0.726875 0.602187
v 0.153044 -0.698945 0.601079
v 0.154982 -0.694713 0.577830
v 0.155257 -0.658808 0.627500
v 0.165000 -0.785000 0.557793
v 0.163383 -0.775000 0.561033
v 0.165340 -0.762952 0.563759
v 0.161496 -0.765000 0.575000
v 0.165187 -0.757898 0.590053
v 0.157917 -0.699219 0.491641
v 0.157100 -0.702500 0.530000
v 0.159775 -0.695000 0.495000
v 0.157849 -0.688750 0.507188
v 0.163909 -0.685000 0.495000
v 0.159708 -0.679420 0.548745
v 0.157651 -0.680156 0.597031
v 0.161111 -0.667155 0.485283
v 0.163614 -0.667896 0.500625
v 0.163932 -0.668152 0.532500
v 0.161508 -0.666875 0.567688
v 0.157598 -0.657500 0.602500
v -0.235444 -0.395000 -0.008912
v -0.226396 -0.424523 -0.014393
v -0.225033 -0.401193 -0.025043
v -0.227112 -0.385000 -0.017617
v -0.225222 -0.374238 -0.015364
v -0.225378 -0.374615 -0.005000
v -0.218485 -0.455000 -0.005000
v -0.217064 -0.443256 -0.020095
v -0.209400 -0.422388 -0.046136
v -0.215751 -0.378879 -0.028869
v -0.215783 -0.362470 -0.015000
v -0.220127 -0.365000 -0.005000
v -0.214340 -0.325000 -0.024085
v -0.202816 -0.400198 -0.047836
v -0.203896 -0.380000 -0.044037
v -0.199036 -0.357450 -0.037197
v -0.205266 -0.339942 -0.032533
v -0.205202 -0.317368 -0.035272
v -0.198802 -0.442500 -0.060526
v -0.191187 -0.376409 -0.051903
v -0.195133 -0.335453 -0.045236
v -0.186187 -0.445961 -0.077710
v -0.186564 -0.397296 -0.061262
v -0.184478 -0.348750 -0.053653
v -0.177622 -0.455985 -0.091672
v -0.168598 -0.418336 -0.081691
v -0.173973 -0.397615 -0.070128
v -0.170578 -0.375000 -0.062436
v -0.168308 -0.358438 -0.065385
v -0.173624 -0.337500 -0.063523
v -0.151049 -0.428378 -0.106775
v -0.165000 -0.337500 -0.069329
v -0.154433 -0.400650 -0.081667
v -0.157202 -0.383894 -0.073489
v -0.154381 -0.374127 -0.074808
v -0.047281 0.808360 0.818137
v -0.047537 0.831307 0.861357
v -0.049572 0.806250 0.890000
v -0.047375 0.797183 0.937526
v -0.047319 0.835200 0.922807
v -0.043514 0.838515 0.815105
v -0.048539 0.835000 0.900000
v -0.047181 0.840796 0.940000
v -0.042281 0.853127 0.899375
v -0.036180 0.848049 0.797603
v -0.038033 0.862008 0.837406
v -0.040440 0.862500 0.863125
v -0.041124 0.856250 0.955937
v -0.033849 0.863564 0.825070
v -0.035352 0.875393 0.881396
v -0.025000 0.872048 0.835000
v -0.024411 0.884918 0.926001
v -0.024330 0.884905 0.943918
v -0.008125 0.863295 0.807309
v -0.008122 0.873443 0.830174
v -0.007713 0.879950 0.852157
v -0.010826 0.884432 0.890893
v -0.015000 0.887544 0.931250
v 0.003438 0.889103 0.914375
v 0.012225 0.880266 0.842670
v -0.258019 -0.305000 0.205000
v -0.257950 -0.299642 0.226819
v -0.253416 -0.300972 0.246575
v -0.246701 -0.300685 0.185000
v -0.246736 -0.302971 0.262740
v -0.244834 -0.291643 0.165000
v -0.241121 -0.283812 0.176019
v -0.243676 -0.297073 0.195000
v -0.245153 -0.293394 0.209847
v -0.239148 -0.286576 0.234361
v -0.242601 -0.305000 0.290000
v -0.236862 -0.292698 0.271813
v -0.235967 -0.281204 0.207516
v -0.234638 -0.215954 0.179997
v -0.231685 -0.217534 0.208792
v -0.235142 -0.187817 0.208066
v -0.230583 -0.169565 0.210466
v -0.230422 -0.295000 0.310000
v -0.226652 -0.284256 0.271250
v -0.225501 -0.283950 0.294014
v -0.229250 -0.270000 0.206250
v -0.225942 -0.267663 0.226915
v -0.223475 -0.275718 0.256344
v -0.228340 -0.249883 0.174219
v -0.226879 -0.230343 0.226255
v -0.221441 -0.230043 0.304473
v -0.222233 -0.227844 0.294758
v -0.225288 -0.207688 0.298945
v -0.231327 -0.193750 0.161875
v -0.232892 -0.202500 0.229375
v -0.223869 -0.194074 0.261694
v -0.224815 -0.200269 0.309870
v -0.231778 -0.185000 0.195000
v -0.229491 -0.179311 0.238516
v -0.223690 -0.176912 0.285937
v -0.227934 -0.175000 0.163750
v -0.232341 -0.175000 0.195000
v -0.226207 -0.166267 0.256630
v -0.219138 -0.279044 0.325000
v -0.218966 -0.265625 0.282187
v -0.219977 -0.272532 0.309939
v -0.220976 -0.254219 0.244062
v -0.218054 -0.249254 0.299261
v -0.215846 -0.254749 0.309836
v -0.219043 -0.231563 0.258750
v -0.216642 -0.236250 0.272500
v -0.217144 -0.230000 0.285000
v -0.219201 -0.215938 0.320732
v -0.217994 -0.208750 0.270000
v -0.220257 -0.215000 0.285000
v -0.223969 -0.195000 0.315000
v -0.216048 -0.185227 0.319682
v -0.222106 -0.180000 0.295000
v -0.217548 -0.177558 0.304956
v -0.223251 -0.167500 0.275000
v -0.217462 -0.165000 0.295000
v -0.219917 -0.145000 0.190000
v -0.217667 -0.145484 0.211901
v -0.221969 -0.148764 0.263107
v -0.211540 -0.257227 0.330896
v -0.207590 -0.169915 0.342474
v -0.210030 -0.150000 0.305000
v 0.224456 -0.237283 0.327853
v 0.219050 -0.221610 0.316937
v 0.217483 -0.207500 0.323750
v 0.222648 -0.198030 0.305000
v 0.225666 -0.192146 0.287206
v 0.223646 -0.183750 0.319328
v 0.223255 -0.177500 0.288258
v 0.224091 -0.170328 0.269554
v 0.223864 -0.167494 0.293679
v 0.222174 -0.175000 0.325000
v 0.218966 -0.165000 0.305000
v 0.238367 -0.251874 0.331510
v 0.242424 -0.228675 0.292781
v 0.234160 -0.209950 0.289034
v 0.239903 -0.197184 0.274118
v 0.232107 -0.177883 0.259277
v 0.234429 -0.164929 0.241127
v 0.227272 -0.165000 0.255000
v 0.235017 -0.164703 0.225000
v 0.242237 -0.215000 0.280636
v 0.245747 -0.194289 0.265723
v 0.245639 -0.189296 0.248260
v 0.240480 -0.174817 0.230079
v 0.242811 -0.165756 0.212618
v 0.249670 -0.300000 0.330000
v 0.253663 -0.283125 0.319723
v 0.252430 -0.270000 0.324709
v 0.257056 -0.267467 0.315723
v 0.255904 -0.241312 0.296320
v 0.254975 -0.218210 0.269966
v 0.252521 -0.204707 0.260701
v 0.255540 -0.188182 0.232090
v 0.254287 -0.171703 0.202216
v 0.262706 -0.283087 0.294855
v 0.266270 -0.267330 0.178880
v 0.263377 -0.249954 0.292162
v 0.263950 -0.245000 0.179345
v 0.262937 -0.232463 0.275166
v 0.262466 -0.223282 0.258894
v 0.265420 -0.211312 0.238331
v 0.260815 -0.189898 0.217829
v 0.265289 -0.188356 0.191250
v 0.259601 -0.175000 0.180000
v 0.267853 -0.291875 0.210000
v 0.266693 -0.287500 0.187188
v 0.267138 -0.262813 0.277031
v 0.268818 -0.245078 0.227305
v 0.268134 -0.236250 0.256250
v 0.269367 -0.221250 0.200000
v 0.267654 -0.200000 0.188750
v 0.269280 -0.205000 0.215000
v 0.025468 -0.790483 0.399969
v 0.040260 -0.758259 0.347861
v 0.063261 -0.772482 0.386377
v 0.074621 -0.788660 0.425437
v 0.070807 -0.757170 0.360386
v 0.070082 -0.747211 0.340508
v 0.076901 -0.769623 0.391211
v 0.090694 -0.758305 0.390000
v 0.094518 -0.792933 0.469187
v 0.093667 -0.772256 0.430216
v 0.095481 -0.746072 0.369931
v 0.096521 -0.734487 0.349768
v 0.106069 -0.756509 0.413517
v 0.106684 -0.746569 0.395000
v 0.108961 -0.736523 0.367630
v 0.110455 -0.715762 0.333769
v 0.112870 -0.766490 0.466041
v 0.112788 -0.742533 0.405000
v 0.119804 -0.734605 0.394794
v 0.123686 -0.742739 0.431789
v 0.129905 -0.701834 0.340581
v 0.137651 -0.703830 0.372855
v 0.137993 -0.721457 0.423148
v 0.148178 -0.719081 0.465278
v 0.150685 -0.676556 0.345682
v 0.151968 -0.699087 0.425868
v 0.155018 -0.705030 0.444857
v 0.153560 -0.687770 0.387947
v 0.162240 -0.690000 0.457500
v 0.165477 -0.685199 0.445045
v 0.157832 -0.680000 0.475000
v 0.161135 -0.671810 0.381361
v 0.166423 -0.674476 0.420567
v 0.164570 -0.672878 0.463127
v 0.161148 -0.662750 0.361123
v 0.164324 -0.658164 0.471024
v -0.043361 0.748236 0.842216
v -0.044554 0.754195 0.863952
v -0.046640 0.772793 0.830072
v -0.048504 0.775000 0.851250
v -0.045778 0.762891 0.884921
v -0.048853 0.781875 0.892031
v -0.046253 0.774880 0.926635
v -0.040656 0.743750 0.816250
v -0.035287 0.733698 0.829532
v -0.028647 0.754149 0.903994
v -0.030927 0.763773 0.965533
v -0.018604 0.733912 0.852831
v -0.014625 0.722919 0.829862
v -0.004837 0.743607 0.895206
v -0.015000 0.758019 0.940000
v 0.002888 0.716596 0.827080
v 0.005837 0.734550 0.876804
v -0.003844 0.755855 0.971875
v 0.012389 0.746894 0.930708
v -0.215051 -0.129800 0.202920
v -0.216086 -0.128207 0.234013
v -0.214340 -0.125145 0.261044
v -0.220192 -0.119439 0.178998
v -0.209096 -0.120122 0.289067
v -0.213065 -0.115625 0.214062
v -0.205528 -0.117230 0.312114
v -0.209526 -0.105756 0.250094
v -0.209940 -0.107037 0.295000
v -0.210899 -0.089786 0.217109
v -0.212536 -0.082500 0.180000
v -0.205323 -0.091027 0.285000
v -0.202090 -0.062244 0.233520
v -0.205083 -0.072838 0.255434
v -0.212591 -0.055000 0.175000
v -0.205438 -0.054853 0.211973
v -0.206547 -0.028971 0.182079
v -0.206149 -0.012500 0.176385
v -0.203330 -0.082500 0.270000
v -0.197780 -0.078536 0.302698
v -0.201202 -0.063750 0.268750
v -0.199977 -0.057353 0.277951
v -0.195504 -0.053060 0.287019
v -0.194831 -0.027683 0.260793
v -0.201295 -0.010000 0.185000
v -0.198743 -0.008125 0.200618
v -0.198722 0.013090 0.178060
v -0.194737 0.013125 0.210683
v -0.190595 -0.055071 0.302187
v -0.190683 -0.030000 0.280000
v -0.190218 -0.020000 0.232500
v -0.187239 -0.013876 0.292679
v -0.192247 -0.010000 0.275000
v -0.190023 0.001250 0.220000
v -0.188985 -0.002500 0.244375
v -0.191137 0.002500 0.266250
v -0.183117 -0.025000 0.315000
v 0.169850 -0.631875 0.504062
v 0.166541 -0.635000 0.530000
v 0.171906 -0.615000 0.495000
v -0.172940 0.020548 0.146661
v -0.170755 0.041132 0.158473
v -0.175000 0.057713 0.165000
v -0.162391 0.057484 0.158939
v -0.159161 0.015000 0.125000
v -0.159844 0.025000 0.135000
v -0.196586 0.029989 0.185019
v -0.193623 0.036903 0.209408
v -0.193528 0.060484 0.213522
v -0.194331 0.083341 0.223943
v -0.194781 0.086414 0.203266
v -0.196279 0.101311 0.229641
v -0.195031 0.108750 0.211390
v -0.197177 0.126764 0.232372
v -0.194388 0.130131 0.215698
v -0.193199 0.133800 0.258272
v -0.195993 0.157812 0.221357
v -0.201842 0.164219 0.239181
v -0.195183 0.175615 0.279321
v -0.189477 0.023438 0.234063
v -0.184261 0.031797 0.272404
v -0.188765 0.035644 0.177416
v -0.185708 0.039591 0.259278
v -0.185078 0.036260 0.284718
v -0.188181 0.053750 0.235000
v -0.184095 0.063737 0.179339
v -0.191406 0.055000 0.195000
v -0.186414 0.067163 0.257741
v -0.187745 0.082152 0.194797
v -0.188952 0.100000 0.266250
v -0.184348 0.115554 0.292569
v -0.180915 0.118452 0.197132
v -0.189661 0.115000 0.252500
v -0.186444 0.123959 0.279255
v -0.186637 0.153750 0.212429
v -0.191278 0.145000 0.270000
v -0.180701 0.040000 0.300000
v -0.181682 0.055000 0.292500
v -0.175406 0.057067 0.315787
v -0.175056 0.065071 0.174878
v -0.177632 0.073750 0.302893
v -0.175678 0.087244 0.184406
v -0.178020 0.103109 0.307407
v -0.172968 0.131250 0.190468
v -0.163182 0.101297 0.173465
v -0.166022 0.160000 0.182101
v -0.145000 -0.788752 0.602500
v -0.145000 -0.781474 0.625000
v -0.151291 -0.775000 0.635000
v -0.144736 -0.769941 0.624581
v -0.146057 -0.740645 0.601229
v -0.148296 -0.730000 0.602500
v -0.149897 -0.720000 0.625000
v -0.149489 -0.715000 0.483750
v -0.150431 -0.700000 0.585000
v -0.152649 -0.665000 0.625000
v -0.154212 -0.655000 0.615000
v -0.134897 -0.785317 0.605240
v -0.143164 -0.785000 0.615000
v -0.139029 -0.767500 0.607096
v -0.135475 -0.764697 0.581071
v -0.133395 -0.755139 0.540390
v -0.142594 -0.739999 0.561171
v -0.132200 -0.785000 0.590000
v -0.120949 -0.784557 0.541945
v -0.125591 -0.767535 0.532342
v -0.113679 -0.770280 0.487232
v -0.112076 -0.776364 0.500062
v 0.022685 0.711561 0.817744
v 0.019856 0.715011 0.829990
v 0.026804 0.724849 0.849634
v 0.021240 0.742563 0.915002
v 0.025000 0.731946 0.875000
v 0.032989 0.741140 0.900850
v 0.031875 0.747350 0.932500
v 0.040000 0.721038 0.825000
v 0.051271 0.739810 0.874379
v 0.061664 0.750246 0.909286
v 0.066530 0.724321 0.816165
v 0.065000 0.730062 0.830000
v 0.066009 0.741386 0.861298
v 0.072740 0.741790 0.827500
v 0.070487 0.735000 0.835000
v 0.074428 0.746568 0.845000
v 0.074493 0.746048 0.855000
v 0.075604 0.753525 0.872550
v 0.072746 0.758270 0.908862
v 0.072877 0.769375 0.936426
v 0.074679 0.793880 0.939248
v 0.077088 0.762109 0.823359
v 0.077780 0.772500 0.883750
v 0.076699 0.765000 0.915000
v 0.077954 0.785289 0.909396
v 0.082874 0.799342 0.847294
v 0.176277 -0.405889 0.108081
v 0.175385 -0.388070 0.091168
v 0.180137 -0.426341 0.137536
v 0.180826 -0.371427 0.077011
v 0.188729 -0.335007 0.043033
v 0.195517 -0.405483 0.143724
v 0.194605 -0.390988 0.135844
v 0.195424 -0.380527 0.118808
v 0.193003 -0.382883 0.125000
v 0.196175 -0.365314 0.093973
v 0.195152 -0.335086 0.044911
v 0.204403 -0.395171 0.147875
v 0.202744 -0.370560 0.109709
v 0.211248 -0.356585 0.099800
v 0.205612 -0.350674 0.079978
v 0.204156 -0.330726 0.057171
v 0.215307 -0.385478 0.150613
v 0.215727 -0.366032 0.119787
v 0.215540 -0.337700 0.086061
v 0.223321 -0.356092 0.137118
v 0.221014 -0.348928 0.117174
v 0.228890 -0.337500 0.136014
v 0.236086 -0.334590 0.150827
v -0.142150 -0.907398 0.731147
v -0.150704 -0.883941 0.771242
v -0.148093 -0.879329 0.703754
v -0.153319 -0.884108 0.730000
v -0.155575 -0.874811 0.732927
v -0.146722 -0.864541 0.673251
v -0.155987 -0.856109 0.662500
v -0.155000 -0.857998 0.685000
v -0.134913 -0.919744 0.750697
v -0.135688 -0.906593 0.692274
v -0.142359 -0.902797 0.777359
v -0.139295 -0.893534 0.688484
v -0.137546 -0.885000 0.685000
v -0.138328 -0.875000 0.675000
v -0.125688 -0.940000 0.754745
v -0.124863 -0.940249 0.719444
v -0.121347 -0.948484 0.736250
v -0.125834 -0.929964 0.769383
v -0.121395 -0.905317 0.667431
v -0.125997 -0.895366 0.654072
v -0.128000 -0.885000 0.655000
v -0.119528 -0.925919 0.681245
v -0.105222 -0.932384 0.658897
v -0.132546 0.539562 -0.443254
v -0.136663 0.561013 -0.448750
v -0.134128 0.567100 -0.416843
v -0.125108 0.528749 -0.437354
v -0.126994 0.562290 -0.389377
v -0.132401 0.580547 -0.400762
v -0.130940 0.575000 -0.375000
v -0.124102 0.569785 -0.340168
v -0.128551 0.597826 -0.420651
v -0.131522 0.585000 -0.318750
v -0.115199 0.501987 -0.456829
v -0.114999 0.524153 -0.426286
v -0.115609 0.549086 -0.378561
v -0.112922 0.557044 -0.341250
v -0.116112 0.622955 -0.407949
v -0.120244 0.626596 -0.360776
v -0.117168 0.644857 -0.307862
v -0.097548 0.505219 -0.458020
v -0.095231 0.523816 -0.429299
v -0.102466 0.538126 -0.397106
v -0.105000 0.548216 -0.370000
v -0.099504 0.553451 -0.351493
v -0.110747 0.616629 -0.447323
v -0.104763 0.624774 -0.434732
v -0.104703 0.634638 -0.404648
v -0.106805 0.636822 -0.392500
v -0.085478 0.516880 -0.452557
v -0.086757 0.532938 -0.420481
v -0.091167 0.546989 -0.387925
v -0.092538 0.553744 -0.365000
v -0.088630 0.561848 -0.341177
v -0.095000 0.623876 -0.441137
v -0.090000 0.630466 -0.419586
v -0.089863 0.637219 -0.401334
v -0.083882 0.622279 -0.437430
v -0.085000 0.640081 -0.390000
v -0.071789 0.544576 -0.443095
v -0.074684 0.555721 -0.405680
v -0.073309 0.573940 -0.332500
v -0.076368 0.617812 -0.430582
v -0.077929 0.635000 -0.395000
v -0.067659 0.567813 -0.423984
v -0.073647 0.565535 -0.377392
v -0.066823 0.584625 -0.354687
v -0.067423 0.591250 -0.437656
v -0.065734 0.593208 -0.382267
v -0.066788 0.595000 -0.416250
v -0.066536 0.613024 -0.385412
v -0.063614 0.605000 -0.370000
v -0.060581 0.615000 -0.346250
v -0.147674 0.196250 0.150740
v -0.146180 0.255000 0.145000
v -0.144566 0.275246 0.125792
v -0.142487 0.284335 0.102023
v -0.129184 0.227009 0.133368
v -0.137998 0.247062 0.140084
v -0.132313 0.268934 0.125032
v -0.127500 0.296547 0.067406
v -0.137734 0.320337 0.018764
v -0.126701 0.177277 0.124664
v -0.118963 0.205937 0.128745
v -0.118848 0.255000 0.128567
v -0.125000 0.275373 0.115432
v -0.117093 0.288301 0.093286
v -0.116170 0.304079 0.056544
v -0.107995 0.182445 0.119550
v -0.110707 0.242500 0.126690
v -0.115501 0.265248 0.121787
v -0.114815 0.294962 0.074933
v -0.115000 0.320940 0.025000
v -0.104816 0.260140 0.118447
v -0.098448 0.282685 0.106754
v -0.100000 0.291914 0.094271
v -0.091807 0.254161 0.117473
v -0.094802 0.312658 0.059851
v -0.064333 0.239048 0.114535
v -0.080657 0.282962 0.105693
v -0.083387 0.294831 0.094864
v -0.086933 0.306729 0.085405
v -0.067500 0.180000 0.108677
v -0.079650 0.204660 0.117062
v -0.067833 0.267046 0.115719
v -0.075000 0.275000 0.111596
v -0.075000 0.302500 0.100059
v -0.080764 0.305000 0.095000
v -0.081420 0.315000 0.095000
v -0.065000 0.195000 0.112006
v -0.063721 0.285618 0.105417
v -0.064415 0.294268 0.093936
v -0.062569 0.310984 0.100406
v -0.051735 0.192588 0.106287
v -0.051733 0.223125 0.110095
v -0.055000 0.275000 0.110777
v -0.050266 0.283433 0.096268
v -0.035201 0.190220 0.098858
v -0.044178 0.235000 0.105378
v -0.036528 0.251334 0.103629
v -0.033817 0.298245 0.085605
v -0.035000 0.310000 0.083316
v -0.025000 0.175000 0.093853
v -0.025000 0.195000 0.096868
v -0.020000 0.206618 0.103750
v -0.027926 0.218750 0.107487
v -0.023750 0.235352 0.108269
v -0.025000 0.265000 0.099370
v -0.024447 0.284740 0.093315
v -0.015000 0.215000 0.111595
v -0.012500 0.231341 0.111101
v -0.015000 0.265000 0.097190
v -0.015176 0.283884 0.097241
v -0.013022 0.315000 0.094136
v -0.005000 0.186517 0.094775
v -0.005000 0.195000 0.096075
v -0.005000 0.262500 0.100439
v -0.005000 0.293750 0.102392
v -0.039660 0.831158 0.790374
v -0.025000 0.857912 0.803716
v -0.016589 0.846741 0.782755
v 0.014368 0.862030 0.802620
v 0.179600 0.025370 0.155484
v 0.016876 0.595693 0.658567
v 0.019909 0.605784 0.669199
v 0.010004 0.621332 0.689482
v 0.006202 0.632814 0.703904
v 0.031727 0.616239 0.676293
v 0.035699 0.604569 0.656161
v 0.041553 0.627660 0.685264
v -0.065764 -1.008043 0.816177
v -0.067273 -0.969487 0.833813
v -0.057337 -1.027708 0.811505
v -0.043719 -0.997051 0.838455
v -0.048765 -0.976930 0.844359
v -0.035530 -1.029037 0.823697
v -0.022500 -1.017156 0.838287
v -0.019712 -0.981492 0.863828
v -0.019447 -0.964751 0.871866
v -0.017500 -1.030946 0.823755
v 0.089913 0.250216 0.473920
v 0.084333 0.280000 0.474238
v 0.079264 0.332500 0.477412
v 0.094555 0.175971 0.474111
v 0.094324 0.230000 0.474358
v 0.093659 0.270982 0.464062
v 0.101872 0.294418 0.466877
v 0.106289 0.321250 0.466069
v 0.097660 0.190000 0.475000
v 0.105151 0.201155 0.466481
v 0.110515 0.227217 0.461014
v 0.105000 0.235000 0.469100
v 0.106449 0.273604 0.457488
v 0.114021 0.195000 0.464174
v 0.115350 0.207647 0.456420
v 0.116404 0.264961 0.449532
v 0.124480 0.181094 0.452628
v 0.133537 0.197845 0.446782
v 0.125000 0.240000 0.447183
v 0.126927 0.261819 0.445460
v 0.127373 0.319947 0.461521
v 0.137404 0.278750 0.445630
v 0.140088 0.298239 0.448596
v 0.135000 0.321260 0.456261
v 0.151325 0.213750 0.438340
v 0.145000 0.242500 0.440696
v 0.147582 0.280248 0.439953
v 0.145201 0.324835 0.455076
v 0.156188 0.190000 0.435758
v 0.155877 0.260000 0.435765
v 0.154068 0.291213 0.433727
v 0.154157 0.310000 0.438886
v 0.153760 0.329798 0.443980
v 0.162685 0.275000 0.425000
v -0.057611 0.486738 0.488183
v -0.043344 0.478750 0.520883
v -0.045217 0.523690 0.505079
v -0.044231 0.536933 0.520055
v -0.028160 0.507065 0.547021
v -0.043287 0.505000 0.525000
v -0.039710 0.505000 0.535000
v -0.039737 0.531250 0.546875
v -0.039918 0.548125 0.561250
v -0.042767 0.555000 0.505000
v -0.041446 0.561201 0.528145
v -0.038671 0.563125 0.571875
v -0.028640 0.552903 0.588367
v -0.035450 0.566028 0.589551
v -0.039363 0.580000 0.565000
v -0.035380 0.590000 0.596344
v -0.037772 0.590625 0.524844
v -0.035949 0.600016 0.564376
v -0.035203 0.606821 0.581283
v -0.034521 0.619462 0.533062
v -0.025000 0.536680 0.573547
v -0.025157 0.576676 0.620231
v -0.031856 0.582500 0.607500
v -0.032560 0.593125 0.616250
v -0.029176 0.592500 0.630000
v -0.024226 0.608750 0.651731
v -0.019796 0.612354 0.495109
v -0.026456 0.615514 0.504286
v -0.032978 0.619981 0.573379
v -0.032308 0.617500 0.627500
v -0.019470 0.623953 0.512559
v -0.023419 0.632288 0.528424
v -0.031364 0.625000 0.640000
v -0.030550 0.635000 0.545000
v -0.027298 0.635000 0.610000
v -0.027765 0.640175 0.627400
v -0.020687 0.648076 0.549677
v -0.010000 0.489981 0.544789
v -0.012318 0.528572 0.570121
v -0.011723 0.547089 0.590250
v -0.014114 0.572443 0.619690
v -0.010000 0.643761 0.537842
v -0.003914 0.505132 0.554911
v -0.010992 0.589747 0.641909
v -0.235264 -0.346391 0.336720
v -0.226008 -0.449823 0.336553
v -0.225323 -0.437182 0.365650
v -0.227871 -0.428750 0.347500
v -0.228781 -0.405703 0.352479
v -0.230275 -0.369063 0.345625
v -0.225806 -0.366809 0.367033
v -0.227744 -0.342458 0.352596
v -0.224222 -0.330000 0.364364
v -0.226779 -0.316224 0.343279
v -0.215755 -0.457625 0.370195
v -0.218688 -0.436250 0.376008
v -0.214631 -0.429886 0.387461
v -0.215925 -0.406258 0.396259
v -0.222570 -0.397500 0.377500
v -0.222504 -0.390000 0.385000
v -0.219923 -0.367500 0.380175
v -0.212815 -0.342436 0.390251
v -0.216552 -0.316230 0.373716
v -0.205755 -0.476150 0.345000
v -0.205843 -0.476224 0.355000
v -0.207059 -0.475000 0.365000
v -0.200635 -0.468777 0.378521
v -0.202286 -0.451547 0.394512
v -0.198400 -0.426380 0.413809
v -0.203742 -0.402439 0.410706
v -0.207518 -0.368288 0.401637
v -0.205714 -0.333869 0.395961
v -0.203834 -0.299460 0.386336
v -0.195585 -0.476259 0.386657
v -0.191189 -0.464751 0.402885
v -0.190853 -0.409652 0.423515
v -0.194609 -0.373161 0.414602
v -0.190040 -0.359531 0.422804
v -0.197932 -0.333945 0.411179
v -0.190388 -0.475000 0.395000
v -0.189438 -0.475000 0.410000
v -0.189070 -0.480137 0.428141
v -0.186543 -0.445652 0.420845
v -0.182953 -0.387159 0.424391
v -0.185858 -0.330089 0.425786
v -0.187815 -0.310937 0.417534
v -0.177412 -0.457315 0.440155
v -0.181546 -0.475000 0.445000
v -0.173560 -0.475635 0.464387
v -0.173149 -0.456366 0.460403
v -0.173398 -0.447527 0.450000
v -0.171585 -0.425816 0.436525
v -0.171777 -0.335156 0.442429
v -0.165893 -0.464785 0.474441
v -0.165593 -0.449696 0.470309
v -0.165065 -0.436814 0.450273
v -0.160168 -0.400765 0.450127
v -0.159180 -0.381931 0.449047
v -0.165445 -0.366542 0.445274
v -0.166404 -0.323125 0.449401
v -0.151557 -0.450468 0.478527
v -0.149812 -0.427906 0.463356
v -0.151555 -0.360000 0.460757
v -0.147736 -0.345000 0.468294
v -0.194383 0.495118 0.370806
v -0.185937 0.502837 0.391068
v -0.184890 0.519095 0.364873
v -0.190835 0.520000 0.330000
v -0.187370 0.529481 0.321250
v -0.178076 0.509496 0.394792
v -0.175640 0.526567 0.385647
v -0.180926 0.535064 0.354119
v -0.175743 0.545450 0.320402
v -0.175354 0.545312 0.360075
v -0.166107 0.499529 0.411303
v -0.165474 0.526805 0.394707
v -0.166039 0.546880 0.376103
v -0.164138 0.554248 0.360127
v 0.017975 0.612606 0.202005
v 0.027151 0.627081 0.232529
v 0.021287 0.630584 0.272344
v 0.022500 0.627980 0.300000
v 0.034326 0.609493 0.182533
v 0.032368 0.620305 0.210385
v 0.042250 0.633247 0.240935
v 0.040192 0.633381 0.302069
v 0.035000 0.637462 0.270000
v 0.048719 0.606058 0.182370
v 0.050000 0.637505 0.262500
v 0.050000 0.638119 0.285000
v 0.060000 0.615567 0.194195
v 0.053361 0.634947 0.245381
v 0.063210 0.631268 0.302956
v 0.066025 0.603645 0.178016
v 0.065487 0.622918 0.209931
v 0.070129 0.630106 0.238048
v 0.066906 0.633333 0.264569
v 0.066505 0.631937 0.290000
v 0.075850 0.610534 0.180271
v 0.075037 0.620835 0.203654
v 0.085000 0.612082 0.179359
v 0.100365 0.608492 0.180000
v 0.094504 0.614766 0.185000
v 0.092186 0.614151 0.203437
v 0.091815 0.616974 0.242837
v 0.095000 0.619286 0.283750
v 0.105000 0.607607 0.175000
v 0.105991 0.608364 0.254258
v 0.116486 0.604530 0.320625
v 0.115878 0.598973 0.194375
v 0.114924 0.600897 0.243000
v 0.115637 0.605458 0.270000
v 0.130676 0.590479 0.178389
v 0.125000 0.588946 0.202500
v 0.127346 0.596752 0.262500
v 0.135434 0.582517 0.202219
v 0.132213 0.586901 0.228581
v 0.137696 0.591033 0.289375
v 0.133030 0.593384 0.302500
v 0.145000 0.578626 0.190000
v 0.153209 0.573466 0.175000
v 0.163388 0.567381 0.245013
v 0.155216 0.572142 0.275625
v 0.146371 0.585000 0.275000
v -0.152616 -0.640588 0.028317
v -0.146047 -0.643121 -0.000617
v -0.146209 -0.639570 0.056555
v -0.135000 -0.649039 0.012188
v -0.125276 -0.645431 0.074713
v -0.130000 -0.641734 0.082500
v -0.141109 -0.631214 0.105645
v -0.128218 -0.636219 0.140917
v -0.125000 -0.650278 0.020625
v -0.120194 -0.637817 0.121129
v -0.113002 -0.646186 0.003125
v -0.112222 -0.645723 0.038437
v -0.112995 -0.644004 0.145000
v -0.101958 -0.646364 0.116961
v -0.102842 -0.638038 0.011250
v -0.097402 -0.637337 0.032372
v -0.098750 -0.640843 0.082500
v -0.095000 -0.638637 0.060000
v -0.093281 -0.644159 0.095000
v -0.087900 -0.655973 0.140580
v -0.080936 -0.645006 0.084954
v -0.085000 -0.651060 0.125000
v -0.080625 -0.634620 0.043538
v -0.085000 -0.636879 0.070000
v -0.072020 -0.657684 0.109076
v -0.075000 -0.641181 0.065000
v -0.055674 -0.681518 0.146649
v -0.061424 -0.657571 0.089709
v -0.065000 -0.637950 0.048115
v -0.055149 -0.667574 0.122233
v -0.056342 -0.646569 0.052651
v -0.057918 -0.635265 0.034551
v -0.043286 -0.666029 0.100060
v -0.047091 -0.656715 0.066244
v -0.044494 -0.645088 0.034908
v -0.045000 -0.648826 0.045000
v -0.045297 -0.635037 0.024949
v -0.033095 -0.685971 0.144678
v -0.032309 -0.676040 0.129743
v -0.022489 -0.664546 0.115633
v -0.034500 -0.654231 0.071632
v -0.031652 -0.654166 0.084578
v -0.032894 -0.644305 0.053874
v -0.033812 -0.635757 0.034039
v -0.025000 -0.689861 0.155000
v -0.018619 -0.679172 0.143976
v -0.019405 -0.648998 0.098255
v -0.022888 -0.611867 0.033071
v -0.015000 -0.682533 0.155000
v -0.017698 -0.630059 0.074744
v -0.003393 -0.667363 0.145000
v -0.006362 -0.634535 0.097170
v 0.169817 -0.291917 0.452320
v 0.174667 -0.270410 0.444483
v 0.159979 -0.256269 0.458771
v 0.170819 -0.249901 0.443084
v 0.164806 -0.251154 0.455528
v 0.169297 -0.229548 0.434867
v 0.165294 -0.233527 0.445305
v 0.170268 -0.218198 0.427932
v 0.171578 -0.200256 0.420185
v 0.178478 -0.178711 0.413307
v 0.182951 -0.277500 0.430296
v 0.183639 -0.264813 0.430605
v 0.183526 -0.250000 0.422111
v 0.181228 -0.235000 0.425000
v 0.184457 -0.227347 0.414655
v 0.193405 -0.195000 0.402120
v 0.174372 -0.149844 0.410885
v 0.194439 -0.269976 0.414440
v 0.193087 -0.250559 0.411062
v 0.194165 -0.215000 0.404446
v 0.196027 -0.176973 0.396343
v 0.193406 -0.143739 0.388537
v 0.204427 -0.271968 0.402078
v 0.207397 -0.241383 0.389836
v 0.205855 -0.218507 0.396602
v 0.205769 -0.180344 0.385989
v 0.197295 -0.160000 0.385000
v 0.206218 -0.165000 0.375830
v 0.207646 -0.164777 0.354809
v 0.203232 -0.156835 0.367096
v 0.213696 -0.267109 0.387102
v 0.214474 -0.222475 0.371768
v 0.212617 -0.202642 0.369134
v 0.211517 -0.193605 0.375148
v 0.213344 -0.175895 0.342454
v 0.221629 -0.288844 0.382581
v 0.222839 -0.259406 0.365657
v 0.224726 -0.245314 0.354691
v 0.216396 -0.240000 0.365000
v 0.222360 -0.239351 0.345000
v 0.225005 -0.235252 0.354982
v 0.222698 -0.225000 0.345000
v 0.222091 -0.220000 0.355000
v 0.218916 -0.215000 0.335000
v 0.216452 -0.210000 0.345000
v 0.225036 -0.203556 0.334682
v 0.215673 -0.195000 0.345000
v 0.216937 -0.195000 0.355000
v 0.219305 -0.185000 0.335000
v 0.236367 -0.295918 0.366445
v 0.233631 -0.273860 0.360548
v 0.244327 -0.271985 0.342712
v 0.247046 -0.300000 0.345000
v 0.249193 -0.280000 0.335000
v 0.175641 -0.765494 0.743335
v 0.175390 -0.765482 0.780000
v 0.177616 -0.758593 0.703125
v 0.175000 -0.761860 0.725000
v 0.183275 -0.750568 0.720000
v 0.189186 -0.741591 0.746250
v 0.183691 -0.750760 0.770229
v 0.183232 -0.746088 0.788389
v 0.182381 -0.743666 0.647768
v 0.186452 -0.746724 0.675000
v 0.188646 -0.745000 0.695000
v 0.191676 -0.728631 0.643906
v 0.192848 -0.733352 0.662295
v 0.195066 -0.735018 0.685112
v 0.194401 -0.734086 0.704375
v 0.194544 -0.726898 0.774029
v 0.203644 -0.716966 0.684410
v 0.201659 -0.725000 0.703750
v 0.202239 -0.720139 0.737299
v 0.203493 -0.717181 0.750000
v 0.204188 -0.713587 0.721250
v 0.200532 -0.712524 0.770953
v 0.201002 -0.709601 0.782500
v 0.213981 -0.784200 0.755121
v 0.212098 -0.701588 0.652332
v 0.212559 -0.699059 0.691607
v 0.210125 -0.702251 0.731875
v 0.213050 -0.691616 0.753009
v 0.213135 -0.688812 0.777847
v 0.216477 -0.686986 0.795000
v 0.220404 -0.758730 0.628376
v 0.223151 -0.755404 0.770592
v 0.228062 -0.755129 0.681250
v 0.223789 -0.762408 0.733832
v 0.221467 -0.678843 0.646159
v 0.223911 -0.679196 0.668125
v 0.222480 -0.679936 0.696655
v 0.222092 -0.679797 0.729375
v 0.229741 -0.662228 0.745039
v 0.225541 -0.670653 0.767728
v 0.226808 -0.675887 0.785000
v 0.231825 -0.736127 0.641875
v 0.236368 -0.734087 0.672669
v 0.231941 -0.738126 0.744756
v 0.230980 -0.735557 0.771906
v 0.235936 -0.683407 0.794374
v 0.232856 -0.659790 0.648750
v 0.233633 -0.661239 0.683438
v 0.233825 -0.659722 0.718099
v 0.235000 -0.665054 0.774882
v 0.234904 -0.654822 0.652961
v 0.235969 -0.656110 0.755000
v 0.247264 -0.708040 0.671648
v 0.243560 -0.710729 0.741250
v 0.240609 -0.698812 0.783479
v 0.241560 -0.685000 0.785000
v 0.237135 -0.675000 0.785000
v 0.245000 -0.671265 0.775503
v 0.245000 -0.656434 0.763460
v 0.245720 -0.647080 0.638125
v 0.245291 -0.645428 0.674770
v 0.245067 -0.645076 0.720258
v 0.244273 -0.645827 0.742533
v 0.249937 -0.703465 0.711705
v 0.251056 -0.689810 0.638636
v 0.251976 -0.687623 0.749617
v 0.252143 -0.673814 0.761508
v 0.250661 -0.665000 0.765000
v 0.255331 -0.654164 0.755362
v 0.256673 -0.644301 0.745869
v 0.255000 -0.640791 0.650000
v 0.261199 -0.668575 0.649375
v 0.262791 -0.672813 0.692931
v 0.261236 -0.660000 0.745000
v 0.264894 -0.652972 0.734572
v 0.265335 -0.646242 0.654905
v 0.265064 -0.644785 0.735096
v 0.267962 -0.650000 0.712500
v 0.012150 -0.776620 0.893119
v 0.014426 -0.708441 0.868208
v 0.020561 -0.666403 0.826171
v 0.015000 -0.649558 0.811728
v 0.027500 -0.721504 0.875647
v 0.028472 -0.740983 0.883950
v 0.043535 -0.692275 0.852653
v 0.035000 -0.666404 0.823284
v 0.053722 -0.718151 0.869244
v 0.045174 -0.670251 0.829530
v 0.060126 -0.732831 0.875755
v 0.055000 -0.705000 0.860976
v 0.058501 -0.686959 0.837864
v 0.062627 -0.672859 0.816504
v 0.071614 -0.698938 0.845745
v 0.075000 -0.780000 0.888249
v 0.070715 -0.755140 0.881711
v 0.085637 -0.688522 0.821879
v 0.091666 -0.751200 0.872025
v 0.094308 -0.736038 0.853769
v 0.100265 -0.728129 0.845899
v 0.101815 -0.712510 0.822972
v 0.093231 -0.696659 0.815000
v 0.110025 -0.755836 0.868522
v 0.110203 -0.745182 0.853167
v 0.122002 -0.772844 0.878868
v 0.114944 -0.729996 0.829934
v 0.125000 -0.753897 0.858817
v 0.124258 -0.745267 0.841280
v 0.145180 -0.769473 0.878364
v 0.137334 -0.755530 0.860715
v 0.136885 -0.753399 0.830000
v 0.135000 -0.751734 0.845000
v 0.146789 -0.763854 0.825000
v 0.145000 -0.757986 0.839761
v 0.149155 -0.746889 0.855000
v 0.155000 -0.782011 0.815000
v 0.148227 -0.775000 0.815000
v 0.155000 -0.773420 0.824267
v 0.157803 -0.763108 0.828945
v 0.155000 -0.755000 0.837326
v 0.155000 -0.751569 0.864978
v 0.155082 -0.745166 0.845188
v 0.092934 -0.173661 0.462832
v 0.100159 -0.205798 0.476396
v 0.115000 -0.245000 0.479805
v 0.117501 -0.210071 0.469229
v 0.120000 -0.182500 0.460259
v 0.129907 -0.193785 0.457827
v 0.134195 -0.234756 0.468888
v 0.138207 -0.211472 0.453533
v 0.135260 -0.174784 0.455078
v 0.135000 -0.165000 0.449455
v 0.145619 -0.287857 0.475418
v 0.144805 -0.234557 0.461749
v 0.148966 -0.190625 0.438702
v 0.149619 -0.174252 0.439614
v 0.146427 -0.165000 0.446024
v 0.155453 -0.218808 0.440881
v -0.155574 -0.629771 0.073750
v -0.147337 -0.624533 0.131250
v -0.095000 -0.630514 0.000000
v -0.084539 -0.626070 0.003646
v -0.083779 -0.626066 0.015000
v -0.085000 -0.628131 0.025000
v -0.070000 -0.626327 0.024890
v -0.081488 -0.615000 0.005000
v -0.075311 -0.607693 0.007311
v -0.059634 -0.623598 0.019320
v -0.060859 -0.601215 0.001344
v -0.056541 -0.612188 0.006132
v -0.045000 -0.625786 0.012945
v -0.045000 -0.620862 0.005000
v -0.032241 -0.619960 0.011302
v -0.017051 -0.606213 0.052516
v -0.012979 -0.577270 0.002507
v -0.005461 -0.604264 0.066375
v -0.006123 -0.584275 0.048939
v -0.006086 -0.575523 0.025726
v 0.005627 -0.625268 0.094742
v -0.000315 -0.596273 0.071820
v 0.010474 -0.592569 0.080065
v 0.000830 -0.559042 0.020000
v 0.004409 -0.558640 0.042099
v 0.001565 -0.555054 0.011131
v -0.075306 0.159246 0.488245
v -0.066084 0.116832 0.486360
v -0.064991 0.135019 0.494998
v -0.049875 0.026364 0.487357
v -0.055906 0.062500 0.486107
v -0.057720 0.091551 0.487365
v -0.054504 0.130938 0.497327
v -0.043063 0.040000 0.493803
v -0.044553 0.058515 0.493555
v -0.047532 0.079688 0.496771
v -0.045000 0.145000 0.501936
v -0.033119 0.011094 0.495701
v -0.029356 0.075166 0.499869
v -0.033326 0.140906 0.504066
v -0.025000 0.150000 0.507498
v -0.015044 0.010339 0.500669
v -0.026386 0.123750 0.505484
v -0.011001 0.076111 0.506164
v -0.005222 0.034601 0.505185
v -0.005000 0.120000 0.509795
v -0.247349 -0.300192 0.105115
v -0.252730 -0.305000 0.150000
v -0.246858 -0.288298 0.118950
v -0.252977 -0.295000 0.133750
v -0.245206 -0.278498 0.095871
v -0.243585 -0.266722 0.076439
v -0.245278 -0.253706 0.079859
v -0.244887 -0.256667 0.111294
v -0.244671 -0.245251 0.110000
v -0.241094 -0.287500 0.074375
v -0.237716 -0.281250 0.033883
v -0.237639 -0.268023 0.050630
v -0.237774 -0.269592 0.150000
v -0.241360 -0.265000 0.130000
v -0.235325 -0.248731 0.032544
v -0.239397 -0.252095 0.128619
v -0.241260 -0.240055 0.077188
v -0.235214 -0.233296 0.034687
v -0.237207 -0.227187 0.050609
v -0.243206 -0.235000 0.095000
v -0.239081 -0.225781 0.104688
v -0.236294 -0.234823 0.129872
v -0.241063 -0.216875 0.126250
v -0.235993 -0.221135 0.139918
v -0.235476 -0.214318 0.044757
v -0.230104 -0.203368 0.047716
v -0.235614 -0.204110 0.070105
v -0.238412 -0.194715 0.112500
v -0.235239 -0.194374 0.054420
v -0.235545 -0.189400 0.092115
v -0.238105 -0.189186 0.130000
v -0.236129 -0.180384 0.105000
v -0.233748 -0.176578 0.145112
v -0.235036 -0.174942 0.135736
v -0.230370 -0.247500 0.145000
v -0.225000 -0.240545 0.022481
v -0.227676 -0.224077 0.034470
v -0.225000 -0.215000 0.039309
v -0.233091 -0.205000 0.085000
v -0.228062 -0.176792 0.056886
v -0.232403 -0.180000 0.075000
v -0.230643 -0.177500 0.085000
v -0.233147 -0.175000 0.095000
v -0.232683 -0.175000 0.120000
v -0.233731 -0.165000 0.075000
v -0.231035 -0.165000 0.135000
v -0.217518 -0.239972 0.015162
v -0.214731 -0.235144 0.025121
v -0.210758 -0.218756 0.029097
v -0.212970 -0.205000 0.036724
v -0.213333 -0.192663 0.035829
v -0.216092 -0.175000 0.034039
v -0.219774 -0.175000 0.045000
v -0.217002 -0.164964 0.039957
v -0.210227 -0.225000 0.015000
v -0.204623 -0.190000 0.025301
v -0.203166 -0.168846 0.028700
v -0.202630 -0.200000 0.015000
v -0.199919 -0.185000 0.015000
v 0.083750 0.370625 0.480798
v 0.090615 0.344725 0.474932
v 0.093789 0.363135 0.478179
v 0.091520 0.467820 0.472098
v 0.100696 0.338718 0.469954
v 0.095000 0.355000 0.480504
v 0.100826 0.396875 0.479755
v 0.110268 0.455344 0.467954
v 0.121751 0.338750 0.467187
v 0.114774 0.390560 0.474921
v 0.131041 0.361772 0.467912
v 0.125000 0.382500 0.469466
v 0.125000 0.412500 0.468077
v 0.125000 0.455000 0.459581
v 0.135253 0.339585 0.462991
v 0.140571 0.441282 0.457743
v 0.145877 0.344687 0.456273
v 0.137579 0.411250 0.462332
v 0.155961 0.352500 0.445854
v 0.154349 0.375469 0.451539
v 0.155000 0.413750 0.450423
v 0.159237 0.365000 0.445000
v 0.010851 -0.281875 -0.062750
v 0.020550 -0.266941 -0.043621
v 0.015000 -0.236250 -0.059319
v 0.013917 -0.197321 -0.056576
v 0.025722 -0.289375 -0.037622
v 0.026361 -0.270444 -0.024771
v 0.023777 -0.251285 -0.022530
v 0.019797 -0.223812 -0.048661
v 0.023984 -0.204062 -0.040834
v 0.023734 -0.170000 -0.042662
v 0.034668 -0.292377 -0.020401
v 0.033952 -0.265000 -0.014279
v 0.035000 -0.255000 -0.013897
v 0.031672 -0.239671 -0.014485
v 0.035000 -0.245000 -0.010445
v 0.032305 -0.230037 -0.025012
v 0.036679 -0.206250 -0.026151
v 0.028939 -0.187500 -0.035000
v 0.035902 -0.177500 -0.026344
v 0.043477 -0.285000 -0.014213
v 0.045000 -0.275000 -0.012281
v 0.045000 -0.260000 -0.014011
v 0.045000 -0.240000 -0.009429
v 0.045829 -0.222000 -0.011101
v 0.047177 -0.190000 -0.016831
v 0.047041 -0.175000 -0.016396
v 0.038483 -0.165000 -0.025000
v 0.056277 -0.288016 -0.004914
v 0.057706 -0.256223 -0.005182
v 0.054650 -0.240000 -0.004799
v 0.055000 -0.215000 -0.009942
v 0.051844 -0.205000 -0.012421
v 0.055000 -0.186250 -0.009662
v 0.056548 -0.179832 -0.112783
v 0.065000 -0.305000 -0.001538
v 0.065000 -0.270000 -0.005296
v 0.065655 -0.243911 -0.004510
v 0.063048 -0.230000 -0.008109
v 0.065049 -0.215000 -0.014910
v 0.068743 -0.210031 -0.071202
v 0.065154 -0.202851 -0.014519
v 0.063367 -0.194410 -0.110000
v 0.063460 -0.195415 -0.081406
v 0.066167 -0.202733 -0.050313
v 0.065362 -0.200866 -0.025000
v 0.062153 -0.187500 -0.015000
v 0.061510 -0.180312 -0.045000
v 0.060693 -0.165000 -0.015000
v 0.080448 -0.302557 -0.003556
v 0.075000 -0.295000 -0.001875
v 0.073924 -0.284607 -0.004919
v 0.075000 -0.275000 -0.008098
v 0.075216 -0.264710 -0.014554
v 0.073268 -0.242236 -0.023351
v 0.070084 -0.220000 -0.028750
v 0.082256 -0.218161 -0.094441
v 0.074620 -0.219552 -0.057500
v 0.073235 -0.206385 -0.118645
v 0.089476 -0.284925 -0.014462
v 0.084317 -0.258350 -0.026732
v 0.084564 -0.235176 -0.049115
v 0.080251 -0.235000 -0.035000
v 0.094117 -0.229935 -0.071479
v 0.079512 -0.225000 -0.055000
v 0.079283 -0.225000 -0.045000
v 0.093430 -0.216383 -0.114164
v 0.094934 -0.266888 -0.028607
v 0.095502 -0.244635 -0.044657
v 0.099184 -0.236626 -0.058161
v 0.102434 -0.226195 -0.095777
v 0.100000 -0.212404 -0.137500
v 0.104745 -0.286998 -0.027189
v 0.110336 -0.266017 -0.042966
v 0.117288 -0.247362 -0.052252
v 0.114109 -0.290455 -0.032948
v 0.117346 -0.235847 -0.075883
v 0.122693 -0.238003 -0.065121
v 0.124613 -0.224884 -0.094687
v 0.115000 -0.230986 -0.085000
v 0.128996 -0.284864 -0.037717
v 0.135849 -0.217191 -0.107608
v 0.140346 -0.205263 -0.131231
v 0.152300 -0.298064 -0.020574
v 0.150000 -0.265000 -0.041170
v 0.149654 -0.254050 -0.045956
v 0.146053 -0.216003 -0.090723
v 0.147132 -0.207338 -0.110000
v 0.146586 -0.196533 -0.145000
v 0.156983 -0.235000 -0.046539
v 0.154064 -0.222817 -0.052821
v 0.156651 -0.204473 -0.085539
v 0.155344 -0.195520 -0.119806
v 0.157721 -0.185350 -0.141313
v -0.264228 -0.656443 0.662786
v -0.266688 -0.657857 0.688741
v -0.268142 -0.645000 0.670000
v -0.268910 -0.640000 0.691250
v -0.266198 -0.645995 0.712886
v -0.265000 -0.641137 0.655000
v -0.265728 -0.633513 0.674816
v -0.262836 -0.635988 0.716785
v -0.255500 -0.684446 0.664994
v -0.251138 -0.696444 0.715450
v -0.252517 -0.675404 0.747318
v -0.258168 -0.650000 0.744816
v -0.255000 -0.641290 0.745090
v -0.255000 -0.635575 0.655000
v -0.256584 -0.635406 0.671065
v -0.254537 -0.634957 0.700233
v -0.257880 -0.635000 0.735000
v -0.246652 -0.711284 0.692170
v -0.246591 -0.709195 0.680000
v -0.241656 -0.708068 0.752486
v -0.246333 -0.670000 0.768873
v -0.245000 -0.665000 0.770234
v -0.245502 -0.654809 0.765197
v -0.243032 -0.647809 0.675268
v -0.245274 -0.645353 0.712440
v -0.243692 -0.647515 0.751765
v -0.253272 -0.634114 0.725000
v -0.243378 -0.643868 0.735000
v -0.235140 -0.736358 0.691678
v -0.233838 -0.732011 0.653750
v -0.236963 -0.728973 0.727794
v -0.234517 -0.719544 0.772267
v -0.231076 -0.705658 0.795073
v -0.233348 -0.685000 0.793032
v -0.236163 -0.674489 0.785569
v -0.237378 -0.664307 0.775655
v -0.235748 -0.656152 0.700251
v -0.231047 -0.659714 0.726216
v -0.235138 -0.656153 0.753126
v -0.225673 -0.760213 0.705477
v -0.227420 -0.747478 0.736875
v -0.223895 -0.752599 0.779356
v -0.231267 -0.735000 0.752500
v -0.223251 -0.740021 0.797581
v -0.226717 -0.695000 0.807280
v -0.225000 -0.686693 0.801240
v -0.223372 -0.680826 0.669755
v -0.226554 -0.672298 0.779680
v -0.229236 -0.665000 0.670000
v -0.226180 -0.668743 0.743750
v -0.218794 -0.770269 0.679950
v -0.211046 -0.789878 0.723359
v -0.218200 -0.771433 0.743574
v -0.210158 -0.789648 0.780000
v -0.214099 -0.700167 0.670147
v -0.212093 -0.703660 0.707642
v -0.222832 -0.677883 0.703527
v -0.213762 -0.689559 0.771996
v -0.216848 -0.686840 0.795000
v -0.215000 -0.690837 0.805000
v -0.207210 -0.792038 0.682557
v -0.202344 -0.802704 0.802330
v -0.204942 -0.715448 0.676590
v -0.200229 -0.725113 0.725501
v -0.210859 -0.697523 0.747212
v -0.205895 -0.702044 0.788438
v -0.191539 -0.741517 0.693686
v -0.190010 -0.744943 0.720329
v -0.196303 -0.728648 0.675000
v -0.194051 -0.731792 0.763725
v -0.186453 -0.747744 0.705000
v -0.187005 -0.749853 0.735000
v -0.183722 -0.750869 0.752134
v -0.189839 -0.725572 0.795809
v -0.175450 -0.765943 0.702490
v -0.173239 -0.760947 0.660000
v -0.174144 -0.763918 0.675000
v -0.174723 -0.762704 0.751250
v -0.176854 -0.758400 0.777015
v -0.165000 -0.769973 0.663750
v -0.163386 -0.774759 0.704063
v -0.162919 -0.772761 0.735000
v -0.163243 -0.774495 0.747500
v -0.164945 -0.772880 0.774062
v -0.168310 -0.759698 0.812359
v -0.160947 -0.775000 0.810000
v -0.156309 -0.715000 0.665000
v -0.233684 0.316926 0.230000
v -0.220216 0.312038 0.264530
v -0.212173 0.280740 0.240919
v -0.212938 0.286190 0.219824
v -0.215000 0.297051 0.253101
v -0.205422 0.190000 0.234275
v -0.205264 0.197448 0.245960
v -0.205548 0.240054 0.240142
v -0.206071 0.252500 0.247214
v -0.201840 0.250434 0.261373
v -0.197125 0.290531 0.286075
v -0.199925 0.297840 0.169816
v -0.197004 0.198125 0.220268
v -0.195499 0.201843 0.283046
v -0.197880 0.240625 0.221545
v -0.200702 0.230000 0.260000
v -0.194881 0.265194 0.215278
v -0.198699 0.273652 0.269889
v -0.191684 0.269951 0.204574
v -0.200158 0.321707 0.315162
v -0.180240 0.168437 0.205235
v -0.192299 0.178750 0.302500
v -0.191643 0.192676 0.309337
v -0.183234 0.186250 0.333446
v -0.183185 0.205024 0.201977
v -0.188324 0.229313 0.298852
v -0.184006 0.257453 0.199373
v -0.193107 0.282132 0.184203
v -0.185436 0.297496 0.315940
v -0.189156 0.315000 0.325000
v -0.174932 0.191205 0.193331
v -0.178244 0.217394 0.329819
v -0.169923 0.235656 0.183643
v -0.172492 0.251250 0.336384
v -0.169881 0.255460 0.180057
v -0.180813 0.257266 0.311986
v -0.175050 0.286642 0.334690
v -0.167666 0.180638 0.179921
v -0.165099 0.199185 0.176145
v -0.171150 0.205000 0.185000
v -0.165267 0.217588 0.174665
v -0.195123 0.314179 0.395053
v -0.195000 0.320599 0.395000
v -0.186586 0.311471 0.340000
v -0.189782 0.315000 0.375000
v -0.185000 0.309131 0.385000
v -0.187450 0.315000 0.385000
v -0.183846 0.309285 0.395232
v -0.175389 0.180995 0.418417
v -0.178162 0.191398 0.354494
v -0.173787 0.187429 0.391216
v -0.174243 0.216308 0.349518
v -0.173685 0.207368 0.371682
v -0.167489 0.278164 0.365312
v -0.175922 0.290493 0.380399
v -0.176494 0.311250 0.412400
v -0.174003 0.299802 0.423995
v -0.175501 0.315000 0.425731
v -0.169707 0.211875 0.421432
v -0.166873 0.236270 0.419521
v -0.167629 0.221293 0.388056
v -0.162712 0.248125 0.432809
v -0.166235 0.247418 0.352108
v -0.164708 0.257060 0.420992
v -0.172323 0.270000 0.335000
v -0.168025 0.275000 0.350000
v -0.162885 0.266623 0.391305
v -0.167551 0.281937 0.418102
v -0.163868 0.293712 0.435118
v -0.162028 0.252500 0.381250
v -0.161729 0.250000 0.402500
v -0.161353 0.255000 0.365000
v -0.161351 0.265000 0.415000
v -0.026211 0.658442 0.578844
v -0.009849 0.666934 0.575094
v -0.016692 0.668816 0.584930
v -0.016443 0.680968 0.600150
v -0.023537 0.678750 0.630000
v -0.021586 0.685000 0.615000
v -0.010372 0.694302 0.615750
v -0.015000 0.703097 0.629201
v -0.004518 0.710759 0.634251
v -0.055000 -0.130000 0.488361
v -0.043040 -0.120000 0.491190
v -0.042040 -0.055671 0.493835
v -0.043020 -0.026562 0.491741
v -0.036413 -0.114296 0.495315
v -0.035000 -0.085000 0.493247
v -0.020000 -0.110000 0.496480
v -0.017500 -0.082500 0.497991
v -0.015000 -0.125000 0.499065
v -0.010937 -0.053516 0.500886
v -0.015000 -0.010000 0.499141
v -0.005000 -0.110000 0.500966
v -0.005000 -0.037500 0.503149
v -0.004914 -0.010166 0.504342
v 0.174629 -0.140162 -0.071902
v 0.173780 -0.131189 -0.083828
v 0.172861 -0.111149 -0.004097
v 0.175667 -0.131259 -0.043996
v -0.009965 0.789796 1.124953
v -0.130227 -0.455787 0.513360
v -0.124779 -0.445467 0.494804
v -0.115258 -0.446966 0.513284
v -0.126564 -0.427793 0.486247
v -0.124683 -0.349588 0.484685
v -0.105323 -0.457120 0.544076
v -0.116773 -0.430237 0.494693
v -0.107859 -0.428915 0.507732
v -0.115005 -0.405938 0.489797
v -0.114384 -0.374414 0.491608
v -0.110618 -0.330340 0.495393
v -0.093566 -0.449778 0.542267
v -0.106653 -0.345000 0.496192
v -0.093229 -0.434925 0.522805
v -0.093876 -0.414996 0.512523
v -0.092673 -0.346783 0.508823
v -0.095032 -0.330079 0.503861
v -0.084054 -0.446483 0.544140
v -0.077636 -0.385634 0.518947
v -0.085000 -0.335000 0.509851
v -0.085000 -0.325000 0.509099
v -0.063095 -0.431643 0.549901
v -0.079341 -0.427944 0.534794
v -0.076439 -0.410699 0.524782
v -0.073022 -0.335000 0.518837
v -0.056221 -0.403278 0.538202
v -0.055959 -0.414253 0.545404
v -0.035625 -0.406875 0.550229
v -0.037028 -0.383783 0.542028
v -0.047250 -0.375000 0.536170
v -0.028582 -0.444476 0.580646
v -0.021204 -0.419690 0.562604
v -0.010016 -0.371867 0.548011
v -0.009057 -0.336815 0.543330
v 0.172789 -0.110000 0.403979
v 0.175030 -0.090270 0.403987
v 0.175704 -0.070000 0.405439
v 0.175074 -0.027613 0.405063
v 0.176585 0.006858 0.387815
v 0.172661 0.012500 0.404145
v 0.185279 -0.101848 0.394688
v 0.185985 -0.085520 0.375022
v 0.184377 -0.059604 0.364154
v 0.182505 -0.059016 0.377103
v 0.182648 -0.046017 0.381286
v 0.185039 -0.050753 0.395394
v 0.184195 -0.045000 0.371242
v 0.179584 -0.027500 0.392500
v 0.183327 -0.022065 0.362500
v 0.179830 -0.025000 0.385000
v 0.181291 -0.007500 0.368750
v 0.175923 0.005000 0.355000
v 0.194450 -0.139157 0.362647
v 0.196145 -0.140846 0.375000
v 0.192578 -0.120625 0.356915
v 0.190332 -0.125000 0.385000
v 0.188439 -0.110000 0.375000
v 0.194749 -0.111021 0.385248
v 0.190954 -0.100654 0.357694
v 0.195000 -0.100000 0.382437
v 0.195284 -0.090085 0.385430
v 0.191278 -0.078041 0.347363
v 0.185906 -0.085000 0.365000
v 0.188563 -0.070000 0.385000
v 0.189580 -0.048750 0.350000
v 0.190109 -0.035000 0.355000
v 0.199130 -0.145000 0.355000
v 0.204571 -0.125000 0.333083
v -0.142389 -0.729550 0.489938
v -0.148855 -0.704933 0.424705
v -0.145368 -0.685586 0.350461
v -0.142711 -0.680811 0.335000
v -0.123945 -0.745313 0.441667
v -0.126999 -0.717683 0.369942
v -0.128901 -0.702428 0.349250
v -0.107884 -0.759517 0.429264
v -0.103944 -0.742747 0.377825
v -0.105000 -0.726993 0.355000
v -0.103525 -0.733504 0.365000
v -0.096846 -0.777637 0.449424
v -0.102404 -0.730321 0.350199
v -0.083045 -0.767661 0.398875
v -0.068372 -0.752898 0.355879
v -0.066538 -0.794008 0.426323
v -0.058242 -0.769283 0.382017
v -0.031483 -0.768515 0.356770
v -0.032500 -0.758350 0.336615
v -0.031330 -0.779358 0.378658
v -0.005000 -0.788153 0.379229
v -0.005000 -0.776327 0.355969
v -0.214086 0.501718 0.224375
v -0.201809 0.502620 0.280000
v -0.205401 0.506228 0.252335
v -0.206788 0.517567 0.218854
v -0.196606 0.510989 0.302687
v -0.188691 0.536160 0.210156
v -0.196133 0.526345 0.239955
v -0.184670 0.523294 0.288355
v -0.181177 0.533319 0.258851
v -0.183057 0.522731 0.275000
v -0.182521 0.541610 0.237546
v -0.168291 0.553784 0.261250
v -0.170534 0.542070 0.286056
v -0.162910 0.553391 0.180000
v -0.166137 0.555883 0.199171
v -0.166753 0.556504 0.225000
v -0.124965 -0.806889 -0.471161
v -0.120825 -0.776118 -0.471756
v -0.116814 -0.818890 -0.450767
v -0.117041 -0.793904 -0.421682
v -0.104817 -0.879905 -0.472639
v -0.107821 -0.861275 -0.470887
v -0.097507 -0.840363 -0.440356
v -0.101560 -0.793003 -0.388045
v -0.090313 -0.890461 -0.477040
v -0.095000 -0.813713 -0.406301
v -0.085290 -0.815396 -0.403386
v -0.075000 -0.873313 -0.465838
v -0.073055 -0.860296 -0.458942
v -0.068889 -0.844809 -0.447506
v -0.073710 -0.810415 -0.399489
v -0.071505 -0.789421 -0.376100
v -0.062640 -0.867890 -0.470776
v -0.069330 -0.832383 -0.431642
v -0.064111 -0.808046 -0.406794
v -0.055855 -0.844499 -0.470388
v -0.057109 -0.822688 -0.442867
v -0.050949 -0.823616 -0.472631
v -0.052997 -0.796653 -0.432760
v -0.049590 -0.787367 -0.486480
v -0.142750 -0.633461 -0.064142
v -0.098438 -0.635430 -0.020000
v -0.090654 -0.636217 -0.074720
v -0.082851 -0.623050 -0.059107
v -0.088616 -0.625000 -0.017500
v -0.087562 -0.615000 -0.015000
v -0.085257 -0.613016 -0.004509
v -0.084799 -0.603955 -0.013152
v -0.073440 -0.633155 -0.098801
v -0.077157 -0.609925 -0.055030
v -0.080189 -0.594059 -0.044309
v -0.084447 -0.582500 -0.030000
v -0.078110 -0.579706 -0.016304
v -0.074046 -0.573918 -0.071443
v -0.078971 -0.559971 -0.066191
v -0.080299 -0.552373 -0.038737
v -0.079690 -0.547500 -0.059375
v -0.075000 -0.550000 -0.027858
v -0.077626 -0.545000 -0.081942
v -0.077268 -0.521733 -0.097230
v -0.074610 -0.533994 -0.035243
v -0.077153 -0.522606 -0.068394
v -0.075049 -0.514887 -0.050585
v -0.077447 -0.499051 -0.079676
v -0.080100 -0.490703 -0.141953
v -0.082126 -0.490000 -0.095000
v -0.073202 -0.487221 -0.077242
v -0.081735 -0.480000 -0.090000
v -0.082107 -0.470000 -0.116875
v -0.078139 -0.465605 -0.084364
v -0.068025 -0.636335 -0.120085
v -0.069930 -0.599801 -0.074723
v -0.068236 -0.577932 -0.014210
v -0.065690 -0.554000 -0.118332
v -0.064801 -0.557325 -0.029175
v -0.067911 -0.539527 -0.155996
v -0.071522 -0.522500 -0.135000
v -0.065504 -0.525562 -0.046153
v -0.066472 -0.515274 -0.055142
v -0.066049 -0.502664 -0.064097
v -0.066239 -0.485000 -0.073898
v -0.059947 -0.637721 -0.158723
v -0.061290 -0.615000 -0.115000
v -0.056062 -0.598369 -0.160702
v -0.059174 -0.601797 -0.124141
v -0.061908 -0.584398 -0.113146
v -0.049848 -0.571863 -0.027385
v -0.054708 -0.534497 -0.044406
v -0.049078 -0.525632 -0.053047
v -0.055000 -0.500000 -0.060780
v -0.055523 -0.484772 -0.064877
v -0.055000 -0.475000 -0.069537
v -0.046029 -0.548958 -0.044726
v -0.043132 -0.502549 -0.064069
v -0.044861 -0.475973 -0.076961
v -0.034940 -0.597081 -0.020548
v -0.037072 -0.575727 -0.035502
v -0.035000 -0.563971 -0.044222
v -0.034527 -0.549583 -0.051678
v -0.028148 -0.523575 -0.063695
v -0.034686 -0.499910 -0.071824
v -0.035259 -0.480108 -0.082301
v -0.025655 -0.594979 -0.011922
v -0.025085 -0.580449 -0.023790
v -0.026218 -0.571287 -0.035463
v -0.023984 -0.552884 -0.049010
v -0.025000 -0.503599 -0.073955
v -0.024326 -0.490024 -0.080505
v -0.024867 -0.470063 -0.091885
v -0.016894 -0.557484 -0.022348
v -0.018998 -0.529941 -0.049974
v -0.021336 -0.508611 -0.062697
v -0.020866 -0.475000 -0.085000
v -0.010980 -0.458604 -0.065901
v -0.006919 -0.522959 -0.029211
v -0.007559 -0.499033 -0.039625
v 0.003389 -0.505000 -0.025000
v -0.152043 -0.641924 -0.161403
v -0.140650 -0.640887 -0.099219
v -0.143849 -0.641661 -0.020000
v -0.129240 -0.663442 -0.162984
v -0.129977 -0.647205 -0.108681
v -0.134584 -0.646209 -0.019733
v -0.130000 -0.640125 -0.040000
v -0.119755 -0.645643 -0.024229
v -0.115000 -0.655838 -0.119242
v -0.115057 -0.647741 -0.087487
v -0.115000 -0.640532 -0.057500
v -0.100004 -0.669063 -0.160245
v -0.100814 -0.653719 -0.116407
v -0.099821 -0.642151 -0.084160
v -0.087500 -0.660577 -0.145000
v -0.084800 -0.642842 -0.099773
v -0.071459 -0.652578 -0.141206
v -0.071818 -0.646194 -0.127496
v -0.066431 -0.653790 -0.157508
v -0.145043 -0.885495 -0.522371
v -0.147283 -0.870000 -0.538597
v -0.150056 -0.872212 -0.518161
v -0.145325 -0.875427 -0.504198
v -0.146573 -0.846239 -0.537379
v -0.151847 -0.846250 -0.525000
v -0.149978 -0.840000 -0.515000
v -0.145880 -0.829881 -0.504924
v -0.147133 -0.819428 -0.512966
v -0.141976 -0.806732 -0.525471
v -0.135638 -0.905693 -0.525090
v -0.133762 -0.894249 -0.534512
v -0.135947 -0.893457 -0.511322
v -0.128153 -0.888738 -0.544702
v -0.135873 -0.877295 -0.494170
v -0.135000 -0.856250 -0.550146
v -0.137915 -0.858125 -0.491479
v -0.139780 -0.836664 -0.543649
v -0.139597 -0.828760 -0.494698
v -0.138036 -0.808895 -0.535418
v -0.139301 -0.798710 -0.515000
v -0.137559 -0.800039 -0.505065
v -0.123098 -0.910935 -0.535943
v -0.123118 -0.911084 -0.522714
v -0.125384 -0.895896 -0.504695
v -0.124909 -0.884950 -0.495047
v -0.104992 -0.880617 -0.552761
v -0.125290 -0.870984 -0.485552
v -0.121250 -0.840000 -0.549553
v -0.130362 -0.826250 -0.484551
v -0.112538 -0.815870 -0.546555
v -0.129284 -0.796975 -0.490000
v -0.119521 -0.789578 -0.537037
v -0.114025 -0.927825 -0.528682
v -0.114940 -0.914980 -0.544980
v -0.117086 -0.907783 -0.503454
v -0.115000 -0.905000 -0.550873
v -0.110477 -0.894376 -0.553102
v -0.116769 -0.885000 -0.483137
v -0.103636 -0.933892 -0.527462
v -0.099201 -0.919405 -0.502733
v -0.105422 -0.910705 -0.552274
v -0.095000 -0.939506 -0.525000
v -0.095000 -0.933915 -0.533987
v -0.086250 -0.926988 -0.539731
v -0.087500 -0.915000 -0.551634
v -0.094762 -0.905464 -0.555053
v -0.090938 -0.848906 -0.548788
v -0.087040 -0.820005 -0.545581
v -0.085000 -0.935460 -0.525478
v -0.085000 -0.926373 -0.511222
v -0.085000 -0.911225 -0.496421
v -0.082711 -0.899680 -0.553799
v -0.075000 -0.937316 -0.527839
v -0.073752 -0.935148 -0.514792
v -0.075000 -0.929700 -0.535000
v -0.074706 -0.916261 -0.498000
v -0.074820 -0.900989 -0.554725
v -0.068359 -0.881094 -0.552388
v -0.066845 -0.821942 -0.546918
v -0.068564 -0.796163 -0.542220
v -0.064858 -0.935108 -0.525027
v -0.064395 -0.925301 -0.535379
v -0.061813 -0.920580 -0.509616
v -0.062768 -0.916150 -0.545819
v -0.064768 -0.902676 -0.489116
v -0.057219 -0.897409 -0.548837
v -0.057262 -0.920080 -0.524857
v -0.050025 -0.907814 -0.533450
v -0.055060 -0.904602 -0.544843
v -0.045796 -0.897190 -0.510220
v -0.055000 -0.885000 -0.548503
v -0.053471 -0.878890 -0.485517
v -0.050000 -0.827500 -0.548533
v -0.051741 -0.789735 -0.537859
v -0.046425 -0.884673 -0.495297
v -0.038703 -0.862187 -0.548984
v -0.043663 -0.845625 -0.483213
v -0.039967 -0.807439 -0.539564
v -0.033205 -0.896131 -0.527078
v -0.033011 -0.879559 -0.541074
v -0.032650 -0.882514 -0.507488
v -0.033139 -0.856250 -0.492945
v -0.034454 -0.830469 -0.545437
v -0.034338 -0.821762 -0.493354
v -0.042404 -0.790741 -0.532968
v -0.038533 -0.792048 -0.521250
v -0.026540 -0.880228 -0.524921
v -0.029071 -0.875000 -0.515000
v -0.028913 -0.868599 -0.507287
v -0.024474 -0.860000 -0.535733
v -0.027868 -0.842376 -0.540194
v -0.028077 -0.839856 -0.507480
v -0.027787 -0.819734 -0.533042
v -0.027881 -0.817500 -0.517813
v -0.022532 -0.850000 -0.525000
v -0.148057 -0.627199 -0.277578
v -0.154002 -0.632625 -0.250644
v -0.152020 -0.594712 -0.247741
v -0.142585 -0.581465 -0.257460
v -0.153372 -0.569351 -0.227577
v -0.142494 -0.553316 -0.227072
v -0.134143 -0.529977 -0.209984
v -0.142969 -0.620000 -0.290000
v -0.137630 -0.598307 -0.284144
v -0.126403 -0.564134 -0.258865
v -0.129381 -0.545705 -0.229473
v -0.137028 -0.482651 -0.165720
v -0.125743 -0.589547 -0.295267
v -0.125000 -0.501079 -0.195000
v -0.125000 -0.476961 -0.171759
v -0.114893 -0.585192 -0.304876
v -0.103935 -0.576413 -0.294938
v -0.114703 -0.540863 -0.239154
v -0.111875 -0.520813 -0.217402
v -0.109646 -0.493103 -0.186871
v -0.097163 -0.554976 -0.259328
v -0.100000 -0.536702 -0.232053
v -0.099257 -0.518496 -0.211415
v -0.108487 -0.465259 -0.158216
v -0.094943 -0.498281 -0.186702
v -0.082958 -0.529320 -0.213096
v -0.086133 -0.495135 -0.175661
v -0.073315 -0.584728 -0.290639
v -0.073941 -0.563131 -0.249547
v -0.073606 -0.550121 -0.219494
v -0.080015 -0.515000 -0.190000
v -0.078394 -0.505000 -0.170000
v -0.064541 -0.602385 -0.298832
v -0.055754 -0.637106 -0.189701
v -0.060020 -0.619100 -0.271880
v -0.057563 -0.611072 -0.215074
v -0.054968 -0.610111 -0.180807
v -0.060204 -0.572021 -0.168906
v -0.125000 -0.456702 -0.153316
v -0.094006 -0.458573 -0.143967
v -0.147500 -0.462815 -0.136350
v -0.142500 -0.348750 -0.081901
v -0.130256 -0.424969 -0.123001
v -0.135000 -0.413332 -0.107286
v -0.127500 -0.405753 -0.094204
v -0.135000 -0.376275 -0.087002
v -0.135228 -0.330907 -0.084190
v -0.124797 -0.440079 -0.139928
v -0.120291 -0.414973 -0.105734
v -0.123392 -0.385528 -0.086633
v -0.125063 -0.356291 -0.082751
v -0.109406 -0.432415 -0.125694
v -0.115000 -0.385000 -0.079860
v -0.115000 -0.370000 -0.078861
v -0.115702 -0.350322 -0.083759
v -0.105334 -0.335673 -0.090113
v -0.100000 -0.419508 -0.100000
v -0.105920 -0.405636 -0.082771
v -0.105000 -0.390000 -0.076869
v -0.101926 -0.368747 -0.081060
v -0.104188 -0.335062 -0.095032
v -0.093677 -0.436243 -0.120074
v -0.087564 -0.415127 -0.084769
v -0.095000 -0.405000 -0.079332
v -0.095000 -0.387500 -0.080523
v -0.083179 -0.452766 -0.121830
v -0.083250 -0.431551 -0.102660
v -0.085000 -0.400000 -0.082652
v -0.084765 -0.376911 -0.080515
v -0.085000 -0.355000 -0.087299
v -0.075000 -0.460586 -0.072587
v -0.076650 -0.435000 -0.091997
v -0.075000 -0.425000 -0.087685
v -0.075000 -0.405000 -0.078602
v -0.075000 -0.395000 -0.075279
v -0.075000 -0.385000 -0.078539
v -0.074999 -0.374999 -0.084999
v -0.075000 -0.360000 -0.088372
v -0.075000 -0.345000 -0.087744
v -0.073611 -0.330078 -0.093988
v -0.065000 -0.462595 -0.074030
v -0.067240 -0.450300 -0.081166
v -0.064196 -0.415000 -0.082827
v -0.064773 -0.404344 -0.083629
v -0.066248 -0.394593 -0.089673
v -0.062957 -0.389898 -0.101268
v -0.065181 -0.371362 -0.095204
v -0.065464 -0.351548 -0.093203
v -0.054723 -0.464653 -0.074318
v -0.055127 -0.455259 -0.085096
v -0.057208 -0.433585 -0.091529
v -0.057659 -0.414436 -0.097692
v -0.052500 -0.387813 -0.108230
v -0.056749 -0.366250 -0.105653
v -0.047228 -0.344186 -0.113163
v -0.057210 -0.330000 -0.105394
v -0.045000 -0.455000 -0.087722
v -0.045000 -0.407500 -0.108194
v -0.043354 -0.335000 -0.115965
v -0.045257 -0.324779 -0.115216
v -0.036693 -0.457891 -0.094122
v -0.035618 -0.442008 -0.104116
v -0.029995 -0.431263 -0.109384
v -0.032260 -0.408750 -0.111808
v -0.034409 -0.391332 -0.113514
v -0.037067 -0.370000 -0.115863
v -0.025000 -0.451474 -0.103592
v -0.024081 -0.377832 -0.117151
v -0.025000 -0.345000 -0.118607
v -0.017038 -0.450529 -0.095178
v -0.018358 -0.435622 -0.103525
v -0.015499 -0.386250 -0.109921
v -0.012413 -0.363125 -0.106613
v -0.012000 -0.336875 -0.106984
v -0.003554 -0.438750 -0.056775
v -0.010251 -0.398618 -0.085119
v -0.006300 -0.356711 -0.089793
v -0.001131 -0.455000 -0.045000
v -0.002711 -0.375000 -0.065000
v -0.001605 -0.342500 -0.080000
v -0.145302 0.362211 0.465203
v -0.132500 0.343125 0.469037
v -0.125813 0.383655 0.471641
v -0.146748 0.411268 0.458480
v -0.116190 0.449350 0.466834
v -0.114917 0.363438 0.476051
v -0.115682 0.341681 0.475010
v -0.113653 0.414936 0.472410
v -0.112962 0.470210 0.460776
v -0.100000 0.382500 0.477726
v -0.087820 0.395000 0.480724
v -0.086333 0.445987 0.487520
v -0.092636 0.474666 0.464785
v -0.079857 0.373750 0.483734
v -0.082249 0.474124 0.469003
v -0.139060 -0.389656 0.469664
v -0.135531 -0.370000 0.475289
v -0.136136 -0.336250 0.477367
v 0.176658 0.284067 0.152830
v 0.176098 0.294700 0.140875
v 0.184917 0.309475 0.137174
v 0.181611 0.315000 0.125000
v 0.195843 0.315000 0.144180
v 0.197856 0.305000 0.155000
v 0.179666 -0.800474 0.557688
v 0.180052 -0.804748 0.572500
v 0.173442 -0.795375 0.544651
v 0.192231 -0.793573 0.591283
v 0.193121 -0.800754 0.625000
v -0.233863 -0.522837 0.166945
v -0.234406 -0.518087 0.187482
v -0.237952 -0.497877 0.199805
v -0.234589 -0.498612 0.227259
v -0.235180 -0.495193 0.245117
v -0.239123 -0.485000 0.240000
v -0.225340 -0.545545 0.171470
v -0.225629 -0.533892 0.205601
v -0.227542 -0.517500 0.203750
v -0.225972 -0.525000 0.215000
v -0.223105 -0.520542 0.225000
v -0.225547 -0.515478 0.237065
v -0.227460 -0.506643 0.243170
v -0.222745 -0.495651 0.271849
v -0.216388 -0.557991 0.170000
v -0.215773 -0.556425 0.186443
v -0.213355 -0.553329 0.195000
v -0.214363 -0.519487 0.250000
v -0.212490 -0.520095 0.265248
v -0.213900 -0.507713 0.275545
v -0.212284 -0.492326 0.297500
v -0.214418 -0.489188 0.319965
v -0.205092 -0.566601 0.170164
v -0.203982 -0.561785 0.190000
v -0.211046 -0.550745 0.206652
v -0.209528 -0.543069 0.217836
v -0.201844 -0.540032 0.236807
v -0.202157 -0.540469 0.284946
v -0.204061 -0.531028 0.255000
v -0.204898 -0.513826 0.284765
v -0.206733 -0.505000 0.285000
v -0.204954 -0.508874 0.300000
v -0.205863 -0.506124 0.315000
v -0.204488 -0.508179 0.326975
v -0.205953 -0.493813 0.330527
v -0.190653 -0.607341 0.314276
v -0.197422 -0.578676 0.328460
v -0.193476 -0.574348 0.173903
v -0.194794 -0.559257 0.251257
v -0.197637 -0.547500 0.310000
v -0.199370 -0.545000 0.250000
v -0.197206 -0.531250 0.327500
v -0.199512 -0.525000 0.302500
v -0.183819 -0.581114 0.189621
v -0.185792 -0.578133 0.254228
v -0.191491 -0.575000 0.300000
v -0.185847 -0.567022 0.217471
v -0.183069 -0.570132 0.233001
v -0.191750 -0.555000 0.225000
v -0.177005 -0.620110 0.286235
v -0.171804 -0.610028 0.208369
v -0.173335 -0.608287 0.232791
v -0.175746 -0.607123 0.251250
v -0.176482 -0.594611 0.202289
v -0.176429 -0.587500 0.219174
v -0.177663 -0.595000 0.245000
v -0.180602 -0.575000 0.225000
v -0.165102 -0.625015 0.236058
v -0.168257 -0.608742 0.168934
v -0.173214 -0.605000 0.215000
v -0.142500 0.034114 0.421496
v -0.144833 0.084470 0.427739
v -0.141140 0.105000 0.434332
v -0.144635 0.127394 0.436740
v -0.124952 0.022251 0.420265
v -0.129432 0.070491 0.428898
v -0.122831 0.113361 0.448287
v -0.122484 0.163206 0.457126
v -0.111147 0.062500 0.433802
v -0.112758 0.083083 0.438633
v -0.115447 0.113471 0.455180
v -0.115460 0.141580 0.459760
v -0.104143 0.041011 0.431399
v -0.101769 0.105182 0.456741
v -0.095744 0.061424 0.446949
v -0.096118 0.112568 0.463333
v -0.089655 0.145503 0.476000
v -0.086658 0.041451 0.452210
v -0.084990 0.083765 0.458555
v -0.085000 0.115000 0.469236
v -0.076991 0.021250 0.457226
v -0.066171 0.051429 0.472583
v -0.075361 0.109763 0.472269
v -0.065707 0.095000 0.475920
v -0.142097 -0.788480 0.884046
v -0.155162 -0.770125 0.823174
v -0.143559 -0.765898 0.827099
v -0.148257 -0.763994 0.875426
v -0.155000 -0.759889 0.835000
v -0.145325 -0.755785 0.845457
v -0.147503 -0.754725 0.864501
v -0.154985 -0.744974 0.844982
v -0.149818 -0.747817 0.855096
v -0.133553 -0.756736 0.830000
v -0.134055 -0.755768 0.845000
v -0.121527 -0.760977 0.868234
v -0.125835 -0.741845 0.818740
v -0.125000 -0.748957 0.845000
v -0.110625 -0.766355 0.877237
v -0.114195 -0.747952 0.849939
v -0.112500 -0.740524 0.821250
v -0.115000 -0.741860 0.835000
v -0.099960 -0.756807 0.865516
v -0.102518 -0.743357 0.847672
v -0.105000 -0.743348 0.835000
v -0.094778 -0.735410 0.824642
v -0.095137 -0.734076 0.833851
v -0.097523 -0.734461 0.845345
v -0.076704 -0.765095 0.881111
v -0.084856 -0.748044 0.870510
v -0.082857 -0.735784 0.853999
v -0.085519 -0.719363 0.820179
v -0.090446 -0.725000 0.835000
v -0.080107 -0.723898 0.844506
v -0.076334 -0.710935 0.825000
v -0.072984 -0.709285 0.835000
v -0.070531 -0.699576 0.819061
v -0.064418 -0.778107 0.888380
v -0.053594 -0.731088 0.874720
v -0.061277 -0.714148 0.861672
v -0.060041 -0.690000 0.830000
v -0.057590 -0.686711 0.840446
v -0.053796 -0.695408 0.854594
v -0.057608 -0.680000 0.830000
v -0.057897 -0.665000 0.815000
v -0.036367 -0.780234 0.892933
v -0.037500 -0.692352 0.856485
v -0.037465 -0.662192 0.819183
v -0.031875 -0.737009 0.881570
v -0.016250 -0.749700 0.888034
v -0.026250 -0.679030 0.841212
v -0.010000 -0.765000 0.892555
v -0.008594 -0.726463 0.877666
v -0.015000 -0.696387 0.860004
v -0.012760 -0.649974 0.809977
v -0.124651 -0.607637 0.673109
v -0.125238 -0.594639 0.655311
v -0.113699 -0.617500 0.693057
v -0.114580 -0.606026 0.684479
v -0.115440 -0.591103 0.664719
v -0.112733 -0.597306 0.675000
v -0.107460 -0.620000 0.710000
v -0.108128 -0.625000 0.725000
v -0.102433 -0.620264 0.729326
v -0.107453 -0.604793 0.700376
v -0.101325 -0.606140 0.715000
v -0.101765 -0.592197 0.684739
v -0.100026 -0.573533 0.662093
v -0.091354 -0.615167 0.730092
v -0.095927 -0.594076 0.700609
v -0.090904 -0.565556 0.664306
v -0.083034 -0.624898 0.749332
v -0.080127 -0.606496 0.713694
v -0.085000 -0.613475 0.725000
v -0.080000 -0.595000 0.707511
v -0.091141 -0.585000 0.695000
v -0.085000 -0.585351 0.704654
v -0.076241 -0.580368 0.684990
v -0.085000 -0.581194 0.695000
v -0.075000 -0.631070 0.765000
v -0.070386 -0.615444 0.722608
v -0.074926 -0.617327 0.740027
v -0.072521 -0.590212 0.704790
v -0.072437 -0.583708 0.695000
v -0.079770 -0.553727 0.656379
v -0.065000 -0.625703 0.754075
v -0.065000 -0.619655 0.735000
v -0.065000 -0.621156 0.745000
v -0.065000 -0.600078 0.705161
v -0.055110 -0.625884 0.743675
v -0.051216 -0.616098 0.724886
v -0.047819 -0.606264 0.720234
v -0.050565 -0.595630 0.704666
v -0.054627 -0.541321 0.660980
v -0.037667 -0.626788 0.756771
v -0.040920 -0.597360 0.717323
v -0.048954 -0.578178 0.691950
v -0.037657 -0.542051 0.670090
v -0.035134 -0.614129 0.737721
v -0.036161 -0.583770 0.705000
v -0.033399 -0.585741 0.714020
v -0.032573 -0.558468 0.683698
v -0.027050 -0.606310 0.745739
v -0.025000 -0.587237 0.722727
v -0.028592 -0.575000 0.705000
v -0.027920 -0.574499 0.715364
v -0.026186 -0.563578 0.695000
v -0.024501 -0.565739 0.704520
v -0.022713 -0.545719 0.673740
v -0.025000 -0.536881 0.663402
v -0.014167 -0.612969 0.767868
v -0.014770 -0.595108 0.735796
v -0.015646 -0.594582 0.746328
v -0.013300 -0.585783 0.724441
v -0.015000 -0.574505 0.715489
v -0.012682 -0.557755 0.698709
v -0.013897 -0.535348 0.664682
v -0.005000 -0.620702 0.776809
v -0.005000 -0.607154 0.763248
v -0.006558 -0.585000 0.735000
v -0.005000 -0.588616 0.745000
v -0.005000 -0.576646 0.723966
v -0.005000 -0.527077 0.660870
v 0.174731 -0.783181 0.544403
v 0.175176 -0.770350 0.553618
v 0.179682 -0.753378 0.558114
v 0.173986 -0.748069 0.623942
v 0.174588 -0.743506 0.582521
v 0.185555 -0.785614 0.544148
v 0.185000 -0.775000 0.540314
v 0.185297 -0.765139 0.545214
v 0.185856 -0.745000 0.555610
v 0.183929 -0.733542 0.573291
v 0.184349 -0.733761 0.612500
v 0.186402 -0.726033 0.591875
v 0.193690 -0.781026 0.556144
v 0.195000 -0.758764 0.542771
v 0.190994 -0.755000 0.545000
v 0.195328 -0.740352 0.553203
v 0.195067 -0.725171 0.565108
v 0.193190 -0.720384 0.622532
v 0.197328 -0.712338 0.596194
v 0.207881 -0.778397 0.609776
v 0.208013 -0.779980 0.624675
v 0.202342 -0.764738 0.553719
v 0.205000 -0.754555 0.545273
v 0.203086 -0.744373 0.544802
v 0.205000 -0.735000 0.548802
v 0.205203 -0.725273 0.555777
v 0.204258 -0.714462 0.564011
v 0.203418 -0.712836 0.635000
v 0.205504 -0.705657 0.575000
v 0.206034 -0.706623 0.625000
v 0.213034 -0.749936 0.560721
v 0.218598 -0.730835 0.554535
v 0.215000 -0.725000 0.549722
v 0.213295 -0.714536 0.554732
v 0.214465 -0.704857 0.564887
v 0.215395 -0.695873 0.576039
v 0.212811 -0.689826 0.611857
v 0.224711 -0.733156 0.582187
v 0.225000 -0.700341 0.562043
v 0.232141 -0.685626 0.575369
v 0.220293 -0.684781 0.591115
v 0.224456 -0.672920 0.612375
v 0.223629 -0.670888 0.625000
v 0.232638 -0.708862 0.575458
v 0.230016 -0.705000 0.565000
v 0.235746 -0.695000 0.573664
v 0.237218 -0.666032 0.600279
v 0.232092 -0.663086 0.615000
v 0.236242 -0.655909 0.627500
v 0.237509 -0.719788 0.631107
v 0.241864 -0.691441 0.589051
v 0.247835 -0.674352 0.595441
v 0.245000 -0.660203 0.605000
v 0.243163 -0.654722 0.614624
v 0.245000 -0.650193 0.625000
v 0.249976 -0.685000 0.615000
v 0.251158 -0.665000 0.605000
v 0.255302 -0.654870 0.614775
v 0.254951 -0.644996 0.624995
v 0.257325 -0.665000 0.625000
v 0.261827 -0.655000 0.630000
v -0.025999 0.625371 0.669685
v -0.008375 0.635368 0.697454
v -0.126968 -0.780860 -0.525000
v -0.126690 -0.781671 -0.507306
v -0.115000 -0.772649 -0.525086
v -0.112060 -0.767851 -0.502587
v -0.115120 -0.764921 -0.485197
v -0.096250 -0.776319 -0.533970
v -0.100000 -0.768412 -0.525000
v -0.100937 -0.765672 -0.515269
v -0.096762 -0.757834 -0.495026
v -0.090000 -0.760928 -0.505000
v -0.087500 -0.743692 -0.480832
v -0.095000 -0.730416 -0.469645
v -0.074075 -0.766674 -0.518643
v -0.065454 -0.759005 -0.489829
v -0.054303 -0.774411 -0.526499
v -0.053989 -0.774033 -0.510000
v -0.055959 -0.770111 -0.486563
v -0.044454 -0.784450 -0.510019
v -0.174230 -0.826278 0.625193
v -0.192232 -0.805000 0.640000
v -0.178747 -0.803016 0.573018
v -0.167432 -0.807604 0.555000
v -0.158733 -0.815000 0.555000
v -0.182966 -0.600057 0.484528
v -0.186230 -0.577500 0.483445
v -0.188034 -0.535625 0.480948
v -0.179313 -0.534968 0.504914
v -0.182115 -0.516220 0.492026
v -0.174248 -0.619097 0.520306
v -0.179216 -0.615000 0.502500
v -0.178962 -0.600000 0.497500
v -0.176483 -0.598896 0.518935
v -0.179970 -0.575937 0.500000
v -0.169941 -0.569375 0.529938
v -0.183496 -0.555625 0.488827
v -0.175730 -0.505327 0.502601
v -0.178226 -0.490075 0.487452
v -0.167344 -0.623750 0.542164
v -0.172653 -0.615000 0.535000
v -0.165708 -0.604298 0.548807
v -0.167149 -0.544137 0.532949
v -0.167209 -0.515000 0.520559
v -0.165628 -0.499282 0.520450
v -0.166347 -0.485000 0.508988
v -0.158584 -0.585000 0.555000
v -0.158882 -0.527514 0.546718
v 0.022259 -0.830438 0.457329
v 0.021167 -0.815981 0.443627
v 0.033750 -0.806854 0.434411
v 0.038806 -0.847503 0.468438
v 0.050041 -0.810713 0.440663
v 0.068924 -0.846985 0.475426
v 0.076603 -0.832640 0.471510
v 0.082005 -0.807577 0.459950
v 0.088560 -0.805000 0.475000
v -0.140245 -0.675572 -0.248335
v -0.150402 -0.653750 -0.250000
v -0.153852 -0.648465 -0.202428
v -0.156643 -0.635054 -0.232935
v -0.142409 -0.672985 -0.290399
v -0.135298 -0.674308 -0.215867
v -0.141085 -0.659375 -0.315000
v -0.127343 -0.710963 -0.325310
v -0.126923 -0.698843 -0.260584
v -0.125676 -0.687223 -0.229131
v -0.115819 -0.726779 -0.306964
v -0.110962 -0.712369 -0.267185
v -0.113167 -0.674219 -0.175000
v -0.100493 -0.738470 -0.310097
v -0.100603 -0.727204 -0.286535
v -0.108016 -0.704377 -0.243345
v -0.096880 -0.696010 -0.220529
v -0.094379 -0.684545 -0.195960
v -0.090000 -0.706422 -0.240895
v -0.084926 -0.678929 -0.187727
v -0.085000 -0.736670 -0.295000
v -0.085000 -0.727788 -0.280138
v -0.077299 -0.689317 -0.215628
v -0.074506 -0.743395 -0.309545
v -0.068926 -0.731736 -0.295571
v -0.073744 -0.713713 -0.259381
v -0.074481 -0.702771 -0.239465
v -0.073765 -0.665044 -0.163750
v -0.063164 -0.710990 -0.268218
v -0.065226 -0.696703 -0.240322
v -0.065739 -0.667680 -0.187532
v -0.057639 -0.730608 -0.313146
v -0.057633 -0.710507 -0.285336
v -0.055845 -0.680305 -0.244402
v -0.058823 -0.668821 -0.212459
v -0.059016 -0.654878 -0.195185
v -0.050645 -0.709063 -0.313867
v -0.051220 -0.688750 -0.281875
v -0.052417 -0.670000 -0.259531
v -0.054181 -0.665000 -0.300000
v -0.053299 -0.645000 -0.247500
v -0.135419 -0.688636 -0.332467
v -0.135936 -0.668235 -0.342479
v -0.126213 -0.735343 -0.393154
v -0.124342 -0.734067 -0.368132
v -0.126390 -0.714895 -0.403546
v -0.130935 -0.706250 -0.350625
v -0.129059 -0.678438 -0.376951
v -0.127856 -0.652694 -0.350873
v -0.120038 -0.767500 -0.400000
v -0.121406 -0.758906 -0.448750
v -0.123233 -0.755000 -0.426250
v -0.115251 -0.751740 -0.360755
v -0.115433 -0.730276 -0.446001
v -0.116878 -0.714639 -0.431877
v -0.118035 -0.699901 -0.420351
v -0.122526 -0.679832 -0.398289
v -0.121234 -0.660000 -0.380000
v -0.116790 -0.649450 -0.384350
v -0.110333 -0.737095 -0.460156
v -0.105682 -0.754438 -0.341264
v -0.105781 -0.701607 -0.438760
v -0.099775 -0.673034 -0.425738
v -0.109081 -0.669079 -0.415266
v -0.103666 -0.646919 -0.401096
v -0.091108 -0.782260 -0.367472
v -0.090088 -0.760544 -0.337899
v -0.094774 -0.705369 -0.448742
v -0.097150 -0.654397 -0.415532
v -0.084401 -0.770620 -0.349073
v -0.077432 -0.713164 -0.451496
v -0.085000 -0.695000 -0.441362
v -0.079188 -0.670565 -0.426568
v -0.079379 -0.653861 -0.416037
v -0.085000 -0.644163 -0.406204
v -0.070575 -0.760689 -0.338693
v -0.076838 -0.690575 -0.436479
v -0.076766 -0.645347 -0.404462
v -0.059643 -0.768071 -0.363459
v -0.065731 -0.732837 -0.461989
v -0.064092 -0.673676 -0.420468
v -0.063769 -0.654157 -0.406073
v -0.065698 -0.644116 -0.392088
v -0.055774 -0.790004 -0.399718
v -0.054796 -0.769323 -0.458478
v -0.055730 -0.748750 -0.446658
v -0.058291 -0.747607 -0.337107
v -0.058676 -0.730000 -0.447500
v -0.058721 -0.720000 -0.435000
v -0.055580 -0.726789 -0.417073
v -0.060183 -0.702500 -0.428125
v -0.055988 -0.697290 -0.385117
v -0.057818 -0.690000 -0.411250
v -0.058595 -0.676875 -0.406406
v -0.058173 -0.665000 -0.405000
v -0.057980 -0.660000 -0.385000
v -0.053743 -0.669410 -0.349823
v -0.057781 -0.650000 -0.370000
v -0.060493 -0.645000 -0.385000
v -0.052034 -0.785000 -0.455000
v -0.054059 -0.785000 -0.445000
v -0.051894 -0.785000 -0.417500
v -0.050730 -0.770625 -0.409375
v -0.049717 -0.754375 -0.391250
v -0.049273 -0.745498 -0.372793
v -0.048410 -0.730000 -0.347500
v -0.052732 -0.707500 -0.381250
v -0.048557 -0.709063 -0.336875
v -0.050702 -0.692500 -0.360000
v 0.020625 0.887117 0.882422
v 0.030116 0.872916 0.823440
v 0.032500 0.879670 0.843750
v 0.036250 0.888618 0.956250
v 0.035586 0.885680 0.892001
v 0.055001 0.861218 0.812590
v 0.050129 0.870728 0.827181
v 0.048333 0.876866 0.854688
v 0.045000 0.881796 0.895000
v 0.045166 0.885478 0.927491
v 0.055100 0.872616 0.842428
v 0.060379 0.878986 0.882500
v 0.060000 0.882997 0.910424
v 0.055607 0.885445 0.933750
v 0.069011 0.856146 0.814523
v 0.065000 0.870834 0.840000
v 0.065216 0.874438 0.858931
v 0.065000 0.882239 0.932500
v 0.075130 0.847640 0.809847
v 0.076406 0.859578 0.839374
v 0.076478 0.867012 0.847500
v 0.077436 0.868179 0.878120
v 0.075617 0.875776 0.921875
v 0.081901 0.828531 0.850568
v 0.082170 0.832656 0.921875
v 0.083989 0.828023 0.881533
v 0.080519 0.845000 0.845000
v 0.077177 0.855000 0.825000
v 0.081393 0.853750 0.876875
v 0.081859 0.856250 0.902500
v 0.080708 0.865000 0.905000
v 0.017500 0.847562 0.780360
v 0.026804 0.831263 0.761230
v 0.046142 0.851731 0.790046
v 0.051424 0.837596 0.772515
v 0.064742 0.834908 0.775104
v 0.070420 0.839745 0.790444
v 0.169446 -0.670000 0.455000
v 0.174787 -0.658812 0.419724
v 0.173478 -0.651244 0.380000
v 0.172752 -0.655000 0.395000
v 0.173467 -0.650000 0.447280
v 0.178463 -0.645000 0.395000
v -0.042220 0.778692 1.003076
v -0.034343 0.765588 1.021250
v -0.032841 0.769211 1.051921
v -0.039731 0.788131 1.049368
v -0.018750 0.760840 1.005625
v -0.026185 0.762770 1.038867
v -0.020301 0.763032 1.084994
v -0.031838 0.775000 1.080000
v -0.022863 0.779712 1.102774
v -0.031953 0.790000 1.095000
v -0.016115 0.784210 1.115735
v -0.003951 0.756271 1.027187
v -0.004145 0.760721 1.100003
v -0.194828 -0.816567 0.700623
v -0.193238 -0.823393 0.738125
v -0.196649 -0.817590 0.772188
v -0.194873 -0.811482 0.676095
v -0.185201 -0.834355 0.712371
v -0.175202 -0.855299 0.751447
v -0.175867 -0.855824 0.781250
v -0.175835 -0.845681 0.699083
v -0.175287 -0.850426 0.721250
v -0.164521 -0.854840 0.683271
v -0.165000 -0.857124 0.712500
v -0.165000 -0.859594 0.777500
v -0.174552 -0.834091 0.651763
v -0.161669 -0.863710 0.739062
v -0.221651 -0.295000 0.345000
v -0.220046 -0.281913 0.342500
v -0.215484 -0.279362 0.360467
v -0.211968 -0.267428 0.345000
v -0.209288 -0.266098 0.360276
v -0.207524 -0.255000 0.355000
v -0.211419 -0.226250 0.335000
v -0.205299 -0.215625 0.355415
v -0.210382 -0.210000 0.345000
v -0.210447 -0.195000 0.340000
v -0.202842 -0.189375 0.375794
v -0.194596 -0.275325 0.389306
v -0.198341 -0.240391 0.371524
v -0.195808 -0.225000 0.377358
v -0.196018 -0.210011 0.385034
v -0.194315 -0.211376 0.395129
v -0.195466 -0.180000 0.395436
v -0.202346 -0.165000 0.385000
v -0.185229 -0.286194 0.412615
v -0.189821 -0.247500 0.390000
v -0.191963 -0.240000 0.395000
v -0.184509 -0.254439 0.411428
v -0.185441 -0.227411 0.405779
v -0.192079 -0.225000 0.385000
v -0.190525 -0.225000 0.395000
v -0.184109 -0.198829 0.404264
v -0.183915 -0.171358 0.404105
v -0.182044 -0.286250 0.423750
v -0.168736 -0.291016 0.446433
v -0.177280 -0.257579 0.430188
v -0.175874 -0.234920 0.424265
v -0.181235 -0.195000 0.415000
v -0.174460 -0.195000 0.423790
v -0.175297 -0.182283 0.419376
v -0.166572 -0.255000 0.447943
v -0.168983 -0.228959 0.435194
v -0.164685 -0.225360 0.444469
v -0.165319 -0.199826 0.435371
v -0.164653 -0.186546 0.434595
v -0.075000 0.365000 0.487845
v -0.070721 0.415895 0.493697
v -0.074651 0.437096 0.494773
v -0.065149 0.345823 0.505134
v -0.066808 0.362252 0.496018
v -0.061488 0.367984 0.503561
v -0.062003 0.390000 0.493738
v -0.065053 0.460155 0.497461
v -0.056344 0.355000 0.506214
v -0.047854 0.376719 0.510198
v -0.052854 0.390000 0.503676
v -0.050994 0.419882 0.507065
v -0.051034 0.462821 0.511873
v -0.045000 0.335000 0.514541
v -0.045000 0.345938 0.514649
v -0.045949 0.360316 0.515468
v -0.041045 0.447253 0.514650
v -0.031119 0.345466 0.513859
v -0.026266 0.358704 0.518397
v -0.036185 0.422500 0.515726
v -0.026934 0.453543 0.524934
v -0.021118 0.335000 0.513519
v -0.018904 0.384991 0.522243
v -0.025000 0.422500 0.521597
v -0.022329 0.470524 0.530454
v -0.019344 0.415000 0.525639
v -0.005000 0.380000 0.528631
v -0.005000 0.470000 0.539615
v 0.014468 -0.623612 0.105000
v 0.014395 -0.623856 0.120640
v 0.023687 -0.601509 0.091946
v 0.018503 -0.555099 0.062852
v 0.010860 -0.538711 0.026495
v 0.020674 -0.614766 0.112500
v 0.023412 -0.613473 0.140000
v 0.026759 -0.605234 0.104017
v 0.033750 -0.568440 0.077052
v 0.028662 -0.555900 0.071523
v 0.027920 -0.535012 0.051780
v 0.022654 -0.520095 0.024814
v 0.024679 -0.505000 0.015531
v 0.041771 -0.604171 0.114336
v 0.040282 -0.604640 0.142361
v 0.035296 -0.585588 0.084794
v 0.039542 -0.508858 0.045917
v 0.029975 -0.499003 0.027634
v 0.045674 -0.595306 0.094355
v 0.046259 -0.580678 0.087442
v 0.049640 -0.553519 0.073662
v 0.053247 -0.505074 0.054297
v 0.060000 -0.602293 0.155000
v 0.060507 -0.585923 0.096620
v 0.062500 -0.561250 0.080978
v 0.065213 -0.575155 0.084796
v 0.065000 -0.501384 0.055628
v 0.080357 -0.590055 0.149983
v 0.079296 -0.585956 0.126250
v 0.081585 -0.566817 0.096487
v 0.075390 -0.565414 0.084517
v 0.075165 -0.530071 0.067689
v 0.078418 -0.506345 0.060364
v 0.075000 -0.485000 0.049405
v 0.093472 -0.539045 0.085377
v 0.093573 -0.572306 0.130000
v 0.100662 -0.575803 0.147632
v 0.099368 -0.558007 0.114292
v 0.094402 -0.553510 0.096142
v 0.106896 -0.494852 0.078263
v 0.110260 -0.563176 0.136856
v 0.103507 -0.532707 0.095780
v 0.117610 -0.546358 0.123859
v 0.115436 -0.535240 0.109449
v 0.122161 -0.517815 0.107944
v 0.131435 -0.547648 0.142244
v 0.149049 -0.488249 0.119235
v 0.170684 0.023594 0.342500
v 0.174832 0.037827 0.377039
v 0.172035 0.042500 0.405000
v 0.175915 0.054234 0.332297
v 0.173681 0.056464 0.391093
v 0.174505 0.065692 0.360614
v 0.172555 0.072500 0.405000
v 0.173580 0.102586 0.399114
v 0.173894 0.126902 0.412294
v 0.174758 0.145000 0.414381
v 0.177686 0.082500 0.360000
v 0.175876 0.082500 0.390000
v 0.176324 0.100000 0.385000
v 0.177794 0.110625 0.358750
v 0.176334 0.119922 0.381719
v 0.183188 0.134224 0.344329
v 0.025000 0.005000 0.019381
v 0.063253 -0.016532 0.020717
v 0.072389 -0.046978 0.010370
v 0.079317 -0.005706 0.033302
v 0.086078 0.002319 0.041861
v 0.097651 -0.038441 0.023397
v 0.100924 -0.020396 0.035925
v 0.102567 0.014869 0.055089
v 0.123302 -0.066669 0.016218
v 0.123464 -0.039461 0.036786
v 0.128948 -0.019831 0.052468
v 0.125775 -0.004502 0.054692
v 0.124990 0.012981 0.064281
v 0.141653 -0.052711 0.034543
v 0.141179 -0.034790 0.050586
v 0.136116 -0.012407 0.064039
v 0.145000 -0.066938 0.026111
v 0.150416 -0.017506 0.072202
v 0.150252 -0.004799 0.079509
v 0.145198 0.005821 0.074789
v 0.154370 -0.078894 0.026095
v 0.156092 -0.053885 0.045912
v 0.145197 0.008609 0.085000
v 0.158076 -0.002624 0.100960
v 0.159918 -0.055000 0.055000
v 0.077407 0.456017 -0.011484
v 0.084851 0.454585 -0.025175
v 0.089529 0.464674 -0.040442
v 0.095000 0.418852 -0.003577
v 0.094627 0.429477 -0.012824
v 0.103424 0.410049 -0.007425
v 0.117709 0.458955 -0.068356
v 0.120997 0.420662 -0.033853
v 0.120732 0.435325 -0.049675
v 0.125795 0.384524 -0.005515
v 0.120239 0.402427 -0.017664
v 0.134207 0.446404 -0.070509
v 0.145000 0.390782 -0.015167
v 0.145000 0.422479 -0.047743
v 0.150094 0.439041 -0.060831
v 0.145000 0.445298 -0.074597
v 0.152266 0.464189 -0.086266
v 0.165956 0.416369 -0.031305
v -0.212790 0.438320 -0.013143
v -0.200740 0.382534 -0.020390
v -0.204878 0.427019 -0.034517
v -0.210974 0.455000 -0.015000
v -0.207979 0.466436 -0.018125
v -0.190872 0.403075 -0.051664
v -0.196819 0.474106 -0.046502
v -0.185446 0.354895 -0.009464
v -0.189793 0.432175 -0.073213
v -0.184289 0.451017 -0.108705
v -0.188814 0.462500 -0.100000
v -0.185356 0.466244 -0.119389
v -0.177021 0.416940 -0.086627
v -0.172989 0.449284 -0.126256
v -0.161551 0.351951 -0.028286
v -0.173489 0.387319 -0.061763
v -0.165993 0.450392 -0.135629
v -0.162368 -0.628456 -0.202181
v -0.168763 -0.612850 -0.180938
v -0.163595 -0.597814 -0.221183
v -0.168307 -0.575091 -0.196869
v -0.172311 -0.585000 -0.175000
v -0.170337 -0.555000 -0.170000
v -0.167329 -0.545000 -0.165000
v -0.160546 -0.556875 -0.199375
v -0.160600 -0.525000 -0.170000
v -0.223973 -0.705000 0.813367
v -0.218930 -0.754357 0.807513
v -0.216674 -0.732500 0.826803
v -0.208029 -0.719991 0.833885
v -0.212683 -0.705919 0.824600
v -0.215000 -0.695948 0.813997
v -0.201882 -0.777010 0.839669
v -0.198851 -0.743437 0.846527
v -0.202757 -0.702944 0.815000
v -0.195394 -0.729841 0.847526
v -0.194676 -0.714877 0.835144
v -0.194297 -0.714347 0.815000
v -0.192916 -0.713005 0.825000
v -0.204723 -0.705000 0.825000
v -0.181348 -0.754025 0.863155
v -0.185000 -0.740097 0.857543
v -0.185400 -0.725090 0.844684
v -0.183806 -0.723773 0.830000
v -0.169669 -0.770000 0.871343
v -0.170000 -0.737773 0.854568
v -0.175000 -0.733209 0.835000
v -0.175000 -0.730819 0.845000
v -0.165000 -0.751215 0.866089
v -0.160801 -0.752412 0.833031
v -0.166648 -0.736432 0.845000
v 0.048808 -0.135469 -0.265391
v 0.049453 -0.132500 -0.234375
v 0.053286 -0.128137 -0.194990
v 0.052607 -0.107473 -0.254581
v 0.058430 -0.096797 -0.221025
v 0.065443 -0.091194 -0.162995
v 0.057010 -0.085000 -0.277500
v 0.067973 -0.075127 -0.211110
v 0.075625 -0.065357 -0.251558
v 0.075000 -0.070515 -0.190000
v 0.080000 -0.059921 -0.298125
v 0.087845 -0.065597 -0.207390
v 0.085000 -0.061832 -0.252500
v 0.099236 -0.065201 -0.180076
v 0.100000 -0.062519 -0.213750
v 0.110824 -0.066574 -0.249193
v 0.117940 -0.067981 -0.175000
v 0.127193 -0.082911 -0.253125
v 0.132229 -0.104858 -0.275305
v 0.135159 -0.094982 -0.241005
v 0.140863 -0.127836 -0.253787
v 0.139391 -0.089313 -0.193038
v 0.149377 -0.127500 -0.216250
v 0.153166 -0.127500 -0.194227
v 0.153782 -0.113767 -0.177783
v 0.173134 -0.855000 0.815000
v 0.173651 -0.850710 0.842376
v 0.164936 -0.844288 0.870686
v 0.181444 -0.817500 0.863504
v 0.180684 -0.845000 0.820000
v 0.184325 -0.824921 0.848581
v 0.202751 -0.800626 0.825000
v -0.251196 -0.493496 0.092189
v -0.259122 -0.485000 0.122500
v -0.245757 -0.504856 0.139664
v -0.241303 -0.498449 0.062660
v -0.235114 -0.519046 0.074308
v -0.237332 -0.517065 0.098138
v -0.239148 -0.515000 0.135000
v -0.220526 -0.541730 0.063504
v -0.225042 -0.540453 0.106859
v -0.224460 -0.545745 0.139507
v -0.225412 -0.517595 0.036318
v -0.226388 -0.490000 0.016709
v -0.210052 -0.577625 0.122372
v -0.213041 -0.568849 0.143750
v -0.215807 -0.565396 0.156144
v -0.212843 -0.564655 0.082223
v -0.213707 -0.532571 0.021250
v -0.202427 -0.590822 0.083154
v -0.204632 -0.584871 0.114714
v -0.203477 -0.575384 0.052474
v -0.203827 -0.564032 0.047321
v -0.203497 -0.559717 0.033664
v -0.205063 -0.545267 0.014684
v -0.211474 -0.545000 0.025000
v -0.213971 -0.545000 0.035000
v -0.196746 -0.591117 0.044275
v -0.195437 -0.595162 0.115236
v -0.192358 -0.587992 0.015000
v -0.186047 -0.616265 0.024150
v -0.177933 -0.615623 0.069687
v -0.194122 -0.598801 0.093720
v -0.181395 -0.607463 0.114194
v -0.189984 -0.593912 0.125000
v -0.188321 -0.588550 0.143977
v -0.169757 -0.626546 0.038750
v -0.175470 -0.615381 0.089664
v -0.165413 -0.628112 0.052494
v -0.165605 -0.618266 0.113432
v -0.164215 -0.613546 0.140000
v -0.058144 -1.157046 0.648301
v -0.056522 -1.135000 0.656820
v -0.038398 -1.173447 0.659202
v -0.039858 -1.191331 0.648141
v -0.026209 -1.216017 0.646991
v -0.017632 -1.209050 0.654622
v -0.014722 -1.177521 0.671904
v -0.024597 -1.149977 0.680895
v -0.019648 -1.132142 0.692663
v -0.015418 -1.225944 0.645341
v -0.008944 -1.197170 0.663693
v -0.015000 -1.125000 0.698510
v -0.005000 -1.225879 0.649557
v -0.076476 -1.138917 0.536545
v -0.075362 -1.136994 0.523166
v -0.075739 -1.135658 0.558662
v -0.073611 -1.135789 0.601075
v -0.075059 -1.127973 0.580000
v -0.063116 -1.166371 0.543115
v -0.065000 -1.153281 0.526447
v -0.066509 -1.161139 0.578462
v -0.072283 -1.147656 0.611250
v -0.067056 -1.147500 0.635000
v -0.065000 -1.137073 0.519108
v -0.055722 -1.175778 0.581810
v -0.053849 -1.183877 0.612500
v -0.057000 -1.179684 0.635000
v -0.053894 -1.174057 0.552500
v -0.044516 -1.157504 0.525035
v -0.042014 -1.197076 0.620011
v -0.045413 -1.185667 0.582871
v -0.044669 -1.194627 0.635000
v -0.045000 -1.177005 0.540974
v -0.044009 -1.181969 0.560000
v -0.034843 -1.131518 0.513478
v -0.033657 -1.210953 0.624598
v -0.036102 -1.208777 0.635000
v -0.033038 -1.199431 0.601139
v -0.032684 -1.188650 0.561750
v -0.030122 -1.174469 0.535577
v -0.020024 -1.228563 0.633072
v -0.025022 -1.210035 0.609756
v -0.019806 -1.198152 0.569885
v -0.025000 -1.166837 0.523472
v -0.023156 -1.150093 0.516786
v -0.013370 -1.221880 0.608298
v -0.014154 -1.210000 0.587994
v -0.009475 -1.185136 0.544368
v -0.012500 -1.175506 0.530477
v -0.015000 -1.160000 0.519517
v -0.005372 -1.234873 0.630833
v -0.005062 -1.209463 0.580456
v -0.005000 -1.180533 0.535000
v 0.023507 0.056245 0.041160
v 0.022500 0.112172 0.060857
v 0.022794 0.133508 0.073030
v 0.023101 0.149201 0.082818
v 0.024601 0.024698 0.027137
v 0.030000 0.075000 0.048411
v 0.035000 0.043433 0.035935
v 0.041809 0.083696 0.053749
v 0.042239 0.109818 0.063758
v 0.041250 0.126411 0.071340
v 0.035000 0.155000 0.088950
v 0.049089 0.050327 0.043886
v 0.060000 0.094325 0.065378
v 0.051875 0.139225 0.083371
v 0.057187 0.033591 0.042139
v 0.065000 0.075000 0.061567
v 0.073175 0.128761 0.078920
v 0.073750 0.147110 0.087205
v 0.076803 0.046187 0.056279
v 0.080926 0.101864 0.075154
v 0.092713 0.063090 0.071806
v 0.085000 0.115000 0.078854
v 0.090000 0.143750 0.089161
v 0.095565 0.094337 0.082287
v 0.105000 0.028673 0.064815
v 0.107724 0.045000 0.073726
v 0.105854 0.055761 0.074709
v 0.110000 0.066250 0.080724
v 0.112333 0.083977 0.087442
v 0.105000 0.100000 0.088785
v 0.105000 0.115000 0.089583
v 0.105584 0.142609 0.094109
v 0.116989 0.101524 0.094047
v 0.117682 0.124063 0.099214
v 0.126992 0.142150 0.105304
v 0.130863 0.036817 0.084186
v 0.134211 0.073118 0.102104
v 0.134212 0.100000 0.105737
v 0.135000 0.120000 0.110810
v 0.146266 0.020803 0.095231
v 0.141710 0.065000 0.115000
v 0.148257 0.061082 0.132094
v 0.144604 0.072535 0.121130
v 0.143383 0.091546 0.115497
v 0.146694 0.091264 0.129415
v 0.142283 0.115000 0.115000
v 0.144963 0.115151 0.125100
v 0.142245 0.125000 0.119000
v 0.148037 0.148527 0.134358
v 0.156635 0.024015 0.131160
v 0.149634 0.040084 0.122697
v 0.152327 0.101170 0.140526
v 0.150974 0.131146 0.137632
v 0.159977 0.080000 0.155000
v 0.159831 0.100000 0.155000
v 0.158934 0.130000 0.155000
v 0.160658 0.145000 0.155000
v -0.265000 -0.632774 0.700000
v -0.205034 -0.485050 0.364955
v -0.194188 -0.617753 0.341486
v -0.197588 -0.613168 0.383012
v -0.201289 -0.596250 0.362656
v -0.201800 -0.580000 0.390625
v -0.198149 -0.589159 0.421920
v -0.200595 -0.555547 0.398086
v -0.195564 -0.558905 0.455816
v -0.199104 -0.548750 0.348750
v -0.200386 -0.557969 0.373437
v -0.198756 -0.535000 0.407500
v -0.198832 -0.533719 0.440000
v -0.193798 -0.547500 0.464676
v -0.199418 -0.535000 0.365000
v -0.196373 -0.525000 0.342500
v -0.196651 -0.520255 0.367500
v -0.195106 -0.517095 0.426250
v -0.196278 -0.522227 0.453458
v -0.199907 -0.515000 0.335000
v -0.200235 -0.512659 0.349583
v -0.197301 -0.508218 0.392872
v -0.199024 -0.505000 0.340000
v -0.201037 -0.485000 0.345000
v -0.199812 -0.485000 0.355000
v -0.194071 -0.495080 0.363203
v -0.195188 -0.486335 0.375686
v -0.195299 -0.487814 0.400632
v -0.195000 -0.479705 0.405000
v -0.185558 -0.618125 0.471575
v -0.189068 -0.581250 0.460000
v -0.184416 -0.590855 0.475000
v -0.188670 -0.505972 0.469914
v -0.191228 -0.505000 0.365000
v -0.187815 -0.496248 0.444375
v -0.191070 -0.495000 0.385000
v -0.191982 -0.495000 0.420000
v -0.191979 -0.485000 0.385000
v -0.182739 -0.605000 0.475000
v -0.181508 -0.485000 0.445000
v -0.178376 -0.485000 0.455000
v -0.180384 -0.485000 0.465000
f 5 3 4
f 7 9 8
f 11 3 5
f 6 2 10
f 11 5 8
f 6 10 7
f 8 12 11
f 7 10 13
f 12 8 14
f 9 14 8
f 9 7 14
f 13 14 7
f 3 15 1
f 16 17 2
f 10 2 17
f 18 11 12
f 14 18 12
f 19 18 14
f 20 19 14
f 21 20 14
f 14 13 21
f 23 15 3
f 24 23 3
f 24 3 11
f 25 18 19
f 20 25 19
f 26 25 20
f 26 20 27
f 20 21 27
f 27 21 28
f 22 28 21
f 28 22 29
f 32 23 24
f 27 28 30
f 30 28 31
f 28 29 31
f 43 24 34
f 34 24 11
f 34 11 18
f 35 18 25
f 35 25 26
f 36 35 26
f 37 26 27
f 37 36 26
f 37 27 30
f 30 31 38
f 32 39 23
f 32 24 43
f 37 40 36
f 40 37 30
f 40 30 38
f 40 38 41
f 43 39 32
f 64 44 34
f 34 44 43
f 64 34 18
f 18 35 64
f 35 45 64
f 46 45 35
f 35 36 46
f 46 36 40
f 40 47 46
f 41 47 40
f 48 39 50
f 50 39 43
f 52 42 51
f 64 43 44
f 45 55 64
f 45 57 55
f 57 58 56
f 56 58 53
f 53 58 52
f 52 58 59
f 52 59 54
f 46 57 45
f 58 57 46
f 58 46 59
f 59 46 47
f 59 47 54
f 60 50 61
f 48 50 60
f 49 62 51
f 42 49 51
f 50 63 61
f 62 52 51
f 64 63 43
f 43 63 50
f 55 65 64
f 65 55 66
f 66 55 57
f 66 57 52
f 52 57 56
f 56 53 52
f 49 67 68
f 61 67 60
f 67 69 68
f 49 68 62
f 68 69 52
f 62 68 52
f 64 61 63
f 61 64 67
f 67 64 70
f 67 70 69
f 69 71 52
f 64 65 70
f 70 65 69
f 69 65 66
f 69 66 71
f 71 66 52
f 72 74 73
f 73 74 75
f 75 74 76
f 74 77 76
f 77 74 80
f 79 75 76
f 83 79 76
f 81 83 76
f 77 81 76
f 77 80 81
f 80 78 85
f 85 78 82
f 84 81 80
f 84 80 86
f 87 80 88
f 88 80 85
f 88 85 82
f 81 89 83
f 89 81 84
f 80 87 86
f 84 90 89
f 91 84 86
f 92 86 87
f 92 87 88
f 83 94 93
f 83 93 7660
f 83 89 94
f 84 91 90
f 92 88 95
f 7660 93 96
f 89 90 94
f 91 97 90
f 86 92 91
f 92 98 91
f 92 95 98
f 93 94 103
f 103 94 100
f 97 101 90
f 91 102 97
f 97 102 101
f 91 98 102
f 99 645 95
f 93 103 96
f 90 104 100
f 94 90 100
f 104 90 101
f 102 104 101
f 98 104 102
f 104 103 100
f 104 98 95
f 105 95 645
f 105 645 2852
f 106 107 108
f 107 109 108
f 116 109 107
f 108 109 110
f 110 109 112
f 109 111 112
f 124 113 106
f 106 113 115
f 113 114 115
f 114 107 115
f 107 114 116
f 117 124 106
f 107 106 115
f 108 118 117
f 106 108 117
f 118 108 128
f 128 108 119
f 119 110 120
f 119 108 110
f 112 121 110
f 111 121 112
f 122 121 111
f 123 113 124
f 123 125 113
f 125 114 113
f 116 114 125
f 126 124 127
f 127 124 117
f 118 127 117
f 128 127 118
f 128 119 129
f 119 120 129
f 129 120 130
f 130 120 110
f 110 121 130
f 123 124 132
f 123 133 125
f 133 131 125
f 124 134 132
f 135 134 126
f 126 134 124
f 127 135 126
f 127 128 136
f 131 133 137
f 131 137 2987
f 138 137 132
f 132 137 123
f 133 123 137
f 139 138 134
f 132 134 138
f 139 135 140
f 139 134 135
f 140 135 127
f 127 136 140
f 136 128 141
f 128 129 141
f 141 129 130
f 2987 137 142
f 147 137 138
f 139 143 138
f 147 138 143
f 144 139 140
f 139 144 143
f 145 140 136
f 145 136 141
f 142 137 146
f 143 148 147
f 148 143 144
f 149 145 141
f 147 150 137
f 151 147 148
f 144 153 152
f 148 144 152
f 151 148 152
f 153 144 140
f 153 140 154
f 145 154 140
f 154 145 149
f 149 141 155
f 151 157 147
f 152 157 151
f 154 152 153
f 158 154 149
f 158 149 159
f 159 149 155
f 147 157 160
f 147 160 150
f 150 160 161
f 137 150 161
f 156 137 161
f 152 162 157
f 157 162 160
f 160 162 163
f 152 154 158
f 152 158 162
f 162 158 164
f 163 162 164
f 164 158 165
f 158 159 165
f 165 159 166
f 166 159 155
f 156 161 160
f 156 160 168
f 167 156 168
f 163 164 160
f 160 164 165
f 169 167 168
f 171 172 169
f 168 160 173
f 160 165 173
f 168 173 174
f 165 166 173
f 173 166 170
f 173 170 174
f 174 170 171
f 174 171 168
f 168 171 169
f 179 180 178
f 177 178 175
f 178 180 175
f 175 180 181
f 181 182 175
f 182 184 183
f 175 182 183
f 183 184 185
f 179 186 180
f 186 187 188
f 181 180 190
f 180 186 190
f 186 188 190
f 189 191 190
f 189 190 187
f 187 190 188
f 182 181 190
f 190 191 182
f 192 184 191
f 191 184 182
f 184 192 193
f 184 193 185
f 193 194 185
f 195 185 194
f 196 187 186
f 187 197 189
f 196 197 187
f 191 189 198
f 198 189 197
f 198 192 191
f 207 199 192
f 199 193 192
f 193 201 194
f 201 193 200
f 202 195 194
f 194 201 202
f 195 202 201
f 203 195 201
f 197 204 205
f 197 196 204
f 197 205 206
f 206 198 197
f 192 198 207
f 207 198 206
f 207 208 199
f 208 193 199
f 200 208 209
f 193 208 200
f 209 210 200
f 210 201 200
f 205 212 206
f 204 212 205
f 213 207 206
f 207 213 208
f 208 214 209
f 214 210 209
f 214 201 210
f 214 215 201
f 215 203 201
f 211 216 204
f 204 216 217
f 217 212 204
f 218 206 217
f 217 206 212
f 218 213 206
f 218 208 213
f 219 215 214
f 220 211 204
f 216 211 223
f 223 217 216
f 223 218 217
f 221 208 218
f 214 208 221
f 222 214 221
f 219 214 222
f 225 218 224
f 224 218 223
f 225 226 221
f 221 218 225
f 226 222 221
f 227 223 230
f 227 228 224
f 224 223 227
f 228 225 224
f 229 225 228
f 228 226 229
f 229 226 225
f 231 228 230
f 228 227 230
f 232 228 231
f 233 228 232
f 234 236 235
f 235 236 230
f 234 232 236
f 236 232 231
f 231 230 236
f 239 237 240
f 240 237 241
f 240 241 242
f 245 244 246
f 247 237 239
f 239 240 242
f 239 242 248
f 248 242 243
f 249 243 244
f 249 244 250
f 250 244 245
f 250 245 251
f 245 246 251
f 252 247 239
f 252 239 253
f 253 239 248
f 254 253 243
f 253 248 243
f 249 250 255
f 250 256 255
f 250 251 256
f 258 252 253
f 258 253 259
f 254 260 253
f 260 259 253
f 260 254 261
f 243 261 254
f 262 263 261
f 243 262 261
f 264 262 243
f 249 264 243
f 263 264 265
f 262 264 263
f 249 265 264
f 249 255 265
f 255 266 265
f 266 255 256
f 256 267 266
f 267 256 268
f 252 269 257
f 247 252 257
f 269 252 270
f 270 252 258
f 271 270 258
f 259 271 258
f 260 271 259
f 271 260 272
f 273 260 261
f 273 272 260
f 274 273 261
f 275 274 276
f 263 276 261
f 276 274 261
f 277 275 276
f 263 265 276
f 265 266 276
f 278 277 279
f 277 276 279
f 276 267 279
f 266 267 276
f 268 280 267
f 280 279 267
f 279 280 278
f 281 269 270
f 270 271 281
f 271 282 281
f 282 271 272
f 283 282 272
f 283 273 274
f 283 274 292
f 272 273 283
f 292 274 293
f 284 293 277
f 275 277 293
f 293 274 275
f 285 284 277
f 277 278 285
f 287 285 278
f 288 257 289
f 289 257 269
f 289 269 281
f 290 289 281
f 281 282 290
f 290 282 291
f 283 292 291
f 292 290 291
f 291 282 283
f 294 293 284
f 296 294 295
f 295 294 284
f 285 295 284
f 285 296 295
f 296 285 286
f 297 298 299
f 298 300 299
f 298 289 300
f 300 289 290
f 300 292 299
f 292 300 290
f 293 299 292
f 302 301 296
f 294 296 301
f 293 294 301
f 303 302 296
f 304 288 305
f 305 288 289
f 305 298 306
f 298 297 306
f 298 305 289
f 307 306 299
f 297 299 306
f 308 307 299
f 301 308 293
f 293 308 299
f 310 304 305
f 311 310 306
f 310 305 306
f 311 306 312
f 312 306 307
f 313 307 301
f 313 312 307
f 308 301 307
f 301 309 313
f 304 310 314
f 314 310 315
f 310 311 315
f 315 311 312
f 315 312 316
f 316 312 313
f 317 288 304
f 315 318 314
f 318 315 319
f 319 315 316
f 320 314 321
f 314 318 321
f 321 318 319
f 317 322 323
f 317 304 322
f 322 304 314
f 321 324 320
f 324 321 319
f 325 323 322
f 320 326 314
f 326 322 314
f 325 322 326
f 326 320 324
f 319 327 326
f 324 319 326
f 319 328 327
f 325 329 323
f 323 329 330
f 327 328 946
f 326 327 946
f 331 333 334
f 331 334 332
f 335 337 336
f 340 336 337
f 338 341 335
f 335 341 337
f 340 337 72
f 344 343 342
f 344 346 343
f 347 346 344
f 6666 347 344
f 349 345 346
f 349 346 348
f 346 351 348
f 347 6666 351
f 351 346 347
f 350 348 351
f 352 349 348
f 348 350 352
f 353 351 6666
f 350 354 352
f 352 354 356
f 358 354 351
f 351 354 350
f 353 358 351
f 349 352 355
f 356 357 352
f 357 356 354
f 354 358 357
f 360 366 362
f 365 363 366
f 363 367 366
f 373 364 361
f 369 373 361
f 364 365 362
f 364 362 361
f 362 365 360
f 360 365 366
f 367 368 366
f 371 368 363
f 373 377 364
f 377 365 364
f 365 372 363
f 363 368 367
f 374 373 369
f 376 375 371
f 6652 376 372
f 372 376 378
f 376 363 378
f 376 371 363
f 379 377 373
f 6652 365 377
f 372 365 6652
f 363 372 378
f 374 379 373
f 380 381 382
f 383 380 382
f 385 383 382
f 382 384 385
f 384 386 385
f 386 384 387
f 386 387 389
f 387 390 389
f 393 385 386
f 386 389 393
f 395 392 391
f 389 394 396
f 397 398 380
f 380 398 381
f 398 399 381
f 399 401 381
f 397 380 402
f 381 401 382
f 403 406 405
f 406 403 407
f 383 404 402
f 380 383 402
f 382 401 408
f 401 403 408
f 403 405 408
f 405 406 408
f 384 382 408
f 408 406 409
f 410 409 406
f 406 407 410
f 411 404 383
f 384 408 387
f 408 409 387
f 409 412 387
f 385 411 383
f 388 387 414
f 387 412 414
f 388 390 387
f 414 416 388
f 414 412 416
f 412 417 416
f 385 393 415
f 390 388 389
f 388 418 389
f 388 416 418
f 416 417 418
f 391 392 419
f 412 420 417
f 412 419 420
f 394 389 418
f 417 420 418
f 392 421 419
f 392 395 421
f 418 420 422
f 420 423 422
f 420 419 423
f 419 424 423
f 419 421 424
f 400 399 426
f 399 403 401
f 400 403 399
f 427 397 402
f 400 426 403
f 426 432 403
f 432 3919 403
f 427 402 404
f 407 403 3919
f 3919 428 407
f 407 428 410
f 409 410 412
f 410 428 412
f 428 413 412
f 391 412 413
f 385 415 411
f 429 412 391
f 411 415 430
f 412 429 419
f 391 419 429
f 433 427 404
f 411 434 433
f 404 411 433
f 434 411 435
f 435 411 430
f 436 435 430
f 415 436 430
f 415 437 436
f 431 437 415
f 438 425 397
f 438 397 439
f 439 397 427
f 439 427 433
f 440 439 433
f 440 433 434
f 441 425 438
f 434 435 443
f 435 436 443
f 443 436 437
f 440 434 443
f 442 441 438
f 442 438 444
f 444 438 439
f 444 439 440
f 444 440 443
f 443 437 445
f 441 442 446
f 446 442 447
f 447 442 444
f 447 444 443
f 448 6403 449
f 448 449 450
f 450 449 451
f 457 6403 452
f 452 448 453
f 452 6403 448
f 453 450 454
f 448 450 453
f 454 450 455
f 450 451 455
f 456 457 466
f 456 465 457
f 458 466 452
f 466 457 452
f 458 452 459
f 460 459 452
f 453 460 452
f 459 460 461
f 460 453 461
f 461 453 454
f 461 454 462
f 462 454 463
f 464 454 455
f 456 466 465
f 465 6424 457
f 458 467 466
f 469 468 467
f 469 467 458
f 469 458 459
f 469 459 470
f 470 459 471
f 471 459 461
f 470 471 461
f 462 472 461
f 472 470 461
f 462 463 472
f 463 473 472
f 463 454 473
f 464 473 454
f 475 476 474
f 474 466 475
f 478 476 475
f 477 478 475
f 467 477 466
f 477 475 466
f 477 467 468
f 477 468 479
f 477 479 478
f 469 479 468
f 479 469 480
f 470 480 469
f 480 470 482
f 470 472 482
f 482 472 483
f 473 483 472
f 465 466 484
f 466 485 484
f 474 485 466
f 487 486 474
f 487 474 488
f 474 476 488
f 478 488 476
f 478 489 488
f 479 489 478
f 489 479 480
f 489 480 491
f 493 490 494
f 490 493 481
f 491 482 492
f 480 482 491
f 492 482 483
f 492 493 494
f 492 483 493
f 483 481 493
f 496 7340 495
f 495 7340 474
f 7340 485 474
f 497 496 495
f 474 497 495
f 474 498 497
f 474 486 498
f 487 498 486
f 498 487 499
f 487 488 499
f 489 499 488
f 501 490 500
f 491 502 489
f 502 503 501
f 501 503 490
f 502 491 492
f 502 492 503
f 503 492 494
f 490 503 494
f 7340 505 504
f 7340 496 505
f 505 496 506
f 497 506 496
f 506 497 498
f 506 498 507
f 507 498 499
f 489 511 499
f 511 507 499
f 511 512 508
f 512 513 508
f 508 513 514
f 508 514 509
f 509 514 510
f 511 489 512
f 513 512 502
f 513 502 514
f 514 502 501
f 501 510 514
f 510 501 500
f 502 512 489
f 504 516 515
f 7340 504 515
f 505 516 504
f 506 516 505
f 517 506 507
f 517 507 519
f 508 521 520
f 521 509 518
f 509 510 518
f 519 511 520
f 519 507 511
f 520 511 508
f 509 521 508
f 370 368 522
f 516 523 515
f 506 523 516
f 523 506 524
f 517 519 506
f 506 519 524
f 524 519 527
f 527 520 528
f 528 521 529
f 520 521 528
f 529 521 525
f 521 518 525
f 518 526 525
f 519 520 527
f 371 530 368
f 530 531 368
f 368 531 522
f 522 531 370
f 531 533 370
f 531 532 533
f 523 524 534
f 525 538 537
f 524 527 534
f 534 527 535
f 535 527 528
f 535 528 536
f 536 528 537
f 537 528 529
f 537 529 525
f 526 538 525
f 375 539 371
f 539 530 371
f 530 539 531
f 539 540 531
f 541 543 540
f 540 543 546
f 543 541 546
f 541 547 546
f 549 542 545
f 540 546 531
f 546 547 550
f 547 544 550
f 544 542 550
f 546 532 531
f 546 550 532
f 542 551 550
f 542 552 551
f 551 553 550
f 532 554 533
f 532 550 554
f 550 553 554
f 553 2481 554
f 557 555 556
f 565 558 555
f 560 562 561
f 561 562 563
f 563 562 556
f 557 556 562
f 565 562 564
f 562 565 555
f 557 562 555
f 566 558 565
f 558 566 559
f 568 560 567
f 569 560 568
f 560 569 562
f 570 571 569
f 569 571 562
f 564 562 571
f 572 566 565
f 567 573 574
f 568 574 575
f 567 574 568
f 575 569 568
f 575 570 569
f 570 576 571
f 571 576 564
f 564 576 577
f 579 565 564
f 572 565 579
f 580 574 573
f 575 574 580
f 582 575 581
f 582 570 575
f 582 576 570
f 582 583 576
f 583 577 576
f 577 584 564
f 577 583 584
f 578 564 584
f 585 578 584
f 564 578 579
f 586 579 578
f 587 572 579
f 575 580 581
f 588 585 584
f 588 578 585
f 586 578 588
f 586 587 579
f 590 581 589
f 589 581 580
f 582 581 591
f 582 591 583
f 588 584 592
f 593 586 588
f 586 593 594
f 590 589 595
f 595 581 590
f 595 591 581
f 588 596 593
f 588 592 596
f 594 593 596
f 595 589 597
f 597 598 595
f 595 598 599
f 600 595 599
f 591 595 600
f 601 591 600
f 583 591 601
f 583 601 584
f 602 596 592
f 589 603 597
f 603 604 598
f 603 598 597
f 604 599 598
f 604 600 599
f 604 605 600
f 605 601 600
f 606 592 601
f 601 592 584
f 602 592 606
f 607 602 606
f 596 602 607
f 608 596 607
f 609 604 603
f 604 610 605
f 605 611 601
f 607 606 612
f 613 604 609
f 613 610 604
f 613 614 610
f 614 605 610
f 614 611 605
f 614 615 611
f 615 601 611
f 615 606 601
f 615 616 606
f 616 612 606
f 612 616 617
f 607 612 617
f 607 617 608
f 619 620 625
f 337 341 621
f 337 621 72
f 622 621 338
f 621 341 338
f 618 623 338
f 623 622 338
f 618 624 623
f 619 624 618
f 624 619 623
f 619 625 632
f 622 623 621
f 621 626 72
f 72 626 74
f 623 627 621
f 621 627 628
f 621 628 626
f 619 627 623
f 626 628 629
f 626 629 74
f 627 619 628
f 631 628 630
f 628 619 630
f 632 630 619
f 630 632 631
f 633 632 625
f 633 625 634
f 74 629 628
f 74 635 80
f 628 635 74
f 628 631 636
f 636 631 632
f 628 636 635
f 636 632 635
f 632 633 635
f 78 80 635
f 634 635 633
f 635 634 637
f 82 78 635
f 638 82 635
f 635 637 638
f 82 638 639
f 640 82 639
f 88 82 640
f 642 88 640
f 642 640 641
f 88 642 95
f 95 642 99
f 99 642 641
f 643 644 641
f 641 644 645
f 99 641 645
f 6384 2852 645
f 651 650 652
f 649 650 648
f 650 651 648
f 646 648 653
f 654 648 655
f 651 655 648
f 652 656 651
f 657 653 658
f 648 659 653
f 653 659 658
f 654 659 648
f 655 651 656
f 664 657 658
f 664 658 659
f 659 654 664
f 654 655 665
f 655 656 665
f 666 657 667
f 662 657 666
f 661 666 668
f 667 657 664
f 663 660 669
f 660 661 669
f 667 664 670
f 670 664 654
f 670 654 671
f 654 665 671
f 656 672 665
f 666 673 668
f 667 673 666
f 668 673 674
f 667 675 673
f 667 670 675
f 674 673 676
f 673 675 676
f 675 677 676
f 675 670 677
f 668 669 661
f 674 669 668
f 669 678 7783
f 669 674 678
f 674 679 678
f 674 680 679
f 676 680 674
f 670 671 677
f 7783 682 681
f 7783 678 682
f 679 682 678
f 682 679 687
f 687 679 680
f 671 683 677
f 683 671 665
f 683 665 684
f 665 672 685
f 665 685 684
f 677 686 676
f 676 687 680
f 676 686 687
f 686 688 687
f 686 677 688
f 677 683 688
f 689 681 682
f 682 687 689
f 688 690 687
f 683 690 688
f 684 690 683
f 681 689 691
f 684 685 692
f 687 690 695
f 695 690 693
f 690 684 693
f 693 684 694
f 684 692 694
f 687 695 689
f 693 694 697
f 691 689 698
f 698 689 699
f 689 695 699
f 695 693 699
f 698 696 691
f 696 698 700
f 698 699 700
f 700 699 701
f 701 699 693
f 696 700 704
f 700 701 704
f 702 701 697
f 701 693 697
f 703 696 704
f 701 709 704
f 709 702 705
f 701 702 709
f 705 697 706
f 702 697 705
f 707 703 708
f 704 708 703
f 708 704 709
f 705 706 710
f 712 707 713
f 713 707 708
f 713 708 714
f 714 708 709
f 714 709 715
f 705 710 715
f 705 715 709
f 6456 716 717
f 718 719 6456
f 719 716 6456
f 719 720 716
f 720 721 716
f 718 722 719
f 722 723 719
f 723 724 719
f 719 724 720
f 724 725 720
f 725 726 720
f 726 727 720
f 727 721 720
f 730 728 731
f 722 730 731
f 731 728 723
f 728 724 723
f 728 729 724
f 723 722 731
f 724 729 725
f 729 732 725
f 732 733 725
f 725 733 726
f 733 734 726
f 728 737 735
f 2597 728 735
f 729 728 2597
f 2597 738 729
f 737 730 736
f 728 730 737
f 729 738 732
f 739 733 732
f 739 734 733
f 741 742 746
f 746 744 741
f 741 744 740
f 740 747 743
f 748 744 746
f 746 745 755
f 749 740 750
f 749 747 740
f 748 746 752
f 752 754 748
f 754 750 748
f 748 750 744
f 740 744 750
f 751 746 755
f 752 746 751
f 747 749 753
f 751 755 757
f 754 752 751
f 750 760 753
f 749 750 753
f 757 756 751
f 760 750 754
f 756 758 751
f 754 751 758
f 759 753 760
f 5958 757 755
f 758 761 754
f 760 754 761
f 755 745 5958
f 760 761 762
f 761 758 756
f 760 762 774
f 762 761 774
f 763 757 764
f 757 765 756
f 765 766 756
f 766 761 756
f 760 774 759
f 757 763 765
f 767 763 764
f 766 774 761
f 768 759 774
f 767 769 763
f 769 770 763
f 771 767 764
f 769 767 771
f 770 772 763
f 763 772 765
f 772 773 765
f 765 773 766
f 771 775 769
f 769 776 770
f 775 776 769
f 776 772 770
f 773 772 776
f 773 774 766
f 777 778 776
f 778 773 776
f 759 780 779
f 759 781 780
f 759 768 781
f 781 768 774
f 782 774 773
f 771 785 775
f 777 783 778
f 773 783 782
f 773 778 783
f 781 784 780
f 781 774 784
f 774 782 784
f 785 786 775
f 786 776 775
f 786 787 776
f 787 783 776
f 776 783 777
f 780 788 779
f 3031 784 782
f 787 789 783
f 785 332 790
f 786 785 790
f 786 791 787
f 787 791 789
f 332 786 790
f 796 795 794
f 797 792 793
f 793 798 797
f 795 799 794
f 796 799 795
f 800 796 792
f 794 799 801
f 798 793 803
f 792 797 804
f 802 796 805
f 796 800 805
f 796 802 799
f 802 801 799
f 797 798 804
f 805 800 806
f 802 805 807
f 808 801 809
f 801 802 809
f 808 809 810
f 800 792 811
f 792 804 811
f 811 804 812
f 798 803 812
f 798 812 804
f 806 807 805
f 807 806 811
f 806 800 811
f 802 807 809
f 814 821 818
f 812 814 811
f 821 814 812
f 811 814 815
f 811 815 807
f 807 815 816
f 809 807 816
f 810 817 813
f 818 819 814
f 819 822 814
f 822 815 814
f 815 823 816
f 823 809 816
f 823 817 809
f 817 810 809
f 822 819 818
f 822 823 815
f 829 818 828
f 828 818 830
f 818 821 830
f 818 829 822
f 831 832 829
f 829 832 823
f 823 822 829
f 831 823 832
f 823 831 833
f 823 833 834
f 835 823 834
f 827 826 837
f 1743 838 836
f 826 825 837
f 825 840 837
f 837 840 827
f 827 840 1743
f 1743 840 838
f 838 840 841
f 839 842 824
f 824 842 825
f 840 825 843
f 840 828 841
f 825 842 843
f 840 843 829
f 829 828 840
f 828 830 841
f 841 830 1165
f 842 831 843
f 829 843 831
f 831 844 833
f 844 845 834
f 833 844 834
f 834 845 835
f 841 836 838
f 849 847 848
f 847 849 846
f 846 849 850
f 848 852 849
f 852 850 849
f 853 848 851
f 854 853 851
f 854 855 853
f 854 857 855
f 858 859 856
f 859 860 856
f 856 860 861
f 862 857 854
f 863 864 858
f 859 858 864
f 865 860 859
f 860 865 861
f 863 867 864
f 859 864 868
f 864 867 868
f 859 868 865
f 868 869 865
f 865 869 861
f 870 869 868
f 846 850 3959
f 3959 850 872
f 850 874 872
f 848 853 875
f 848 875 852
f 852 875 850
f 874 850 875
f 853 876 875
f 873 877 871
f 871 877 856
f 853 855 876
f 855 878 876
f 877 858 856
f 857 878 855
f 878 857 880
f 879 858 877
f 857 862 880
f 863 858 879
f 862 866 881
f 862 881 880
f 863 879 867
f 882 867 879
f 868 867 882
f 883 868 882
f 868 883 870
f 870 883 884
f 884 883 885
f 887 888 871
f 3959 889 886
f 889 3959 890
f 890 3959 872
f 871 888 873
f 890 872 874
f 891 890 874
f 892 875 876
f 875 892 874
f 874 892 893
f 874 893 891
f 894 879 873
f 873 879 877
f 876 878 892
f 879 894 895
f 878 880 892
f 892 880 893
f 893 880 896
f 895 897 879
f 881 896 880
f 898 881 866
f 881 898 896
f 897 899 879
f 879 899 882
f 866 896 898
f 897 901 899
f 901 902 882
f 901 882 899
f 883 882 902
f 902 903 883
f 885 883 903
f 904 885 903
f 885 904 905
f 885 905 884
f 886 908 906
f 907 906 908
f 907 908 909
f 910 908 886
f 889 910 886
f 908 910 909
f 909 911 887
f 889 890 912
f 889 912 910
f 910 912 913
f 910 913 909
f 909 913 914
f 909 914 915
f 909 915 911
f 911 915 916
f 887 911 888
f 888 911 916
f 912 890 913
f 913 890 917
f 913 917 914
f 914 917 915
f 915 917 916
f 916 917 918
f 916 918 888
f 888 918 873
f 890 891 917
f 918 917 894
f 894 873 918
f 891 893 917
f 893 919 917
f 894 917 895
f 893 920 919
f 921 920 893
f 896 921 893
f 920 921 919
f 897 895 917
f 896 922 921
f 921 922 923
f 921 923 919
f 922 896 923
f 919 923 917
f 917 923 924
f 917 924 897
f 925 866 900
f 896 866 925
f 896 925 923
f 926 901 897
f 927 923 925
f 927 924 923
f 926 902 901
f 902 928 903
f 928 929 903
f 904 903 929
f 904 929 905
f 930 897 924
f 926 897 930
f 931 924 927
f 924 931 930
f 932 926 931
f 926 930 931
f 932 902 926
f 925 933 927
f 927 933 934
f 927 934 931
f 932 935 902
f 925 936 933
f 933 937 934
f 938 934 937
f 931 934 938
f 932 931 939
f 935 932 939
f 939 941 935
f 941 942 902
f 941 902 935
f 928 902 942
f 943 933 940
f 933 943 937
f 938 937 944
f 931 938 944
f 330 329 945
f 325 951 329
f 325 326 951
f 951 945 329
f 945 947 948
f 950 945 951
f 326 946 952
f 328 953 946
f 949 948 947
f 947 945 950
f 954 947 950
f 949 947 954
f 951 954 950
f 326 952 964
f 951 326 964
f 952 946 964
f 946 955 964
f 946 953 955
f 956 957 949
f 956 949 954
f 956 954 958
f 954 951 964
f 959 936 949
f 957 960 949
f 959 949 960
f 956 958 961
f 957 956 962
f 962 956 961
f 957 962 960
f 954 963 958
f 963 961 958
f 961 960 962
f 964 963 954
f 966 936 959
f 959 960 966
f 963 967 961
f 961 967 960
f 967 966 960
f 968 964 955
f 955 965 968
f 965 969 968
f 967 963 971
f 972 963 964
f 971 963 972
f 969 970 968
f 968 970 973
f 973 970 974
f 975 967 971
f 972 964 971
f 971 964 975
f 964 968 977
f 976 964 977
f 976 977 978
f 968 979 977
f 977 979 989
f 968 973 979
f 979 973 989
f 966 967 981
f 975 964 982
f 975 982 983
f 975 983 967
f 967 983 984
f 967 984 981
f 982 964 986
f 987 984 983
f 984 987 981
f 981 987 988
f 981 988 985
f 986 964 976
f 995 985 988
f 976 978 986
f 978 977 986
f 977 989 986
f 986 989 990
f 989 973 990
f 973 980 990
f 990 980 991
f 987 983 982
f 986 993 982
f 982 993 994
f 982 994 987
f 987 994 995
f 995 988 987
f 986 990 993
f 994 993 995
f 993 990 996
f 993 996 995
f 995 996 997
f 990 991 996
f 996 991 997
f 997 991 992
f 1004 1005 998
f 998 1005 999
f 1000 999 1005
f 1010 1000 1005
f 1001 1000 1010
f 1002 1001 1010
f 1010 1006 1002
f 1006 1003 1002
f 998 1016 1004
f 1004 1016 1005
f 1009 1005 1008
f 1010 1005 1009
f 1010 1011 1006
f 1003 1006 1011
f 1012 1003 1011
f 1012 1013 1007
f 1003 1012 1007
f 1015 1016 1014
f 1016 1017 1005
f 1008 1005 1017
f 1008 1017 1018
f 1008 1018 1009
f 1018 1019 1009
f 1009 1019 1010
f 1011 1019 1022
f 1022 1019 1020
f 1019 1011 1010
f 1022 1020 1011
f 1012 1011 1020
f 1021 1023 1020
f 1023 1012 1020
f 1021 1791 1023
f 1012 1023 1013
f 905 1024 1025
f 1014 1025 1026
f 1015 1014 1026
f 1027 1015 1026
f 1016 1015 1027
f 1016 1027 1017
f 1017 1027 1028
f 1029 1028 1027
f 1017 1028 1018
f 1028 1029 1020
f 1028 1020 1019
f 1018 1028 1019
f 1029 1030 1020
f 1030 1031 1020
f 1020 1031 1021
f 1791 1021 1031
f 1025 1024 1032
f 1026 1025 1033
f 1025 1032 1033
f 1026 1033 1027
f 1033 1035 1034
f 1033 1034 1029
f 1029 1027 1033
f 1035 1036 1034
f 1034 1036 1029
f 1029 1036 1030
f 1031 1030 1036
f 928 1037 929
f 929 1024 905
f 929 1037 1024
f 936 1038 933
f 933 1038 940
f 942 1037 928
f 1037 1039 1024
f 1039 1040 1024
f 1032 1024 1033
f 1040 1035 1024
f 1035 1033 1024
f 1031 1036 1047
f 1929 1031 1047
f 940 1038 936
f 940 936 1041
f 943 940 1041
f 941 939 1042
f 942 941 1042
f 936 966 1043
f 1041 936 1043
f 1037 942 1039
f 942 1042 1039
f 1042 1044 1039
f 1040 1039 1044
f 1035 1040 1036
f 1044 1045 1040
f 1040 1045 1036
f 1045 1046 1047
f 1047 1036 1045
f 1929 1047 1048
f 944 937 943
f 1041 1043 1049
f 1041 1049 943
f 943 1049 944
f 1050 944 1049
f 931 944 1050
f 939 931 1050
f 1043 966 1049
f 1049 1051 1050
f 939 1050 1042
f 1051 1052 1050
f 1053 1050 1052
f 1050 1054 1042
f 1042 1054 1044
f 1050 1053 1054
f 1054 1053 1044
f 1044 1053 1045
f 1055 1063 1053
f 1053 1063 1045
f 1063 1056 1045
f 1045 1056 1046
f 1056 1057 1046
f 1046 1057 1047
f 1048 1047 1058
f 1058 1047 1057
f 1058 1059 1048
f 966 981 1049
f 1051 1049 981
f 1051 981 1052
f 1052 981 1060
f 1052 1060 1053
f 1053 1060 981
f 981 985 1062
f 981 1062 1053
f 1053 1062 1055
f 985 995 1061
f 1062 1063 1055
f 1061 995 1064
f 1061 1064 985
f 985 1064 1062
f 1062 1064 1063
f 1063 1064 1065
f 1056 1063 1065
f 1056 1065 1057
f 1065 1066 1057
f 1065 1067 1066
f 1066 1067 1059
f 1066 1059 1058
f 1057 1066 1058
f 1064 995 1065
f 995 997 1068
f 1065 995 1068
f 997 992 1068
f 1068 992 1067
f 1065 1068 1067
f 1069 1070 1071
f 1071 1070 1072
f 1722 1072 1070
f 1074 1071 1072
f 1722 1073 1072
f 1729 1072 1073
f 1076 1077 1075
f 1072 1078 1079
f 1074 1072 1079
f 1074 1080 1075
f 1080 1076 1075
f 1072 1081 1078
f 1082 1072 1729
f 1072 1082 1081
f 1729 1083 1082
f 1081 1082 1083
f 1083 1084 1081
f 1084 1083 1085
f 1083 1086 1085
f 1086 1088 1089
f 1086 1089 1085
f 1085 1089 1087
f 1090 1077 1076
f 1080 1091 1090
f 1080 1090 1076
f 1074 1079 1092
f 1091 1080 1092
f 1080 1074 1092
f 1078 1093 1079
f 1079 1093 1092
f 1078 1081 1084
f 1078 1084 1093
f 1093 1084 1092
f 1092 1094 1095
f 1092 1084 1094
f 1085 1094 1084
f 1085 1087 1096
f 1085 1096 1094
f 1097 1087 1089
f 1087 1097 1096
f 1089 1088 1098
f 1089 1098 1097
f 1098 1099 1097
f 1100 1090 1091
f 1100 1091 1101
f 1101 1091 1092
f 1092 1095 1101
f 1101 1095 1102
f 1102 1095 1094
f 1096 1103 1094
f 1094 1103 1102
f 1096 1104 1103
f 1096 1097 1104
f 1103 1104 1105
f 1103 1105 1102
f 1097 1106 1104
f 1102 1106 1107
f 1102 1105 1106
f 1105 1104 1106
f 1097 1099 1106
f 1108 1099 836
f 1108 1106 1099
f 1110 1100 1101
f 1110 1101 1102
f 1107 1112 1111
f 1102 1107 1111
f 1106 1113 1107
f 1107 1113 1112
f 1106 1114 1113
f 1108 1115 1106
f 1106 1115 1114
f 1116 1109 1100
f 1116 1100 1110
f 1116 1110 1117
f 1118 1110 1102
f 1119 1102 1111
f 1111 1120 1119
f 1111 1112 1122
f 1121 1111 1122
f 1113 1122 1112
f 1122 1113 1123
f 1113 1124 1123
f 1113 1114 1124
f 1116 1117 1126
f 1127 1117 1110
f 1127 1110 1118
f 1119 1118 1102
f 1120 1118 1119
f 1128 1120 1129
f 1118 1120 1128
f 1111 1121 1120
f 1129 1121 1130
f 1120 1121 1129
f 1121 1122 1130
f 1130 1122 1123
f 1116 1133 1125
f 1133 1132 1125
f 1116 1126 1133
f 1117 1134 1126
f 1117 1127 1134
f 1127 1118 1135
f 1118 1128 1135
f 1128 1136 1135
f 1136 1128 1129
f 1136 1129 1137
f 1137 1129 1130
f 1123 1138 1137
f 1130 1123 1137
f 1138 1123 1139
f 1139 1123 1131
f 237 1132 238
f 237 238 1133
f 238 1132 1133
f 237 1126 241
f 1133 1126 237
f 1126 1134 241
f 241 1134 242
f 242 1134 243
f 243 1134 1127
f 243 1127 1135
f 243 1135 1136
f 243 1136 244
f 244 1136 1137
f 244 1137 1138
f 244 1138 246
f 246 1138 1139
f 1143 793 1142
f 1140 1141 1144
f 793 1143 1145
f 1145 1143 1146
f 1143 1140 1146
f 1140 1144 1146
f 1147 1146 1144
f 1141 1147 1144
f 1147 1141 1148
f 1141 2233 1148
f 793 1145 803
f 803 1145 1146
f 1146 1147 1149
f 1149 1147 1148
f 803 1146 1152
f 1152 1146 1149
f 821 803 1151
f 1151 803 1152
f 1152 1149 1150
f 1148 1150 1149
f 803 821 812
f 1150 1148 1153
f 1153 1148 2246
f 821 1151 1154
f 1152 1150 1155
f 1155 1150 1156
f 830 821 1157
f 821 1154 1157
f 1157 1151 1158
f 1154 1151 1157
f 1158 1151 1152
f 1158 1152 1155
f 1159 1156 1150
f 1150 1153 1159
f 830 1157 1165
f 1157 1160 1165
f 1158 1160 1157
f 1161 1160 1158
f 1161 1158 1162
f 1162 1158 1155
f 1156 1159 1155
f 1108 836 1164
f 836 841 1164
f 1165 1160 1161
f 1166 1165 1161
f 1166 1161 1167
f 1167 1161 1162
f 1162 1155 1168
f 1159 1169 1155
f 1170 1159 1163
f 1114 1115 1171
f 841 1108 1164
f 1108 841 1115
f 1115 841 1172
f 1115 1172 1171
f 1171 1172 1173
f 1171 1173 1174
f 841 1165 1172
f 1172 1165 1173
f 1173 1165 1174
f 1174 1165 1175
f 1165 1166 1175
f 1168 1155 1169
f 1169 1170 1163
f 1169 1159 1170
f 1114 1171 1177
f 1114 1177 1124
f 1123 1124 1177
f 1178 1177 1171
f 1174 1178 1171
f 1178 1174 1179
f 1174 1175 1179
f 1179 1175 1180
f 1180 1175 1166
f 1180 1166 1167
f 1162 1168 1181
f 1181 1169 1182
f 1181 1168 1169
f 1182 1169 1183
f 1169 1163 1183
f 1183 1163 1176
f 1184 1131 1123
f 1185 1184 1178
f 1184 1123 1177
f 1184 1177 1178
f 1178 1179 1185
f 1186 1185 1179
f 1179 1180 1186
f 1180 1167 1187
f 1187 1167 1162
f 1187 1162 1181
f 1181 1182 1188
f 1183 1188 1182
f 1183 1176 1188
f 1139 1131 1184
f 1184 1185 1139
f 1186 1189 1185
f 1186 1180 1189
f 1180 1187 1190
f 1190 1187 1181
f 1192 246 1139
f 1139 1185 1192
f 1193 1192 1185
f 1189 1193 1185
f 1193 1189 1194
f 1194 1189 1180
f 1195 1190 1181
f 1195 1181 1191
f 1188 1191 1181
f 1191 1188 1196
f 1198 1199 1197
f 1198 1200 1199
f 1200 1202 1201
f 1209 1202 1200
f 1211 1210 1205
f 1205 1206 1212
f 1211 1205 1212
f 1207 1212 1206
f 1207 1213 1212
f 1208 1213 1207
f 1214 1198 1197
f 1200 1198 1214
f 1214 1209 1200
f 1216 1205 1210
f 1212 1221 1217
f 1209 1214 1202
f 1214 1219 1202
f 1219 1203 1202
f 4901 1216 1210
f 1210 1211 1212
f 1220 1210 1212
f 1220 1212 1217
f 1221 1220 1217
f 1221 1212 1213
f 1218 1224 1197
f 1224 1225 1197
f 1225 1214 1197
f 1225 1226 1214
f 1222 1228 1223
f 1227 1219 1214
f 1223 1228 1229
f 1230 1203 1219
f 1230 1204 1203
f 4901 1229 1228
f 1229 1231 1223
f 1204 1232 1215
f 1229 4901 1210
f 1210 1233 1229
f 1229 1233 1231
f 1210 1231 1233
f 1231 1210 1220
f 1220 1234 1231
f 1220 1235 1234
f 1220 1221 1235
f 1223 1236 1218
f 1218 1236 1224
f 1224 1236 1225
f 1226 1225 1236
f 1236 1240 1226
f 1214 1226 1237
f 1237 1226 1240
f 1227 1214 1237
f 1238 1227 1237
f 1227 1238 1219
f 1223 1239 1236
f 1236 1239 1240
f 1219 1238 1241
f 1230 1219 1241
f 1223 1240 1239
f 1241 1238 1242
f 1243 1230 1241
f 1231 1240 1223
f 1237 1240 1238
f 1230 1243 1204
f 1243 1232 1204
f 1240 1244 1238
f 1238 1244 1242
f 1234 1240 1231
f 1240 1234 1244
f 1244 1234 1242
f 1234 1235 1242
f 1242 1235 1248
f 1242 1248 1246
f 1246 1248 1249
f 1235 1221 1248
f 1248 1221 1249
f 1249 1221 1250
f 1221 1251 1250
f 1251 1221 1213
f 1251 1213 1250
f 1250 1213 1252
f 1241 1242 1253
f 1243 1241 1253
f 1232 1243 1253
f 1242 1246 1247
f 1242 1247 1253
f 1253 1254 1232
f 1253 1247 1254
f 1232 1254 1255
f 1232 1255 1245
f 1247 1256 1254
f 1247 1246 1249
f 1247 1249 1256
f 1249 1250 1256
f 1256 1258 1254
f 1256 1250 1258
f 1254 1258 1259
f 1250 1252 1258
f 1258 1252 1259
f 1255 1254 1257
f 1255 1257 1260
f 1255 1260 1245
f 1257 1254 1260
f 1254 1259 1260
f 1262 1263 4289
f 1263 1264 4289
f 1267 1269 1268
f 1268 1269 1270
f 1270 1269 1266
f 1273 1271 1272
f 1267 1273 1272
f 1267 1268 1273
f 1275 1276 1274
f 1271 1275 1274
f 1273 1275 1271
f 1278 1276 1275
f 1278 1275 1277
f 1279 534 1277
f 1277 534 1278
f 1278 534 1280
f 1269 1281 1266
f 1272 1282 1267
f 1281 1269 1282
f 1269 1267 1282
f 1283 1272 1271
f 1271 1274 1276
f 1271 1276 1284
f 1283 1271 1284
f 1278 1285 1276
f 1276 1285 1284
f 1285 1278 1280
f 1280 1286 1285
f 1285 1286 1284
f 1287 1286 1280
f 1288 1281 1282
f 1288 1282 1272
f 1283 1288 1272
f 1288 1283 1284
f 1288 1284 1289
f 1289 1284 1290
f 1284 1286 1290
f 1286 1287 1290
f 1293 1292 1281
f 1288 1293 1281
f 1288 1290 1294
f 1289 1290 1288
f 1296 1295 1298
f 1295 1292 1298
f 1291 1299 1297
f 1297 1296 1291
f 1296 1298 1291
f 1298 1293 1291
f 1298 1292 1293
f 1291 1300 1299
f 1291 1293 1300
f 1288 1300 1293
f 1301 1300 1288
f 1312 1300 1301
f 1312 1301 1302
f 1301 1288 1302
f 5521 1302 1288
f 1303 1307 1306
f 1303 1308 1296
f 1303 1296 1307
f 1296 1308 1304
f 1306 1307 1297
f 1307 1296 1297
f 1295 1296 1304
f 1309 1299 1310
f 1299 1309 1297
f 1311 1310 1299
f 1299 1300 1311
f 1311 1300 1319
f 1312 1319 1300
f 1312 1302 1313
f 342 1312 1313
f 396 393 389
f 421 395 1304
f 394 1314 396
f 1305 423 1303
f 423 1308 1303
f 423 421 1308
f 1308 421 1304
f 1314 1305 1316
f 1315 1314 1316
f 1303 1306 1305
f 1315 1309 1314
f 1315 1316 1309
f 1297 1316 1305
f 1297 1309 1316
f 1305 1306 1297
f 1318 1314 1309
f 1317 1318 1319
f 1309 1310 1318
f 1318 1311 1319
f 1310 1311 1318
f 1320 1312 343
f 1312 1320 1319
f 343 1312 342
f 422 1305 418
f 1305 422 423
f 423 424 421
f 396 1321 393
f 394 418 1314
f 418 1305 1314
f 396 1322 1321
f 1322 1317 1321
f 1322 1323 1317
f 1322 396 1323
f 396 1314 1323
f 1317 1323 1318
f 1318 1323 1314
f 1325 1324 1321
f 1321 1319 1325
f 1317 1319 1321
f 345 1325 346
f 1325 1320 346
f 1319 1320 1325
f 1320 343 346
f 393 431 415
f 431 393 1326
f 1326 393 1321
f 1326 1321 1324
f 1324 1327 1326
f 1324 1325 1327
f 349 1325 345
f 431 1326 437
f 1326 1327 349
f 349 1327 1325
f 1328 437 1326
f 1328 1326 1329
f 1329 1326 349
f 355 1329 349
f 1330 437 1328
f 355 1328 1329
f 445 437 1330
f 445 1330 1331
f 1331 1330 1328
f 1332 445 1331
f 1341 1334 1333
f 1334 1336 1335
f 1336 1337 1335
f 1338 1339 1333
f 1333 1339 1340
f 1341 1333 1340
f 1342 1341 1340
f 1334 1341 1342
f 1343 1334 1342
f 559 1345 1333
f 1333 1345 1338
f 1345 1346 1338
f 1339 1338 1340
f 1347 1348 1342
f 1348 1343 1342
f 1334 1343 1349
f 1343 1348 1349
f 1349 1344 1334
f 559 1350 1345
f 1345 1350 1351
f 1346 1345 1351
f 1346 1351 1338
f 1351 1340 1338
f 1351 1352 1340
f 1352 1342 1340
f 1352 1347 1342
f 1353 1348 1347
f 1353 1349 1348
f 1344 1349 1354
f 1353 1354 1349
f 1355 1356 1351
f 1356 1352 1351
f 1352 1357 1347
f 1357 1353 1347
f 1354 1353 1357
f 1357 1358 1354
f 1363 1364 1362
f 1363 1333 1364
f 1361 1359 1366
f 1360 1359 1361
f 1367 1368 1365
f 1368 1359 1365
f 1368 1369 1359
f 1369 1366 1359
f 1369 555 1366
f 1361 1366 555
f 1370 1361 555
f 1362 1361 1370
f 1362 1333 1363
f 1371 1369 1368
f 555 558 1370
f 559 1370 558
f 1362 1370 559
f 559 1333 1362
f 1372 1368 1367
f 1371 1368 561
f 561 556 1371
f 556 1369 1371
f 556 555 1369
f 1372 560 1368
f 561 1368 560
f 561 563 556
f 1375 1373 1374
f 1377 1379 1428
f 1428 1378 1377
f 1428 1379 1380
f 1428 1380 1373
f 1380 1379 1373
f 1374 1373 1379
f 1374 1381 1375
f 1381 1376 1375
f 1377 1378 1383
f 1379 1377 1384
f 1385 1379 1384
f 1374 1379 1385
f 1391 1374 1385
f 1391 1381 1374
f 1376 1386 1382
f 1386 1387 1382
f 1388 1384 1377
f 1389 1384 1388
f 1389 1385 1384
f 1391 1389 1390
f 1391 1385 1389
f 1393 1391 1392
f 1381 1391 1393
f 1394 1381 1393
f 1381 1394 1376
f 1376 1394 1386
f 1394 1395 1387
f 1394 1387 1386
f 1377 1396 1397
f 1397 1388 1377
f 1389 1388 1397
f 1397 1390 1389
f 3330 1393 1392
f 1394 1398 1395
f 1398 1399 1395
f 3265 1404 1400
f 1404 1401 1400
f 1401 1405 1402
f 1406 1404 3265
f 1406 1407 1404
f 1407 1401 1404
f 1407 1408 1401
f 1408 1409 1401
f 1409 1405 1401
f 1411 1406 1410
f 1406 1412 1407
f 1407 1412 1408
f 1409 1511 1405
f 1406 1411 1413
f 1413 1411 1410
f 1412 1406 1413
f 1412 1413 1414
f 1412 1414 1408
f 1415 1408 1414
f 1409 1408 1415
f 1415 1416 1409
f 1416 1511 1409
f 1413 1417 1414
f 1419 1414 1418
f 1415 1414 1419
f 1422 1415 1419
f 1420 1416 1415
f 1418 1422 1419
f 1420 1415 1422
f 1420 1422 1416
f 1422 1421 1416
f 1428 1417 1413
f 1424 1414 1423
f 1423 1414 1417
f 1418 1414 1426
f 1422 1418 1426
f 1423 1428 1424
f 1423 1417 1428
f 1414 1424 1373
f 1375 1414 1373
f 1426 1414 1375
f 1426 1425 1422
f 1373 1424 1428
f 1375 1376 1426
f 1425 1426 1376
f 1382 1425 1376
f 1427 1425 1382
f 1378 1428 1383
f 1431 1432 1430
f 1431 1433 1432
f 1432 1433 1435
f 1433 1434 1435
f 1434 1433 1436
f 1436 1435 1434
f 1433 1437 1436
f 1436 1438 1439
f 1438 998 1439
f 998 1440 1439
f 1429 1443 1444
f 1444 1443 1430
f 1430 1429 1444
f 1442 1445 1443
f 871 1446 1441
f 1443 1445 1433
f 1443 1433 1431
f 1431 1430 1443
f 1441 1446 1442
f 1442 1447 1445
f 1447 1433 1445
f 1446 1448 1442
f 1442 1448 1447
f 871 856 1446
f 1446 856 1449
f 1448 1446 1449
f 1447 1448 1450
f 1447 1450 1433
f 856 861 1449
f 1451 1450 1448
f 861 1452 1449
f 1449 1452 1451
f 1451 1452 1453
f 1451 1453 1450
f 869 1452 861
f 1452 1454 1453
f 1453 1454 1450
f 1433 1450 1455
f 1455 1450 1454
f 1437 1433 1455
f 870 884 869
f 869 884 1456
f 869 1456 1452
f 1452 1456 1454
f 1454 1456 1457
f 1454 1457 1455
f 1436 1437 1455
f 1455 1457 1458
f 1455 1459 1436
f 1436 1459 1438
f 1460 1457 1456
f 1458 1459 1455
f 1459 998 1438
f 887 871 3982
f 3982 871 1441
f 1451 1448 1449
f 905 1461 1456
f 905 1456 884
f 1461 1462 1456
f 1456 1462 1460
f 1462 1463 1460
f 1460 1463 1457
f 1463 1464 1457
f 1464 1458 1457
f 1464 1016 1458
f 1458 1016 1459
f 998 1459 1016
f 905 1025 1461
f 1462 1461 1025
f 1025 1463 1462
f 1014 1464 1463
f 1016 1464 1014
f 1014 1463 1025
f 1466 1465 1467
f 4945 1467 1465
f 4945 1468 1467
f 1873 1469 1468
f 1471 1470 1468
f 1471 1468 1469
f 1466 1473 1472
f 1466 1467 1473
f 1473 1467 1474
f 1474 1467 1475
f 1468 1475 1467
f 1475 1468 1476
f 1476 1468 1477
f 1477 1468 1478
f 1478 1468 1470
f 1471 1478 1470
f 1480 1479 4963
f 1472 1480 4963
f 1480 1472 1479
f 1479 1472 1481
f 1481 1472 1473
f 1474 1475 1482
f 1482 1475 1476
f 1483 1477 1478
f 1479 1484 4029
f 1479 1485 1484
f 1485 1479 1486
f 1481 1486 1479
f 1481 1473 1486
f 1486 1473 1487
f 1487 1473 1474
f 1474 1482 1476
f 1474 1476 1488
f 1488 1476 1489
f 1477 1489 1476
f 1483 1489 1477
f 1490 1483 1478
f 4029 1484 1491
f 1484 1485 1492
f 1492 1486 1493
f 1492 1485 1486
f 1493 1486 1487
f 1487 1474 1488
f 1488 1489 1494
f 1490 1494 1483
f 1494 1489 1483
f 793 1491 1484
f 1492 793 1484
f 1493 793 1492
f 1495 793 1493
f 1493 1487 1495
f 1487 1488 1494
f 1495 1142 793
f 1143 1142 1495
f 1495 1140 1143
f 1495 1487 1140
f 1487 1494 1141
f 1140 1487 1141
f 1494 1490 1141
f 1402 1496 1403
f 1496 1497 1403
f 1497 1499 1498
f 1499 1505 1498
f 1503 1500 1505
f 1503 1501 1500
f 1402 1502 1496
f 1502 1497 1496
f 1499 1502 1505
f 1497 1502 1499
f 1504 1365 1501
f 1365 1359 1501
f 1402 1405 1502
f 1506 1505 1502
f 1503 1504 1501
f 1367 1365 1504
f 1506 1502 1405
f 1507 1504 1503
f 1367 1504 1508
f 1505 1506 1509
f 1509 1510 1505
f 1510 1503 1505
f 1510 1507 1503
f 1507 1508 1504
f 1508 1372 1367
f 1405 1511 1506
f 1509 1511 1512
f 1506 1511 1509
f 1510 1513 1514
f 1509 1513 1510
f 1516 1507 1515
f 1517 1518 1516
f 1516 1508 1507
f 1516 1518 1508
f 1517 560 1518
f 1508 1518 1372
f 1518 560 1372
f 1514 1513 1512
f 1512 1513 1509
f 1519 1510 1514
f 1520 1507 1519
f 1519 1507 1510
f 1521 1515 1507
f 1522 1516 1521
f 1521 1516 1515
f 1516 1522 1517
f 1511 1416 1421
f 1523 1514 1512
f 1519 1514 1523
f 1523 1520 1519
f 1507 1520 1524
f 1524 1522 1507
f 1522 1521 1507
f 1422 1425 1421
f 1425 1511 1421
f 1523 1512 1511
f 1523 1525 1526
f 1526 1520 1523
f 1520 1526 1524
f 1523 1511 1527
f 1525 1523 1527
f 1528 1526 1525
f 1427 1511 1425
f 1427 1527 1511
f 1427 1525 1527
f 1529 1427 1382
f 1427 1529 1525
f 1525 1529 1528
f 1533 1534 1532
f 1533 1535 1534
f 1535 1537 1536
f 1537 1539 1538
f 1531 1530 1540
f 1540 1532 1531
f 1541 1542 1533
f 1535 1533 1543
f 1537 1535 1544
f 1530 1545 1546
f 1546 1540 1530
f 1532 1540 1547
f 1547 1533 1532
f 1547 1541 1533
f 1547 1542 1541
f 1535 1543 1548
f 1535 1548 1544
f 1548 1549 1544
f 1549 1537 1544
f 1549 1550 1537
f 1545 1551 1546
f 1546 1547 1540
f 1552 1542 1547
f 1543 1533 1542
f 1543 1542 1552
f 1543 1552 1548
f 1548 1553 1549
f 1549 1553 1550
f 1556 1547 1546
f 1556 1557 1547
f 1552 1547 1557
f 1548 1552 1558
f 1559 1548 1558
f 1553 1548 1559
f 1554 1550 1553
f 1560 1546 1551
f 1561 1556 1546
f 1562 1556 1561
f 1562 1557 1556
f 1552 1557 1563
f 1564 1552 1563
f 1558 1552 1564
f 1559 1558 1564
f 1565 1559 1564
f 1553 1559 1565
f 1553 1565 1566
f 1553 1566 1554
f 1554 1566 1567
f 1568 1551 1555
f 1568 1560 1551
f 1560 1561 1546
f 1561 1560 1569
f 1561 1569 1562
f 1562 1569 1557
f 1557 1569 1570
f 1570 1571 1557
f 1571 1563 1557
f 1571 1564 1563
f 1571 1572 1564
f 1572 1565 1564
f 1566 1565 1573
f 1573 1565 1572
f 1566 1573 1567
f 1568 1574 1560
f 1576 1560 1575
f 1560 1576 1569
f 1576 1570 1569
f 1576 1577 1570
f 1577 1571 1570
f 1578 1572 1571
f 1573 1572 1578
f 1578 1579 1573
f 1573 1579 1567
f 1568 1580 1574
f 1580 1581 1574
f 1581 1560 1574
f 1581 1582 1560
f 1582 1575 1560
f 1582 1576 1575
f 1583 1577 1576
f 1583 1578 1577
f 1578 1571 1577
f 1579 1578 1584
f 1580 1585 1586
f 1586 1585 1587
f 1589 1581 1580
f 1580 1586 1589
f 1590 1581 1589
f 1581 1590 1582
f 1592 1587 1588
f 1591 1592 1588
f 1590 1593 1576
f 1582 1590 1576
f 1593 1594 1576
f 1594 1595 1576
f 1594 1593 1595
f 1576 1595 1583
f 1595 1596 1583
f 1578 1583 1598
f 1583 1596 1598
f 1578 1598 1599
f 1598 1596 1599
f 1578 1599 1600
f 1584 1578 1600
f 1600 1601 1584
f 1586 1587 1589
f 1587 1602 1589
f 1602 1592 1603
f 1587 1592 1602
f 1602 1590 1589
f 1593 1590 1602
f 1602 1603 1604
f 1591 1605 1592
f 1592 1605 1603
f 1603 1605 1604
f 1593 1602 1604
f 1605 1606 1604
f 1595 1593 1604
f 1606 1607 1604
f 1595 1604 1596
f 1604 1607 1596
f 1607 1608 1596
f 1608 1607 1597
f 1596 1608 1599
f 1597 1609 1608
f 1608 1609 1599
f 1599 1609 1600
f 1600 1609 1610
f 1601 1600 1610
f 1613 1612 1611
f 1614 1612 1613
f 1615 1614 1613
f 1620 1616 1617
f 1617 1618 1621
f 1618 1619 1621
f 1619 1624 1621
f 1621 1624 1632
f 1622 1623 1625
f 1628 1627 1629
f 1626 1627 1622
f 1627 1628 1622
f 1629 1620 1628
f 1620 1629 1616
f 1622 1628 1623
f 1617 1621 1620
f 1620 1621 1631
f 1628 1630 1623
f 1628 1620 1630
f 1621 1632 1631
f 1623 1630 1625
f 1630 1620 1633
f 1620 1631 1633
f 1631 1637 1633
f 1631 1632 1637
f 1624 1637 1632
f 1634 1637 1624
f 1636 1635 1625
f 1625 1630 1636
f 1636 1630 1633
f 1638 1637 1634
f 1639 1636 1633
f 1639 1633 1640
f 1633 1637 1640
f 1640 1637 1638
f 1635 1636 1641
f 1641 1636 1639
f 1638 1634 1642
f 1641 1639 1643
f 1640 1643 1639
f 1640 1638 1643
f 1643 1638 1642
f 1643 1642 1644
f 1644 1642 1645
f 1645 1642 1646
f 1643 1649 1641
f 1649 1643 1650
f 1651 1650 1643
f 1644 1651 1643
f 1652 1651 1644
f 1652 1644 1645
f 1652 1645 1653
f 1645 1646 1653
f 1648 1647 1662
f 1647 1648 1654
f 1654 1648 1655
f 1657 1656 1649
f 1657 1649 1650
f 1651 1657 1650
f 1658 1657 1651
f 1652 1658 1651
f 1658 1652 1653
f 1658 1653 1659
f 1661 1654 1655
f 1661 1655 1648
f 1648 1662 1663
f 1664 1648 1663
f 1648 1664 1661
f 1661 1665 1660
f 1663 1662 1664
f 1664 1662 1661
f 1661 1662 1666
f 1661 1666 1665
f 1665 1666 1660
f 1660 1666 1667
f 1662 1669 1666
f 1660 1667 1668
f 1669 1670 1666
f 1666 1670 1671
f 1666 1671 1667
f 1672 1659 1668
f 1670 1656 1671
f 1671 1656 1657
f 1671 1657 1658
f 1671 1658 1667
f 1667 1658 1668
f 1668 1658 1672
f 1672 1658 1659
f 1668 1673 1660
f 1673 1668 1674
f 1659 1674 1668
f 6201 1676 1675
f 1675 1676 4234
f 1676 6201 1679
f 1679 1680 1676
f 1680 4234 1676
f 1680 1681 4234
f 1681 1677 4234
f 1681 1682 1677
f 1682 1678 1677
f 1684 1679 6201
f 1684 1685 1679
f 1679 1685 1686
f 1679 1686 1680
f 1686 1687 1680
f 1687 1688 1681
f 1680 1687 1681
f 1681 1688 1682
f 1688 1689 1682
f 1682 1689 1678
f 1685 1684 1691
f 1686 1685 1691
f 1687 1692 1688
f 1689 1688 1692
f 1692 1693 1689
f 1689 1693 1678
f 1678 1693 1683
f 1693 1690 1683
f 1686 1694 1687
f 1687 1695 1692
f 1695 1693 1692
f 1695 1696 1693
f 1697 1691 1684
f 1697 1698 1691
f 1698 1686 1691
f 1694 1686 1698
f 1698 1687 1694
f 1695 1687 1698
f 1696 1695 1699
f 1698 1697 1700
f 1698 1699 1695
f 1337 1701 1700
f 1701 1698 1700
f 1703 1699 1698
f 1705 5655 7741
f 1704 5655 1705
f 7741 1706 1705
f 1710 1711 1709
f 1711 1710 1712
f 1706 1713 1705
f 1708 1714 1707
f 1714 1706 1707
f 1709 1715 1714
f 1709 1714 1708
f 1715 1709 1716
f 1709 1717 1716
f 1709 1711 1717
f 1704 1069 5655
f 1704 1705 1069
f 1713 1706 1714
f 1719 1714 1715
f 1715 1716 1720
f 1719 1715 1720
f 1717 1720 1716
f 1717 1721 1720
f 1705 1713 1070
f 1705 1070 1069
f 1713 1714 1722
f 1719 1727 1714
f 1719 1723 1727
f 1720 1723 1719
f 1717 1718 1724
f 1717 1724 1721
f 1722 1070 1713
f 1714 1727 1722
f 1723 1725 1727
f 1723 1720 1725
f 1721 1724 2208
f 1727 1726 1722
f 1720 1728 1725
f 1720 1721 1728
f 1722 1729 1073
f 1729 1722 1726
f 1726 1727 1729
f 1727 1725 1730
f 1725 1728 1730
f 1731 1728 1721
f 2208 1732 1721
f 1721 1732 1731
f 2208 820 1732
f 1733 1729 1727
f 1729 1733 1083
f 1083 1733 1086
f 1727 1730 1734
f 1727 1734 1733
f 1733 1735 1086
f 1734 1730 1733
f 1735 1736 1086
f 1086 1736 1737
f 1086 1737 1088
f 1730 1738 1733
f 1733 1738 1735
f 1736 1735 1739
f 1737 1736 1739
f 1738 1740 1735
f 1735 1740 1739
f 1739 1740 1737
f 1741 1728 1731
f 1730 1728 1741
f 1730 1741 1738
f 1738 1742 1740
f 1731 1732 1741
f 1741 826 1738
f 1738 826 1742
f 1732 820 824
f 1732 824 1741
f 1741 824 825
f 1741 825 826
f 1742 826 827
f 1740 1098 1737
f 1088 1737 1098
f 1740 1743 1098
f 1098 1743 1099
f 1740 1742 1743
f 1742 827 1743
f 1744 1099 1743
f 836 1099 1744
f 1744 1743 836
f 1751 1750 1749
f 1746 1755 1747
f 1752 1750 1751
f 1745 1748 1757
f 1746 1745 1757
f 1746 1757 1755
f 1748 1756 1757
f 1758 1748 1749
f 1748 1758 1756
f 1756 1758 1757
f 1750 1759 1749
f 1749 1759 1758
f 1752 1760 1750
f 1761 1752 1753
f 1761 1753 1754
f 1761 1754 1771
f 1762 1757 1758
f 1757 1762 1763
f 1755 1757 1763
f 1759 1762 1758
f 1764 1750 1760
f 1750 1765 1759
f 1765 1766 1759
f 1766 1762 1759
f 1752 1767 1760
f 1752 1761 1767
f 1764 1765 1750
f 1768 1762 1766
f 1760 1767 1769
f 1764 1760 1769
f 1770 1767 1761
f 1770 1761 1771
f 1772 1762 1768
f 1763 1762 1773
f 1773 1762 1772
f 1769 1774 1764
f 1774 1775 1764
f 1765 1764 1775
f 1766 1765 1775
f 1768 1766 1775
f 1776 1768 1775
f 1768 1776 1772
f 1763 1773 1777
f 1777 1773 4849
f 1769 1767 1779
f 1774 1769 1779
f 1775 1774 1780
f 1780 1774 1779
f 1772 1776 1775
f 1781 1772 1775
f 1772 1781 1773
f 1782 1779 1767
f 1779 1782 1780
f 1773 1781 1778
f 1767 1770 1783
f 1771 1783 1770
f 1775 1784 1785
f 1775 1785 1781
f 1781 1785 3157
f 1778 1781 3157
f 1782 1767 1783
f 1780 1782 1775
f 1775 1782 1784
f 1787 4642 1786
f 1787 1922 4642
f 1003 1007 1786
f 1789 1922 1788
f 1922 1787 1788
f 1925 1922 1789
f 1023 1790 1013
f 1013 1790 1786
f 1007 1013 1786
f 1787 1786 1790
f 1790 1788 1787
f 1790 1925 1789
f 1789 1788 1790
f 1791 1790 1023
f 1794 1793 1796
f 1796 1793 1797
f 1797 1793 1792
f 1798 1797 1792
f 1792 1795 1798
f 1795 1799 1798
f 1798 1799 1800
f 1796 1801 1794
f 1795 4129 1799
f 1797 1803 1796
f 1797 1798 1803
f 1804 1799 1802
f 1800 1799 1804
f 1802 1805 1804
f 1803 1798 1806
f 1798 1800 1806
f 1804 1805 1800
f 1799 4129 1807
f 1802 1799 1807
f 1807 1622 1802
f 1801 1796 1808
f 1808 1796 1803
f 1805 1802 1622
f 1806 1809 1803
f 1805 1810 1800
f 1805 1622 1810
f 1622 1625 1810
f 1800 1811 1806
f 1811 1800 1812
f 1800 1810 1812
f 1813 1794 1801
f 1814 1622 1807
f 1814 1626 1622
f 1813 1801 1815
f 1816 1801 1808
f 1806 1812 1809
f 1811 1812 1806
f 1812 1810 1817
f 1817 1625 1635
f 1817 1810 1625
f 1801 1816 1818
f 1801 1818 1815
f 1815 1818 1813
f 1820 1808 1803
f 1803 1809 1820
f 1817 1819 1812
f 1817 1635 1819
f 1819 1635 1641
f 1816 1808 1820
f 1820 1809 1812
f 1821 1812 1819
f 1822 1818 1816
f 1823 1816 1820
f 1812 1824 1820
f 1824 1812 1821
f 1821 1819 1825
f 1825 1819 1641
f 1827 1818 1822
f 1824 1821 1826
f 1825 1826 1821
f 1649 1826 1641
f 1641 1826 1825
f 1829 1662 1647
f 1823 1822 1816
f 1823 1828 1822
f 1823 1820 1828
f 1820 1824 1828
f 1656 1826 1649
f 1827 1822 1830
f 1662 1829 1831
f 1830 1822 1832
f 1829 1833 1831
f 1833 1669 1831
f 1669 1662 1831
f 1833 1670 1669
f 1822 1828 1832
f 1828 1834 1832
f 1670 1835 1656
f 1824 1836 1828
f 1836 1834 1828
f 1837 1826 1835
f 1835 1826 1656
f 1826 1836 1824
f 1837 1836 1826
f 1827 1830 1838
f 1839 1830 1832
f 1832 1834 1839
f 1829 1840 1833
f 1833 1840 1670
f 1841 1837 1840
f 1837 1835 1840
f 1835 1670 1840
f 1836 1841 1834
f 1837 1841 1836
f 1838 1830 1842
f 1844 1829 1843
f 1844 1845 1829
f 1830 1839 1846
f 1830 1846 1844
f 1844 1846 1845
f 1845 1846 1840
f 1845 1840 1829
f 1839 1834 1846
f 1846 1834 1841
f 1846 1841 1840
f 1838 1842 1847
f 1847 1848 1843
f 1842 1830 1848
f 1842 1848 1847
f 1848 1830 1849
f 1844 1843 1849
f 1849 1843 1848
f 1844 1849 1830
f 1850 1853 1852
f 1863 1854 1855
f 1854 1856 1855
f 1856 1854 1857
f 1854 1858 1857
f 1855 1856 1850
f 1856 1857 1850
f 1850 1857 1851
f 1857 1858 1851
f 1853 1851 1858
f 1850 1851 1853
f 1858 1859 1853
f 1859 1860 1853
f 1853 1862 1852
f 1853 1860 1862
f 1861 1852 1862
f 1863 1864 1854
f 1864 1866 1865
f 1854 1864 1865
f 1858 1854 1865
f 1866 1867 1865
f 1865 1867 1858
f 1858 1867 1869
f 1867 1868 1869
f 1858 1869 1859
f 1859 1869 1860
f 1869 1870 1860
f 1860 1871 1862
f 1872 1871 1860
f 1870 1872 1860
f 1861 1862 1873
f 1873 1862 1874
f 1871 1872 1875
f 6483 1876 1866
f 1866 1876 1877
f 1866 1877 1867
f 1877 1868 1867
f 1869 1868 1878
f 1879 1869 1878
f 1869 1879 1870
f 1879 1880 1870
f 1882 1875 1872
f 1870 1882 1872
f 1870 1881 1882
f 1862 1871 1874
f 1875 1883 1871
f 1882 1883 1875
f 1876 1884 1877
f 1884 1885 1877
f 1877 1885 1868
f 1868 1885 1886
f 1868 1886 1878
f 1886 1887 1878
f 1887 1888 1878
f 1879 1878 1888
f 1879 1888 1880
f 1880 1888 1890
f 1880 1890 1870
f 1881 1870 1891
f 1870 1890 1891
f 1891 1882 1881
f 1876 6501 1884
f 1889 1890 1888
f 1892 1890 1889
f 1891 1890 1892
f 1893 1882 1891
f 1891 1892 1893
f 1897 1903 1898
f 1894 1895 1900
f 1895 1896 1900
f 1896 1906 1900
f 1903 1897 1894
f 1901 1898 1902
f 1902 1898 1903
f 1903 1894 1904
f 1904 1900 1905
f 1904 1894 1900
f 1907 1902 1903
f 1903 1904 1909
f 1905 1909 1904
f 1900 1908 1905
f 1903 1913 1907
f 1913 1903 1909
f 1913 1905 1914
f 1909 1905 1913
f 1908 1914 1905
f 1906 1911 1908
f 1908 1900 1906
f 970 1910 1912
f 1912 1910 1907
f 1912 1907 1913
f 1914 1908 1911
f 1914 1911 1915
f 970 1912 974
f 974 1912 1916
f 1912 1913 1916
f 1916 1913 1917
f 1917 1913 1914
f 1917 1914 992
f 1915 992 1914
f 974 1916 973
f 973 1916 980
f 1916 1918 980
f 1918 1916 1917
f 991 980 1918
f 1918 1917 991
f 991 1917 992
f 1920 1906 3501
f 1921 1920 1923
f 5929 1919 1924
f 1919 1925 1924
f 1922 1925 1919
f 1906 1920 1921
f 1926 5929 1924
f 1926 1921 5929
f 1926 1927 1921
f 1927 1906 1921
f 1926 1924 1925
f 1791 1925 1790
f 1927 1928 1906
f 1929 1925 1031
f 1031 1925 1791
f 1926 1925 1929
f 1911 1906 1915
f 1928 1915 1906
f 1915 1928 1926
f 1926 1928 1927
f 1929 1930 1926
f 1067 1930 1059
f 1930 1929 1059
f 1048 1059 1929
f 1915 1926 1067
f 1067 1926 1930
f 992 1915 1067
f 1934 1933 1935
f 1383 3327 1938
f 1938 3327 1937
f 1939 1396 1937
f 1396 1938 1937
f 1939 1940 1396
f 1943 1944 1932
f 1945 1932 1944
f 1932 1945 1933
f 1933 1945 1935
f 1945 1944 1946
f 1934 1935 1945
f 1934 1945 1946
f 1934 1946 1936
f 1936 1946 1948
f 1946 1947 1948
f 1947 1949 1948
f 1949 1937 1948
f 1949 1950 1937
f 1951 1937 1950
f 1952 1939 1950
f 1950 1939 1951
f 1937 1951 1939
f 1952 1953 1939
f 1954 1942 1941
f 1931 1955 1941
f 1941 1955 1954
f 1942 1954 1956
f 1942 1956 1943
f 1944 1943 1956
f 1954 1958 1956
f 1956 1958 1957
f 1956 1957 1944
f 1944 1957 1959
f 1944 1959 1946
f 1958 1960 1957
f 1957 1960 1961
f 1957 1961 1959
f 1959 1961 1962
f 1946 1959 1962
f 1947 1946 1949
f 1949 1946 1962
f 1950 1949 1962
f 1962 1963 1950
f 1964 1952 1963
f 1952 1950 1963
f 1964 1965 1952
f 1952 1965 1967
f 1952 1967 1953
f 1966 1968 1965
f 1955 1969 1954
f 1958 1954 1969
f 1955 5026 1969
f 1969 5026 1958
f 1958 5026 1970
f 1960 1958 1970
f 1961 1960 1970
f 5026 5028 1970
f 1961 1970 1962
f 1970 5028 1971
f 1970 1971 1972
f 1962 1970 1972
f 1963 1962 1972
f 5028 1973 1971
f 1964 1972 1971
f 1963 1972 1964
f 1971 1966 1965
f 1964 1971 1965
f 1973 1974 1971
f 1971 1974 1966
f 1966 1974 1968
f 1977 1976 1978
f 1979 1977 1978
f 1981 1980 538
f 1976 1981 1982
f 1975 1984 1979
f 1976 1977 1985
f 1977 1986 1985
f 1977 1979 1986
f 1983 1979 1987
f 1987 1979 1984
f 1988 1976 1985
f 1985 1989 1988
f 1986 1989 1985
f 1983 1990 1979
f 1976 1993 1981
f 1993 1992 1981
f 1988 1993 1976
f 1988 1994 1993
f 1989 1994 1988
f 1995 1986 1979
f 1990 1995 1979
f 1994 1996 1993
f 1994 1989 1996
f 1997 1991 1992
f 1992 1993 1998
f 2000 1991 1997
f 1998 1993 2001
f 1993 1996 2001
f 2001 2000 1997
f 2001 2002 2000
f 2002 542 2000
f 1996 2003 2001
f 1996 2004 2003
f 542 2002 548
f 2001 2003 2002
f 548 2005 549
f 548 2002 2005
f 2002 2003 2005
f 1987 2006 1983
f 1984 2007 1987
f 2008 2007 1984
f 2009 1983 2006
f 2009 1990 1983
f 2006 1987 2010
f 2009 2006 2010
f 2010 1987 2007
f 1986 2011 1989
f 1986 1995 2011
f 1995 1990 2009
f 1989 2011 1996
f 2011 2012 1996
f 1995 2013 2011
f 2013 2012 2011
f 2014 1996 2012
f 2014 1999 1996
f 2014 2012 2013
f 2014 2015 1999
f 2015 1996 1999
f 2004 2015 2016
f 1996 2015 2004
f 2004 2017 2003
f 2017 2004 2016
f 2003 2019 2018
f 2003 2017 2019
f 2019 2017 2020
f 2005 2003 2021
f 2021 2003 2018
f 2022 2023 2010
f 2010 2023 2009
f 2022 2010 2024
f 2024 2010 2007
f 2024 2007 2025
f 2026 2025 2008
f 2025 2007 2008
f 2027 1995 2023
f 2023 1995 2009
f 2027 2013 1995
f 2014 2027 2028
f 2014 2013 2027
f 2028 2015 2014
f 2015 2029 2016
f 2029 2017 2016
f 2020 2030 2019
f 2030 2020 2029
f 2029 2020 2017
f 2018 2019 2030
f 2021 2018 2031
f 2023 2033 2034
f 2023 2022 2033
f 2022 2024 2033
f 2033 2024 2035
f 2035 2024 2036
f 2024 2025 2036
f 2025 2037 2036
f 2026 2037 2025
f 2027 2034 2038
f 2027 2023 2034
f 2038 2039 2028
f 2027 2038 2028
f 2015 2030 2029
f 2030 2040 2018
f 2031 2018 2041
f 2040 2041 2018
f 2021 2031 2042
f 2031 2041 2042
f 2032 2021 2042
f 2033 2043 2034
f 2043 2033 2044
f 2033 2035 2044
f 2044 2035 2036
f 2038 2034 2043
f 2046 2044 2036
f 2045 2046 2036
f 2037 2045 2036
f 2037 2047 2045
f 2048 2039 2038
f 2028 2039 2049
f 2049 2015 2028
f 2015 2050 2030
f 2050 2015 2049
f 2030 2050 2051
f 2040 2030 2052
f 2051 2052 2030
f 2040 2053 2041
f 2040 2052 2053
f 2052 2054 2042
f 2052 2042 2053
f 2053 2042 2041
f 2038 2043 2057
f 2043 2044 2057
f 2044 2046 2057
f 2058 2038 2057
f 2048 2038 2058
f 2057 2046 2058
f 2046 2059 2058
f 2045 2059 2046
f 2047 2060 2045
f 2048 2061 2039
f 2048 2058 2061
f 2058 2059 2061
f 2045 2060 2059
f 2039 2061 2049
f 2063 2062 2059
f 2063 2059 2060
f 2061 2059 2064
f 2059 2062 2064
f 2050 2049 2065
f 2049 2061 2065
f 2061 2064 2065
f 2066 2051 2050
f 2050 2065 2066
f 2065 2064 2066
f 2051 2066 2052
f 2064 2067 2066
f 2052 2066 2054
f 2066 2056 2055
f 2066 2067 2056
f 2067 2068 2056
f 2066 2069 2054
f 2069 2066 2055
f 2062 2063 2070
f 2064 2062 2071
f 2064 2071 2072
f 2073 2062 2070
f 2064 2074 2067
f 2064 2072 2074
f 2072 2071 2074
f 2062 2075 2071
f 2075 2074 2071
f 2075 2073 2076
f 2062 2073 2075
f 2077 2067 2074
f 2077 2068 2067
f 2074 2075 2076
f 2077 2074 2076
f 2078 2068 2077
f 2079 2080 2070
f 2080 2073 2070
f 2073 2080 2076
f 2077 2081 2082
f 2077 2076 2081
f 2080 2081 2076
f 2078 2077 2084
f 2077 2082 2084
f 2080 2083 2081
f 2081 2083 2082
f 2080 2079 2085
f 2086 2082 2083
f 2080 2085 2083
f 2087 2084 2082
f 2086 2087 2082
f 2087 2086 2088
f 2086 2083 2088
f 2096 2097 2090
f 2091 2090 2097
f 2097 2098 2091
f 2092 2091 2099
f 2099 2091 2098
f 2093 2092 2099
f 2094 2099 2100
f 2093 2099 2094
f 2094 2101 2095
f 2101 2094 2100
f 2101 2102 2095
f 1530 2095 2102
f 2103 2099 2098
f 2104 2101 2100
f 2104 2102 2101
f 2104 1545 2102
f 1545 1530 2102
f 2105 2100 2099
f 2105 2106 2100
f 2104 2100 2106
f 1551 1545 2104
f 2107 2103 2098
f 2105 2099 2103
f 1555 1551 2104
f 2105 2103 2107
f 2108 2106 2105
f 2108 2104 2106
f 1555 2104 1568
f 2105 2107 2109
f 2108 2105 2109
f 2109 2110 2108
f 2110 2104 2108
f 1568 2104 2110
f 1585 1580 2110
f 1580 1568 2110
f 1585 2110 2109
f 1587 1585 2109
f 2109 1588 1587
f 2114 2112 2111
f 2111 2113 2114
f 2118 2117 2116
f 2115 2113 2111
f 2115 2116 2113
f 2116 2119 2113
f 2113 2119 2114
f 2112 2114 5236
f 2119 2116 2114
f 2120 5236 2114
f 2117 2122 2121
f 2121 2116 2117
f 2122 2123 2121
f 2116 2121 2124
f 2121 2125 2124
f 2123 2125 2121
f 2116 2126 2114
f 2116 2124 2126
f 2126 2124 2125
f 2127 2120 2114
f 2128 2127 2114
f 2114 2126 2128
f 2120 2127 2129
f 2129 2127 2128
f 2122 1611 2130
f 1611 1612 2130
f 2123 2131 2125
f 2125 2131 2132
f 2126 2125 2132
f 2133 2128 2126
f 2129 2128 2134
f 1612 2122 2130
f 1614 2122 1612
f 2123 2122 2136
f 2136 2122 1614
f 2131 2123 2136
f 2131 2136 2132
f 2133 2126 2137
f 2132 2137 2126
f 2128 2133 2134
f 2136 1615 2138
f 2136 1614 1615
f 2132 2136 2139
f 2133 2137 2140
f 2137 2132 2140
f 2129 2141 2135
f 2141 2129 2142
f 2142 2129 2134
f 2134 2133 2140
f 2135 2141 2143
f 1336 1701 1337
f 1698 1701 2144
f 2145 1698 2144
f 2146 1698 2145
f 1702 1698 2146
f 2147 1702 2146
f 1702 2147 1698
f 2147 1703 1698
f 1336 2144 1701
f 1336 2145 2144
f 1336 2148 2145
f 2148 2146 2145
f 2150 1334 1344
f 2151 1334 2150
f 1334 2151 1336
f 2148 2152 2146
f 2152 2147 2146
f 1344 1354 2150
f 2151 2150 1354
f 2153 2148 1336
f 2154 2152 2153
f 2153 2152 2148
f 2147 2152 2154
f 2155 2147 2154
f 2147 2155 2156
f 2156 2149 2147
f 2157 2149 2156
f 2158 2151 1354
f 2153 2151 2158
f 2151 2153 1336
f 2158 2159 2153
f 2159 2160 2153
f 2154 2153 2160
f 2156 2155 2157
f 1354 2161 2158
f 2160 2159 2162
f 2162 2154 2160
f 2162 2155 2154
f 1358 2161 1354
f 1358 2164 2161
f 2164 2158 2161
f 2164 2159 2158
f 1358 2165 2164
f 2169 2168 2170
f 2168 2166 2170
f 2171 2170 2166
f 2167 2171 2166
f 2176 2175 2174
f 2172 2178 3576
f 2179 2178 2173
f 2178 2172 2173
f 2179 2173 2180
f 2173 2174 2180
f 2189 2180 2181
f 2181 2180 2174
f 2190 2189 2181
f 2174 2175 2181
f 2190 2181 2182
f 2181 2175 2182
f 801 2183 794
f 2192 2190 2182
f 794 2177 2176
f 794 2183 2177
f 2177 2183 801
f 2176 2184 2175
f 2177 2184 2176
f 2185 2182 2175
f 2175 2186 2185
f 2175 2184 2186
f 2187 3576 2178
f 2187 2178 2179
f 2187 2179 2188
f 2189 2188 2180
f 2188 2179 2180
f 5604 2190 5606
f 2191 5606 2190
f 2191 2190 2192
f 2177 2193 2184
f 2177 801 2193
f 2182 2185 2192
f 2185 2194 2192
f 2195 2194 2185
f 2186 2195 2185
f 2184 2196 2186
f 2184 2193 2196
f 2195 2186 2194
f 2186 2197 2194
f 2186 2196 2197
f 2189 2199 2188
f 5604 2200 2201
f 2201 2190 5604
f 2189 2190 2201
f 808 2193 801
f 2193 2202 2196
f 2193 808 2202
f 2192 5613 2191
f 2196 2202 2197
f 2202 808 2203
f 810 2203 808
f 2198 2187 1724
f 1724 2187 2204
f 2187 2188 2204
f 2204 2188 2205
f 2199 2205 2188
f 2200 2206 2201
f 2206 2207 2201
f 2201 2207 2189
f 2199 2189 2205
f 2189 2207 2205
f 810 813 2203
f 2207 2209 2205
f 2210 2207 2206
f 2204 2208 1724
f 2204 2205 2211
f 2211 2205 2209
f 2212 2210 2206
f 2207 2213 2209
f 820 2208 2214
f 2214 2208 2204
f 2214 2204 2211
f 2212 2216 2210
f 2210 2216 2207
f 2207 2216 2213
f 820 2214 824
f 824 2214 2215
f 2215 2214 2211
f 2215 2211 2217
f 2209 2217 2211
f 2216 2221 2213
f 823 835 2218
f 824 2219 839
f 824 2215 2219
f 839 2219 842
f 2215 2217 2219
f 2219 2220 842
f 842 2220 831
f 2209 2213 2221
f 2222 2209 2221
f 2209 2222 2217
f 2217 2222 2219
f 2221 2223 2222
f 2220 2224 831
f 844 831 845
f 2221 2225 2223
f 831 2224 845
f 2223 2225 2226
f 835 845 2218
f 2225 2287 2226
f 2223 2287 2227
f 2223 2226 2287
f 845 2224 2218
f 2219 2228 2220
f 2219 2229 2228
f 2222 2223 2230
f 2222 2230 2219
f 2219 2230 2229
f 2220 2228 2224
f 2229 2230 2228
f 2230 2223 2227
f 2228 2231 2224
f 2230 2227 2232
f 2230 2232 2228
f 2228 2232 2231
f 2238 2236 2239
f 2240 2239 2236
f 2236 2234 2240
f 2234 2237 2240
f 1148 2233 2241
f 2241 2235 2244
f 2241 2233 2235
f 2238 2244 2235
f 2238 2239 2242
f 2239 2240 2243
f 2240 2237 2243
f 2244 2238 2248
f 2248 2238 2242
f 2245 2239 2243
f 1148 2241 2246
f 2247 2244 2248
f 2242 2239 2248
f 2248 2239 2245
f 2245 2243 2249
f 2249 2243 2250
f 2246 2241 2251
f 2241 2244 2251
f 2251 2244 2247
f 2252 2248 2245
f 2251 2247 2253
f 2247 2248 2254
f 2253 2247 2254
f 2254 2248 2252
f 2255 2245 2249
f 2250 2255 2249
f 2251 2253 2257
f 2254 2252 2256
f 2252 2245 2256
f 2256 2245 2255
f 1159 1153 1163
f 1153 2246 1163
f 1163 2246 2257
f 2246 2251 2257
f 2257 2253 2254
f 2258 2257 2254
f 2256 2258 2254
f 1163 2257 2260
f 2260 2257 2261
f 2261 2257 2258
f 2258 2256 2262
f 2256 2255 2262
f 1163 2260 1176
f 2261 2258 2263
f 2263 2258 2262
f 2259 2264 2255
f 2255 2264 2262
f 1176 2260 2261
f 2265 2263 2266
f 2266 2263 2262
f 2262 2264 2267
f 2268 1176 2261
f 2261 2263 2269
f 2269 2263 2270
f 2270 2263 2271
f 2263 2265 2271
f 2271 2265 2266
f 2262 2267 2266
f 1188 1176 2268
f 2268 2261 2269
f 2270 2271 2272
f 2271 2266 2272
f 2274 2266 2267
f 2270 2272 2269
f 2272 2266 2275
f 2275 2266 2274
f 2273 2268 2269
f 2269 2272 2275
f 2269 2275 2274
f 2276 5613 2277
f 2277 5613 2278
f 2279 2276 2277
f 2277 2278 2280
f 2276 2279 2281
f 2281 2279 2282
f 2277 2282 2279
f 2282 2277 2283
f 2277 2280 2283
f 2278 2283 2280
f 2284 2283 2278
f 2285 2281 2282
f 2282 2283 2286
f 2286 2283 2284
f 2285 2282 2287
f 2287 2282 2286
f 2287 2286 2288
f 2291 2293 2292
f 1898 2296 1899
f 2292 2293 2297
f 2298 2299 2295
f 2296 2295 2300
f 2295 2299 2300
f 2297 2293 2302
f 2301 2299 2298
f 2303 2299 2301
f 234 235 2293
f 2293 235 2302
f 2301 2302 235
f 2290 2304 2289
f 2291 2305 2290
f 2304 2290 2305
f 2305 2291 2306
f 2309 2307 2320
f 2320 2307 1901
f 2320 1901 1902
f 2292 2306 2291
f 2307 2296 1901
f 1901 2296 1898
f 2308 2295 2309
f 2309 2296 2307
f 2298 2295 2308
f 2295 2296 2309
f 2302 2306 2292
f 2297 2302 2292
f 2306 2302 2310
f 2310 2301 2308
f 2301 2298 2308
f 2310 2302 2301
f 2289 2312 3508
f 3508 2312 2311
f 2312 2289 2313
f 2313 2289 2314
f 2304 2305 2289
f 2289 2305 2315
f 2289 2315 2316
f 2289 2316 2314
f 2306 2315 2305
f 2320 2314 2309
f 2316 2308 2314
f 2314 2308 2309
f 2306 2310 2315
f 2315 2310 2316
f 2316 2310 2308
f 2318 2317 2311
f 2312 2318 2311
f 2312 2313 2318
f 2318 2313 2319
f 2313 2314 2319
f 2319 2314 2320
f 1902 1907 2320
f 2317 2318 2321
f 2318 2319 2321
f 2321 2319 2322
f 2321 2322 1910
f 2319 2320 2322
f 2322 2320 1907
f 2322 1907 1910
f 2323 970 2321
f 970 2323 1910
f 2323 2321 1910
f 2324 5613 2192
f 2192 2194 2324
f 2197 2202 2325
f 2203 2325 2202
f 2194 2326 2324
f 2197 2326 2194
f 2197 2325 2327
f 2328 2326 2197
f 2197 2327 2328
f 2326 2328 2327
f 2329 2278 5613
f 2203 2330 2325
f 813 2330 2203
f 2324 2329 5613
f 2329 2324 2331
f 2326 2331 2324
f 2327 2325 2330
f 2331 2326 2332
f 2332 2327 2333
f 2332 2326 2327
f 2330 813 817
f 2334 2278 2329
f 2331 2334 2329
f 2335 2327 2330
f 2334 2331 2336
f 2333 2327 2335
f 2331 2332 2337
f 2333 2338 2332
f 2330 817 2335
f 2278 2334 2339
f 2339 2334 2340
f 2340 2334 2336
f 2333 817 2341
f 2333 2335 817
f 2336 2331 2342
f 2331 2337 2342
f 2342 2337 2343
f 2337 2332 2343
f 2343 2332 2344
f 2344 2332 2338
f 2333 2341 2338
f 817 823 2345
f 2286 2284 2346
f 2278 2346 2284
f 2339 2346 2278
f 2347 2340 2336
f 2347 2339 2340
f 2341 817 2348
f 817 2345 2348
f 2347 2336 2342
f 2349 2342 2343
f 2338 2350 2349
f 2348 2350 2341
f 2341 2350 2338
f 2349 2343 2344
f 2349 2344 2338
f 2288 2351 2287
f 2353 823 2218
f 2286 2346 2288
f 2288 2346 2351
f 2346 2352 2351
f 2353 2345 823
f 2352 2346 2339
f 2352 2339 2354
f 2339 2347 2354
f 2353 2354 2348
f 2345 2353 2348
f 2342 2354 2347
f 2349 2354 2342
f 2350 2354 2349
f 2354 2350 2348
f 2287 2351 2352
f 2287 2352 2227
f 2224 2353 2218
f 2227 2352 2354
f 2354 2355 2227
f 2353 2224 2356
f 2354 2357 2355
f 2356 2357 2353
f 2357 2354 2353
f 2232 2227 2355
f 2232 2355 2231
f 2358 2224 2231
f 2231 2355 2358
f 2358 2355 2357
f 2358 2357 2356
f 2224 2358 2356
f 2363 2369 2364
f 2363 2365 2369
f 2365 2366 2367
f 2365 2367 2369
f 2364 2369 2368
f 2370 2373 2372
f 2374 2359 2360
f 2359 2374 2375
f 2374 2376 2375
f 2361 2359 2362
f 2375 2376 2359
f 2359 2376 2377
f 2359 2377 2362
f 2378 2379 2376
f 2377 2376 2362
f 2362 2376 2363
f 2376 2380 2363
f 2376 2381 2380
f 2376 2379 2381
f 2363 2380 2365
f 2364 2362 2363
f 2380 2381 2365
f 2381 2379 2365
f 2379 2382 2365
f 2362 2364 2368
f 2379 2383 2382
f 2365 2384 2366
f 2365 2382 2384
f 2385 2367 2366
f 2366 2384 2385
f 2383 2386 2382
f 2384 2387 2385
f 2384 2382 2387
f 2382 2386 2387
f 2369 2367 2388
f 2385 2370 2367
f 2385 2387 2370
f 2367 2389 2388
f 2389 2367 2370
f 2370 2387 2373
f 2387 2386 2373
f 2389 2369 2388
f 2371 2369 2389
f 2370 2372 2389
f 2373 2386 4219
f 2374 1538 1539
f 2390 2376 1539
f 2376 2374 1539
f 2378 2376 2390
f 2391 2379 2378
f 2391 7115 2379
f 7117 2386 2383
f 7117 4219 2386
f 2397 2395 2396
f 2396 2398 2397
f 2399 2392 2393
f 2400 2399 2393
f 2393 2401 2400
f 2393 2402 2401
f 2401 2402 2403
f 2403 2394 2404
f 2403 2393 2394
f 2403 2402 2393
f 2404 2394 2395
f 2405 2404 2395
f 2405 2395 2397
f 2537 2405 2397
f 2397 2398 2537
f 2406 2401 2403
f 2404 2407 2403
f 2407 2408 2403
f 2407 2404 2408
f 2404 2409 2408
f 2404 2405 2409
f 2410 2403 2408
f 2408 2409 2410
f 2405 2411 2409
f 2412 2410 2409
f 2409 2411 2412
f 2411 2413 2412
f 2405 2413 2411
f 2413 2414 2412
f 2405 2537 2413
f 2400 2419 2399
f 2415 2406 2403
f 2410 2415 2403
f 2410 2412 2415
f 2400 2401 2419
f 2401 2406 2416
f 2416 2406 2415
f 2417 2415 2412
f 2416 2415 2418
f 2415 2420 2418
f 2415 2417 2420
f 2401 2416 2418
f 2419 2401 2421
f 2418 2421 2401
f 2418 2420 2421
f 2419 2421 2422
f 2420 2423 2421
f 2421 2423 2422
f 2423 2420 2422
f 2422 2420 2424
f 710 2427 2426
f 2427 2428 2438
f 2428 2429 2438
f 2431 2432 2440
f 2440 2432 2433
f 2436 2426 2437
f 2437 2426 2427
f 2430 2438 2429
f 2430 2439 2438
f 2431 2439 2430
f 2439 2431 2440
f 2434 2450 2441
f 2443 2436 2444
f 2436 2437 2444
f 2444 2437 2445
f 2445 2437 2427
f 2427 2438 2445
f 2445 2438 2446
f 2439 2447 2438
f 2447 2439 2448
f 2448 2439 2449
f 2439 2440 2449
f 2440 2433 2449
f 2433 2454 2449
f 2433 2434 2454
f 2454 2434 2441
f 2442 2450 2434
f 2444 2445 2451
f 2451 2445 2446
f 2451 2446 2452
f 2452 2446 2438
f 2447 2448 2438
f 2453 2448 2454
f 2448 2449 2454
f 2441 2455 2454
f 2450 2455 2441
f 2456 2455 2457
f 2455 2450 2457
f 2451 2458 2444
f 2452 2438 2448
f 2453 2454 2459
f 2461 2460 2462
f 2459 2461 2462
f 2454 2456 2459
f 2459 2456 2461
f 2455 2456 2454
f 2463 2458 2464
f 2458 2451 2464
f 2464 2451 2465
f 2451 2452 2465
f 2465 2452 2466
f 2452 2448 2466
f 2466 2448 2453
f 2466 2453 2467
f 2453 2468 2467
f 2468 2470 2469
f 2469 2470 2475
f 2475 2470 2471
f 2453 2459 2468
f 2468 2459 2470
f 2471 2470 2460
f 2462 2460 2470
f 2459 2462 2470
f 2463 2464 2472
f 2464 2465 2466
f 2464 2466 2472
f 2472 2466 2473
f 2466 2467 2473
f 2473 2467 2468
f 2468 2474 2473
f 2474 2469 2475
f 2474 2468 2469
f 2472 2476 2463
f 2476 2472 2473
f 2476 2473 2477
f 2473 2478 2477
f 2478 2473 2479
f 2474 2478 2479
f 2474 2479 2473
f 2480 2477 2478
f 2481 2483 2482
f 2483 2484 2482
f 2482 2485 2481
f 2482 2484 2485
f 2485 2487 2486
f 2486 2487 2489
f 2490 2488 2486
f 2486 2489 2490
f 7365 2488 2490
f 2490 2489 7365
f 2492 7365 2491
f 2494 2484 2483
f 2483 2021 2494
f 2484 2494 2485
f 2495 2485 2494
f 2487 2485 2495
f 2495 2496 2487
f 2489 2487 2497
f 2496 2497 2487
f 7365 2489 2498
f 2489 2497 2498
f 7365 2499 2491
f 7365 2498 2499
f 2492 2491 2499
f 2492 2499 2500
f 2492 2506 2493
f 2495 2494 2501
f 2495 2501 2502
f 2502 2496 2495
f 2496 2503 2497
f 2502 2503 2496
f 2504 2497 2503
f 2504 2498 2497
f 2499 2498 2504
f 2499 2505 2500
f 2492 2500 2506
f 2505 2506 2500
f 2501 2508 2507
f 2501 2507 2502
f 2507 2508 2502
f 2502 2508 2510
f 2508 2509 2510
f 2502 2510 2509
f 2502 2504 2503
f 2499 2504 2511
f 2499 2511 2505
f 2502 2509 2513
f 2502 2514 2504
f 2502 2513 2514
f 2504 2514 2511
f 2505 2515 2512
f 2511 2515 2505
f 2512 2518 2505
f 2518 2512 2515
f 2505 2518 2506
f 2514 2516 2511
f 2516 2514 2513
f 2511 2516 2517
f 2515 2511 2518
f 2513 7218 2516
f 2511 2517 2519
f 2518 2511 2519
f 2516 7218 2520
f 2517 2516 2519
f 2518 2519 2521
f 2522 2519 2516
f 2522 2516 2520
f 2522 2521 2519
f 2523 2522 2520
f 2522 2523 2521
f 2523 2524 2521
f 2521 2524 2526
f 2526 2518 2521
f 2518 2526 2525
f 2524 2523 2527
f 2529 2528 2526
f 2524 2527 2529
f 2524 2529 2526
f 2527 2530 2529
f 2530 3265 2529
f 2536 2534 2535
f 2537 2398 2531
f 2531 2538 2537
f 2532 2538 2531
f 2538 2532 2539
f 2538 2539 2540
f 2532 2541 2539
f 2532 2533 2541
f 2541 2533 2542
f 2533 2534 2542
f 2543 2542 2534
f 2534 2536 2543
f 2538 2544 2537
f 2544 2538 2545
f 2545 2538 2540
f 2539 2541 2540
f 2546 2540 2541
f 2541 2542 2546
f 2542 2547 2546
f 2547 2543 2546
f 2542 2543 2547
f 2548 2546 2543
f 2536 2548 2543
f 2414 2549 2412
f 2414 2550 2549
f 2414 2413 2550
f 2551 2549 2550
f 2550 2413 2551
f 2413 2552 2551
f 2413 2537 2552
f 2551 2552 2553
f 2537 2544 2552
f 2554 2553 2552
f 2552 2544 2554
f 2545 2554 2544
f 2555 2545 2540
f 2540 2546 2555
f 2546 2548 2556
f 2557 2417 2549
f 2417 2412 2549
f 2549 2551 2557
f 2557 2551 2558
f 2553 2558 2551
f 2553 2559 2558
f 2559 2553 2554
f 2554 2560 2559
f 2554 2561 2560
f 2554 2545 2561
f 2545 2555 2561
f 2556 2555 2546
f 2557 2562 2417
f 2558 2562 2557
f 2558 2564 2563
f 2558 2559 2564
f 2564 2559 2565
f 2565 2559 2560
f 2561 2555 2560
f 2560 2555 2566
f 2555 2571 2566
f 2556 2567 2555
f 2567 2556 2568
f 2568 2556 2548
f 2562 2420 2417
f 2562 2569 2420
f 2562 2558 2569
f 2558 2563 2569
f 2570 2563 2564
f 2565 2570 2564
f 2560 2570 2565
f 2420 2569 2572
f 2569 2563 2573
f 2570 2560 2566
f 2420 2572 2574
f 2572 2569 2573
f 2572 2573 2575
f 2575 2573 2563
f 2575 2563 2570
f 2555 2576 2571
f 2577 2555 2567
f 2572 2578 2574
f 2572 2575 2578
f 2579 2566 2571
f 2576 2555 2577
f 2420 2574 2580
f 2574 2578 2581
f 2578 2575 2581
f 2566 2579 2570
f 2571 2582 2579
f 2571 2576 2582
f 2582 2576 2583
f 2576 2577 2583
f 2575 2570 2584
f 2584 2570 2579
f 2580 2574 2585
f 2581 2575 2586
f 2579 2587 2584
f 2579 2582 2588
f 2588 2582 2583
f 2424 2420 2580
f 2574 2581 2589
f 2589 2581 2586
f 2590 2589 2586
f 2584 2586 2575
f 2587 2591 2584
f 2579 2588 2587
f 2587 2588 2591
f 2580 2592 2424
f 2580 2585 2592
f 2592 2585 2574
f 2593 2592 2574
f 2589 2593 2574
f 2591 2586 2584
f 2594 2425 2424
f 2592 2593 2589
f 2597 735 2598
f 2598 736 2596
f 737 736 2598
f 735 737 2598
f 732 738 2597
f 2596 2599 2598
f 2597 2598 2599
f 2597 2599 2600
f 2600 2601 2597
f 2601 732 2597
f 2601 2602 732
f 2602 739 732
f 7138 734 739
f 2596 2608 2599
f 2599 2608 2603
f 2601 2600 2604
f 2604 2605 2601
f 2601 2605 2602
f 2606 739 2602
f 2606 2607 739
f 2607 7138 739
f 2603 2600 2599
f 2600 2609 2604
f 2610 2603 2608
f 2603 2609 2600
f 2605 2604 2611
f 2605 2611 2612
f 2605 2612 2602
f 2612 2606 2602
f 2608 3896 2613
f 2608 2613 2610
f 2617 2614 2603
f 2614 2609 2603
f 2611 2604 2609
f 2612 2615 2606
f 2615 2607 2606
f 2616 2610 2613
f 2610 2616 2617
f 2617 2603 2610
f 2614 2617 2618
f 2618 2609 2614
f 2609 2619 2611
f 2619 2612 2611
f 2619 2615 2612
f 2622 2620 2613
f 2613 2620 2616
f 2620 2621 2616
f 2617 2616 2621
f 2622 2623 2620
f 2620 2623 2621
f 2621 2623 2617
f 2617 2624 2618
f 2609 2618 2624
f 2624 2619 2609
f 2625 2615 2619
f 2622 2631 2623
f 2623 2631 2626
f 2617 2623 2626
f 2626 2627 2617
f 2627 2624 2617
f 2619 2624 2628
f 2628 2629 2619
f 2629 2630 2619
f 2630 2625 2619
f 2615 2625 2630
f 2630 7171 2615
f 2626 2633 2627
f 2628 2624 2632
f 2632 2629 2628
f 2626 2631 2622
f 2622 2633 2626
f 2634 2627 2633
f 2635 2624 2627
f 2635 2632 2624
f 2635 2629 2632
f 2636 2633 2622
f 2634 2635 2627
f 2637 2629 2635
f 2637 2638 2629
f 2639 2633 2636
f 2639 2640 2633
f 2640 2634 2633
f 2640 2635 2634
f 2635 3514 2637
f 2641 2643 2642
f 2642 2643 2644
f 1884 2642 1885
f 2642 2644 2645
f 2642 1886 1885
f 2642 2645 1886
f 2645 2655 1886
f 1887 1886 1888
f 1886 2655 1888
f 2655 2646 1888
f 1888 2646 1889
f 6501 2647 1884
f 2641 2647 6501
f 2641 2648 2643
f 1884 2647 2642
f 2641 2642 2647
f 2643 2649 2644
f 2643 2648 2649
f 2648 2650 2649
f 2651 2644 2649
f 2649 2650 2651
f 2650 2652 2651
f 2653 2645 2644
f 2644 2651 2653
f 2653 2651 2645
f 2651 2652 2645
f 2652 2654 2645
f 2645 2656 2655
f 2646 2655 2656
f 2646 2657 1889
f 2646 2656 2657
f 1889 2657 1892
f 2657 2668 1892
f 2668 1893 1892
f 2658 2641 6501
f 2658 2659 2641
f 2659 2648 2641
f 2659 2660 2648
f 2648 2660 2650
f 2650 2660 2661
f 2652 2650 2662
f 2654 2663 2645
f 2652 2663 2654
f 2652 2664 2663
f 2652 2662 2664
f 2645 2663 2656
f 2664 2665 2663
f 2662 2666 2664
f 2663 2665 2656
f 2664 2667 2665
f 2664 2666 2667
f 2657 2656 2668
f 2656 2665 2668
f 2665 2669 2668
f 2667 2669 2665
f 2669 2670 2668
f 2671 2661 2660
f 2650 2661 2672
f 2662 2650 2672
f 2672 2673 2662
f 2667 2666 2674
f 2669 2667 2675
f 2674 2675 2667
f 2669 2675 2670
f 2676 2677 2661
f 2672 2661 2677
f 2677 2678 2673
f 2672 2677 2673
f 2673 2678 2662
f 2666 2662 2681
f 2662 2680 2681
f 2666 2681 2674
f 2674 2681 2675
f 2662 2678 2679
f 2662 2679 2680
f 2675 2681 2683
f 2675 2683 5882
f 2678 2677 2682
f 2684 2679 2678
f 2680 2679 2684
f 2684 7028 2680
f 7028 2685 2680
f 2681 2680 2686
f 2680 2685 2686
f 2683 2681 2686
f 2687 2688 2689
f 2690 2689 2692
f 2691 2689 2693
f 2687 2695 2694
f 2694 2696 2687
f 2695 2687 2689
f 2688 2687 2696
f 2696 2697 2688
f 2698 2695 2689
f 2689 2688 2697
f 2697 2699 2689
f 2689 2699 2700
f 2698 2689 2690
f 2690 2692 2698
f 2689 2701 2693
f 2689 2700 2701
f 2699 2702 2701
f 2700 2699 2701
f 2692 1 2703
f 2 2693 2701
f 2701 2702 2
f 2704 2694 2705
f 2705 2694 2695
f 2694 2704 2696
f 2706 2697 2696
f 2695 2698 2705
f 2706 2699 2697
f 2703 2698 2692
f 2702 2699 2707
f 2702 2707 16
f 2703 1 15
f 2 2702 16
f 2704 2705 2708
f 2708 2696 2704
f 2708 2706 2696
f 2698 2709 2708
f 2705 2698 2708
f 2703 2709 2698
f 2703 15 23
f 2710 2708 2711
f 2710 2713 2708
f 2710 2712 2713
f 2708 2714 2711
f 2708 2713 2706
f 2708 2709 2714
f 2713 2699 2706
f 2713 2715 2699
f 2713 2712 2715
f 2699 2715 2717
f 2699 2717 2707
f 2703 2716 2709
f 2703 23 2716
f 2718 33 2707
f 33 16 2707
f 2719 2710 2711
f 2710 2719 2712
f 2719 2720 2712
f 2721 2719 2714
f 2714 2719 2711
f 2722 2712 2720
f 2721 2714 2723
f 2723 2714 2709
f 2722 2715 2712
f 2724 2715 2722
f 2709 2716 2723
f 2715 2724 2717
f 2717 2725 2707
f 2718 2707 2725
f 2725 33 2718
f 39 2716 23
f 2726 2719 2721
f 2722 2720 2719
f 2727 2721 2723
f 2721 2727 2726
f 2727 2719 2726
f 2724 2722 2719
f 2724 2719 2728
f 2724 2728 2717
f 2725 2717 2728
f 2719 2727 2729
f 2728 2719 2729
f 2729 2723 2730
f 2729 2727 2723
f 2729 2731 2728
f 2730 2723 2732
f 2732 2723 2716
f 2733 2728 2731
f 2733 2725 2728
f 42 2725 2733
f 2725 42 33
f 2732 2716 39
f 2729 2730 2734
f 2734 2735 2729
f 2735 2731 2729
f 2733 2731 2737
f 2737 49 2733
f 49 42 2733
f 48 2732 39
f 2738 2734 2730
f 2734 2739 2735
f 2738 2739 2734
f 2739 2736 2731
f 2739 2731 2735
f 2730 2732 2740
f 2738 2730 2740
f 2736 2737 2731
f 2740 2732 60
f 48 60 2732
f 2738 2740 67
f 2738 67 2739
f 2736 2739 67
f 2736 67 2737
f 60 67 2740
f 2737 67 49
f 2741 2742 2743
f 2742 6129 2744
f 2744 2743 2742
f 6129 2745 2744
f 2746 2745 6129
f 2744 2745 2747
f 2748 2746 2750
f 2748 2749 2746
f 2746 2749 2745
f 2751 2747 2749
f 2747 2745 2749
f 2752 2753 2751
f 2753 2747 2751
f 2758 2749 2748
f 2748 2755 2758
f 2758 2755 2754
f 2755 2748 2750
f 2751 2756 2757
f 2756 2751 2749
f 2757 2752 2751
f 2761 2759 2762
f 2759 2761 2763
f 2757 2760 2763
f 2763 2760 2759
f 2756 2760 2757
f 2762 2764 2761
f 2764 2765 2761
f 2757 2763 2765
f 2765 2763 2761
f 2749 2758 2766
f 2767 2756 2768
f 2756 2749 2768
f 2749 2766 2768
f 2769 2759 2767
f 2759 2756 2767
f 2769 2770 2759
f 2760 2756 2759
f 2771 2762 2770
f 2770 2762 2759
f 2762 2771 2764
f 2771 2774 2764
f 2777 2778 2776
f 2779 2758 2775
f 2778 2780 2781
f 2778 2777 2780
f 2782 2766 2779
f 2779 2766 2758
f 2781 2767 2784
f 2781 2769 2767
f 2781 2780 2769
f 2784 2767 2782
f 2767 2768 2782
f 2766 2782 2768
f 2786 2787 2783
f 2783 2787 2777
f 2777 2787 2788
f 2769 2780 2788
f 2788 2780 2777
f 2785 2789 2786
f 2786 2789 2790
f 2787 2786 2790
f 2791 2770 2787
f 2770 2788 2787
f 2769 2788 2770
f 3255 2789 2785
f 2790 2792 2793
f 2790 2789 2792
f 2770 2791 2771
f 2791 2774 2771
f 2789 3255 2794
f 2792 2794 2772
f 2792 2789 2794
f 2793 2792 2795
f 2795 2792 2772
f 2795 2772 2773
f 2774 2795 2773
f 2797 2775 2807
f 2798 2776 2796
f 2797 2796 2775
f 2799 2776 2798
f 2796 2776 2775
f 2775 2776 2800
f 2799 2801 2777
f 2799 2777 2776
f 2778 2800 2776
f 2775 2800 2779
f 2777 2801 2802
f 2778 2781 2800
f 2782 2779 2800
f 2802 2783 2777
f 2800 2781 2784
f 2782 2800 2784
f 2803 2804 2785
f 2783 2803 2785
f 2786 2783 2785
f 2805 2785 2804
f 3255 2785 2805
f 2787 2790 2793
f 2787 2793 2774
f 2791 2787 2774
f 2806 3255 2805
f 2774 2793 2795
f 2796 2807 2808
f 2796 2810 2809
f 2796 2808 2810
f 2797 2807 2796
f 2809 2798 2796
f 2809 2812 2798
f 2812 2811 2799
f 2798 2812 2799
f 2812 2801 2811
f 2799 2811 2801
f 2812 2813 2802
f 2801 2812 2802
f 2803 2814 2804
f 2814 2803 2783
f 2813 2783 2802
f 2804 2814 2815
f 2805 2815 2816
f 2815 2805 2804
f 2805 2817 2806
f 2818 2819 2820
f 2823 2822 2818
f 2818 2822 2819
f 2807 2819 2808
f 2809 2810 2822
f 2808 2819 2810
f 2810 2819 2822
f 2809 2826 2812
f 2813 2812 2826
f 2827 2828 2829
f 2827 2829 2826
f 2826 2829 2783
f 2826 2783 2813
f 2829 2828 2814
f 2783 2829 2814
f 2831 2816 2830
f 2830 2816 2828
f 2828 2816 2815
f 2815 2814 2828
f 2805 2816 2831
f 2817 2805 2831
f 2832 2818 2833
f 2818 2820 2833
f 2833 2820 2834
f 2836 2837 2835
f 2837 2823 2838
f 2823 2818 2838
f 2818 2839 2838
f 2832 2839 2818
f 2821 2824 2841
f 2821 2841 2840
f 2841 2843 2842
f 2824 2843 2841
f 2842 2843 2844
f 2843 2845 2844
f 2844 2847 2846
f 2845 2847 2844
f 2846 2847 2835
f 2847 2848 2835
f 2835 2848 2836
f 2836 2848 2837
f 2837 2848 2849
f 2822 2823 2849
f 2849 2823 2837
f 2849 2848 2822
f 2824 2850 2843
f 2843 2850 2845
f 2847 2845 2848
f 2809 2822 2826
f 2826 2822 2848
f 2824 2825 2850
f 2850 2851 2845
f 2845 2851 2848
f 2848 2851 2826
f 2827 2826 2851
f 2827 2851 2828
f 2851 2831 2828
f 2828 2831 2830
f 2852 2853 2854
f 2858 2859 2857
f 2855 2857 2859
f 2852 2854 2860
f 2854 2853 2860
f 2860 2853 2861
f 2853 2855 2861
f 2861 2855 2868
f 2855 2856 2868
f 2868 2856 2862
f 2856 2863 2862
f 2855 2864 2856
f 2856 2864 2863
f 2855 2865 2864
f 2863 2864 2862
f 2869 2862 2866
f 2869 2866 2443
f 2860 2861 2867
f 2867 2861 2868
f 2862 2869 2868
f 1616 2870 1617
f 2870 1618 1617
f 2870 2871 1618
f 2872 4911 2870
f 2872 2870 2873
f 1629 2873 1616
f 2870 1616 2873
f 2872 2874 4911
f 2872 2873 2875
f 2875 2876 2872
f 2874 2872 2876
f 2873 2877 2875
f 1626 2879 1627
f 2879 2877 1627
f 1627 2877 1629
f 1629 2877 2873
f 2880 2881 2875
f 2881 2874 2875
f 2875 2874 2876
f 2883 2880 2877
f 2877 2880 2875
f 2882 2884 2878
f 2884 1626 2878
f 1626 2884 2879
f 2884 2883 2879
f 2883 2877 2879
f 2881 2880 2874
f 2882 1647 2884
f 1647 2885 2884
f 2884 2885 2883
f 2874 2880 2887
f 2883 2888 2880
f 1647 1654 2885
f 2885 1654 2883
f 2874 2887 2886
f 2888 2889 2880
f 2880 2889 2890
f 2880 2890 2887
f 2883 2891 2888
f 1654 2891 2883
f 2888 2891 2889
f 2887 2890 1660
f 1661 2891 1654
f 2889 2891 1661
f 2889 1661 2890
f 2890 1661 1660
f 1673 2887 1660
f 2894 2895 2896
f 2894 2896 2897
f 2897 2896 2898
f 2899 2901 2898
f 2901 2899 237
f 2893 2900 2892
f 2894 2900 2893
f 2902 2892 2900
f 2900 2894 2902
f 2903 2894 2897
f 2898 2901 2903
f 2903 2897 2898
f 2905 2904 237
f 2904 2901 237
f 2905 237 247
f 2906 2595 2892
f 2906 2892 2902
f 2902 2908 2907
f 2894 2908 2902
f 2903 2901 2909
f 2909 2901 2910
f 257 2905 247
f 2906 2902 2907
f 2908 2894 2911
f 2911 2894 2903
f 2911 2903 2909
f 2911 2909 2912
f 2912 2909 2910
f 2912 2901 2904
f 2912 2904 2913
f 2912 2910 2901
f 2913 2904 2905
f 2914 2905 257
f 2907 2915 2906
f 2915 2907 2916
f 2916 2907 2908
f 2911 2912 2917
f 2913 2917 2912
f 2918 2915 2916
f 2919 2908 2911
f 2913 2905 2914
f 288 2914 257
f 2918 2916 2908
f 2918 2908 2919
f 2920 2919 2911
f 2921 2911 2922
f 2922 2911 2917
f 2922 2917 2913
f 2923 2913 2914
f 2924 2915 2918
f 2924 2918 2919
f 2920 2911 2921
f 2920 2921 2922
f 2922 2913 2923
f 2925 2923 2914
f 2925 2914 288
f 2926 2915 2924
f 2919 2920 2927
f 2928 2920 2922
f 2923 2928 2922
f 2929 2915 2926
f 2926 2924 2919
f 2930 2926 2919
f 2927 2930 2919
f 2920 2928 2930
f 2920 2930 2927
f 2931 2928 2923
f 2931 2923 2932
f 2932 2923 2925
f 2925 288 2932
f 2926 2933 2929
f 2930 2933 2926
f 2930 2928 2935
f 2930 2935 2934
f 2935 2931 2936
f 2935 2928 2931
f 2936 2931 2932
f 288 2937 2932
f 2936 2932 2937
f 2938 2929 2933
f 2939 2938 2933
f 2939 2933 2940
f 2940 2933 2930
f 2940 2930 2934
f 2941 2940 2934
f 2941 2934 2935
f 2941 2935 2936
f 2942 2937 288
f 2942 2936 2937
f 2943 2938 2944
f 2938 2939 2944
f 2944 2939 2945
f 2939 2940 2945
f 2945 2940 2946
f 2936 2942 2947
f 317 323 288
f 288 323 2942
f 2938 2943 2948
f 2943 2944 2949
f 2945 2949 2944
f 2945 2946 2950
f 2946 2940 2951
f 2946 2951 2952
f 2946 2952 2950
f 2940 2953 2952
f 2940 2952 2951
f 2952 2953 2941
f 2953 2940 2941
f 2936 2947 2955
f 2947 2954 2955
f 2936 2955 2941
f 323 2956 2942
f 2956 2947 2942
f 2954 2947 2956
f 2943 2957 2948
f 2957 2943 2958
f 2943 2949 2958
f 2949 2959 2958
f 851 2959 2949
f 2945 851 2949
f 2950 2960 2945
f 2950 866 2960
f 2950 2952 866
f 2952 2941 2961
f 2941 2955 2961
f 323 330 2956
f 2954 2956 945
f 2956 330 945
f 945 2962 2954
f 109 116 2963
f 2963 111 109
f 116 2964 2963
f 2964 2966 2963
f 2974 2967 2964
f 2974 2965 2967
f 2964 2967 2968
f 111 2963 2969
f 111 2969 122
f 2971 2972 2974
f 125 2973 116
f 2970 2964 2973
f 2970 2971 2964
f 2964 116 2973
f 2974 2964 2971
f 2964 2975 2966
f 2965 2977 2967
f 2966 2976 2963
f 2966 2975 2976
f 2964 2968 2975
f 2968 2967 2975
f 2967 2977 2975
f 2969 2963 2978
f 2963 2976 2978
f 131 2979 2970
f 2970 2979 2971
f 2979 2980 2971
f 2980 2972 2971
f 2973 125 131
f 2970 2973 131
f 2981 2976 2975
f 2982 2981 2975
f 2982 2975 2983
f 2975 2977 2983
f 2984 2978 2976
f 2984 2976 2981
f 2985 2986 131
f 131 2986 2979
f 2985 131 2987
f 2986 2988 2979
f 2979 2988 2980
f 2984 2981 2990
f 2981 2982 2990
f 2990 2982 2991
f 2982 2983 2991
f 2991 2983 2992
f 2986 2985 2988
f 2980 2985 2993
f 2980 2988 2985
f 2994 2984 2990
f 2995 2996 2985
f 142 146 2987
f 2987 146 2985
f 2996 2998 2985
f 2985 2998 2993
f 2998 2997 2993
f 2999 2990 3000
f 2990 2991 3000
f 2991 3001 3000
f 3002 2994 2999
f 2990 2999 2994
f 2992 3001 2991
f 146 2995 2985
f 2995 3003 2996
f 2998 2996 3003
f 2997 2998 3004
f 3005 3007 3008
f 3009 3002 3006
f 3002 2999 3006
f 3000 3006 2999
f 3005 3006 3000
f 3007 3005 3000
f 3001 3007 3000
f 3008 3007 3001
f 3009 3010 3002
f 146 3011 2995
f 2995 3011 3012
f 2995 3012 3003
f 3013 3003 3012
f 2998 3003 3013
f 3004 2998 3013
f 137 156 146
f 3011 146 156
f 3013 3015 3004
f 3004 3015 3014
f 3013 3012 3015
f 3015 3012 3014
f 3012 3016 3014
f 3016 3012 3008
f 3017 3006 3012
f 3012 3006 3005
f 3008 3012 3005
f 3009 3006 3017
f 3012 3011 3018
f 3011 156 3019
f 3011 3019 3018
f 3018 3017 3012
f 3018 3019 3017
f 3020 3019 156
f 3019 3020 3017
f 3009 3017 3020
f 156 167 3020
f 167 169 3020
f 3020 169 3009
f 169 172 3009
f 3009 172 3021
f 846 2957 2958
f 846 2958 847
f 848 2958 2959
f 848 847 2958
f 2959 851 848
f 2945 854 851
f 854 2945 862
f 862 2945 2960
f 2960 866 862
f 782 783 789
f 3022 789 791
f 791 786 3022
f 3023 3024 332
f 332 3024 786
f 3022 786 3024
f 3025 3023 332
f 784 3026 780
f 788 780 3026
f 3031 3026 784
f 3031 782 3027
f 3027 782 789
f 3024 3028 3022
f 3023 3028 3024
f 3027 789 3022
f 3029 3022 3028
f 788 3026 3030
f 3027 3032 3031
f 3026 3031 3030
f 3032 3033 3031
f 3033 3032 3027
f 3033 3027 3034
f 3022 3035 3027
f 3035 3022 3036
f 3036 3022 3029
f 3029 3028 3036
f 3031 3037 3030
f 3031 3033 3037
f 3033 3038 3037
f 3038 3033 3034
f 3038 3034 3027
f 3039 3036 3028
f 3037 3041 3040
f 3040 3030 3037
f 3038 3041 3037
f 3042 3027 3035
f 3040 3041 3043
f 3041 3038 3044
f 3043 3041 3044
f 3038 3027 3045
f 3044 3038 3045
f 3042 3045 3027
f 3035 3036 3039
f 3044 3046 3043
f 3047 3042 3035
f 3039 3049 3048
f 3039 3048 3035
f 3044 3050 3046
f 3045 3042 3051
f 3042 3047 3051
f 3047 3052 3051
f 3035 3053 3047
f 3035 3048 3053
f 3047 3053 3052
f 3050 3044 5377
f 3050 5377 3046
f 3044 3045 3057
f 3045 3051 3057
f 3051 3052 3054
f 3048 3055 3053
f 3055 3052 3053
f 3054 3052 3055
f 3057 3051 3056
f 3051 3054 3058
f 3058 3056 3051
f 3054 3055 3058
f 3056 3058 3057
f 3060 3059 3058
f 3057 3058 3059
f 3061 3057 3059
f 559 3062 1350
f 1351 1350 3062
f 3064 566 572
f 566 3064 559
f 3064 3062 559
f 1355 1351 3063
f 3063 1356 1355
f 3062 3063 1351
f 3067 1356 3063
f 3065 1356 3067
f 1352 1356 3065
f 1357 1352 3065
f 3064 572 587
f 3064 3066 3062
f 3062 3067 3063
f 3062 3066 3067
f 3065 3068 1357
f 3064 3069 3066
f 3064 587 3069
f 3070 3066 3069
f 3065 3067 3071
f 3080 3065 3071
f 3072 3065 3080
f 3065 3072 3068
f 3072 3073 3068
f 3068 3073 1357
f 3074 586 594
f 586 3074 587
f 587 3074 3069
f 3070 3069 3075
f 3075 3076 3070
f 3066 3078 3067
f 3066 3070 3078
f 3077 3078 3070
f 3077 3070 3076
f 3078 3079 3067
f 3079 3071 3067
f 3080 3071 3079
f 3081 3073 3072
f 3074 594 596
f 3069 3074 3082
f 3084 3069 3083
f 3075 3069 3084
f 3075 3084 3085
f 3075 3085 3076
f 3084 3083 3078
f 3078 3077 3085
f 3078 3085 3084
f 3085 3077 3076
f 3079 3078 3086
f 3086 3078 3083
f 3079 3086 3080
f 3080 3087 3072
f 3081 3072 3087
f 5750 3081 3087
f 3088 3074 596
f 3082 3074 3088
f 3082 3083 3069
f 3082 3089 3083
f 3089 3086 3083
f 3086 3089 3090
f 3080 3086 3091
f 3086 3090 3091
f 3087 3080 3091
f 3092 3082 3088
f 3082 3092 3093
f 3090 3094 3091
f 3087 3095 5750
f 608 3088 596
f 3092 3088 608
f 3092 3096 3093
f 3082 3093 3089
f 3090 3089 3093
f 3090 3097 3094
f 3097 3091 3094
f 3102 3091 3097
f 3087 3091 3102
f 3095 3087 3102
f 617 3098 608
f 3098 3092 608
f 3092 3099 3096
f 3092 3098 3099
f 3096 3100 3093
f 3100 3090 3093
f 3090 3101 3097
f 3090 3100 3101
f 3102 1429 3095
f 3103 2097 2096
f 2097 3103 3105
f 3103 3104 3105
f 3105 2098 2097
f 3104 3106 3105
f 2098 3105 2107
f 3108 3106 3104
f 3107 3105 3106
f 3109 3105 3107
f 3106 3110 3107
f 3110 3109 3107
f 3110 3105 3109
f 2107 3105 3110
f 3111 3106 3108
f 3111 3112 3106
f 3110 3106 3112
f 2107 3110 3113
f 3113 3114 2107
f 2109 2107 3114
f 3113 3110 3112
f 3113 3115 3114
f 3114 1588 2109
f 3116 3117 3111
f 3112 3111 3117
f 3112 3118 3113
f 3115 3113 3119
f 3113 3118 3119
f 3114 3115 3120
f 3115 3119 3120
f 1588 3120 3121
f 3114 3120 1588
f 3116 3112 3117
f 3122 3119 3118
f 3120 3119 3122
f 3122 3123 3120
f 3120 3123 3121
f 3116 3111 3124
f 3125 3112 3116
f 3125 3126 3112
f 3126 3118 3112
f 3118 3127 3122
f 3123 3122 3127
f 3123 3128 3121
f 3129 3123 3127
f 3123 3130 3128
f 3130 3121 3128
f 1497 1498 3124
f 1498 3116 3124
f 3125 3116 3131
f 3116 1498 3131
f 3132 3127 3118
f 3132 1501 3127
f 1501 3129 3127
f 1501 3123 3129
f 3130 1501 1359
f 3123 1501 3130
f 1403 1497 3124
f 1505 3131 1498
f 3131 1505 3125
f 1505 1500 3125
f 1500 3126 3125
f 1500 3118 3126
f 1500 3132 3118
f 1500 1501 3132
f 3136 3138 3137
f 3135 3134 3139
f 3139 3140 3135
f 3133 3141 3134
f 3139 3134 3141
f 3140 3139 3142
f 3143 3144 3135
f 3135 3144 3136
f 3142 3145 3140
f 3133 4850 3141
f 3146 3147 3141
f 3141 3147 3139
f 3147 3142 3139
f 3147 3148 3142
f 3142 3149 3145
f 3145 3149 3140
f 3140 3149 3135
f 3135 3149 3143
f 3141 4850 3150
f 3141 3150 3146
f 3147 3146 3150
f 3143 3151 3144
f 3144 3151 3136
f 3138 3136 3151
f 3148 3152 3142
f 3142 3153 3149
f 3152 3153 3142
f 3153 3154 3149
f 3154 3155 3149
f 3149 3155 3143
f 3156 3138 3151
f 4850 3157 3150
f 3159 3157 3158
f 3157 3159 3150
f 3160 3150 3159
f 3147 3150 3160
f 3160 3161 3147
f 3148 3147 3161
f 3148 3162 3152
f 3162 3153 3152
f 3143 3155 3151
f 3155 3156 3151
f 3162 3163 3153
f 3153 3163 3154
f 3163 3164 3154
f 3159 3165 3166
f 3160 3159 3166
f 3161 3160 3166
f 3167 3161 3166
f 3148 3161 3167
f 3168 3155 3154
f 3155 3168 3156
f 3167 3162 3148
f 3164 3169 3154
f 3170 3166 3165
f 3167 3166 3171
f 3169 3172 3154
f 3172 3168 3154
f 3166 3170 3171
f 3163 3173 3164
f 3164 3173 3169
f 3168 3174 3156
f 3170 3176 3175
f 3170 3175 3177
f 3175 3176 3178
f 3177 3175 3178
f 3179 3167 3171
f 3162 3167 3179
f 3163 3162 3179
f 3172 3169 3180
f 3172 3180 3181
f 3168 3172 3174
f 3174 3172 3181
f 3171 3170 3179
f 3173 3188 3169
f 3169 3188 3180
f 3181 3180 3188
f 3179 3170 3182
f 3177 3182 3170
f 3177 3178 3182
f 3182 3178 3184
f 3185 3163 3179
f 3173 3163 3186
f 3179 3182 3187
f 3185 3179 3187
f 3186 3188 3173
f 3182 3189 3187
f 3187 3189 3185
f 3174 3181 3188
f 3182 3190 3189
f 3191 3190 3182
f 3192 3174 3188
f 3174 3192 3183
f 3182 3184 3191
f 3193 3163 3185
f 3186 3163 3193
f 3189 3194 3185
f 3185 3194 3193
f 3193 3194 3186
f 3194 3195 3186
f 3195 3188 3186
f 3188 3195 3196
f 3189 3190 3194
f 3197 3196 3195
f 3188 3196 3192
f 3190 3191 3198
f 3190 3198 3194
f 3199 3196 3197
f 3196 3199 3192
f 3195 3194 3200
f 3195 3200 3201
f 3197 3195 3201
f 3200 3194 3202
f 3200 3202 3201
f 3197 3201 3203
f 3197 3203 3199
f 3209 3210 3207
f 3210 3208 3207
f 3209 3211 3210
f 3210 3211 2530
f 2741 3204 2089
f 3207 3206 3213
f 3214 3209 3213
f 3207 3213 3209
f 3214 3211 3209
f 2743 3204 2741
f 2743 3212 3204
f 3212 3206 3205
f 3213 3216 3217
f 3206 3216 3213
f 3214 3213 3217
f 3218 3219 3211
f 3218 3211 3214
f 3219 3215 3211
f 3224 3225 3212
f 3212 3225 3206
f 3216 3225 3220
f 3225 3216 3206
f 3216 3220 3217
f 3218 3214 3221
f 3217 3221 3214
f 3221 3219 3218
f 3212 2743 3222
f 3223 3212 3222
f 3224 3212 3223
f 3226 3220 3225
f 3217 3230 3227
f 3226 3230 3220
f 3220 3230 3217
f 3227 3221 3217
f 3221 3227 3270
f 3222 2743 2744
f 3222 3228 3223
f 3229 3225 3224
f 3230 3226 3237
f 3225 3237 3226
f 3231 3227 3230
f 3270 3227 3231
f 3232 3234 3233
f 3222 3233 3234
f 3222 2744 3233
f 2744 2747 3233
f 3235 3223 3232
f 3232 3223 3228
f 3234 3232 3228
f 3222 3234 3228
f 3235 3224 3223
f 3235 3236 3224
f 3224 3236 3229
f 3225 3229 3237
f 3237 3239 3230
f 3240 3231 3238
f 3230 3239 3231
f 3231 3239 3238
f 2753 2752 3233
f 3233 2752 3232
f 2747 2753 3233
f 3232 3241 3235
f 3242 3236 3235
f 3241 3242 3235
f 3237 3229 3236
f 3243 3240 3238
f 3243 3238 3244
f 3244 3238 3239
f 3244 3239 3237
f 2752 2757 2765
f 2752 2765 3232
f 3232 3242 3241
f 3236 3242 3246
f 3246 3245 3237
f 3236 3246 3237
f 3237 3245 3247
f 3243 3244 3253
f 3253 3244 3237
f 2765 2764 3232
f 3245 3246 3250
f 3246 3251 3250
f 3248 3232 2764
f 3248 3251 3232
f 3245 3249 3252
f 3242 3251 3246
f 3251 3242 3232
f 3253 3247 3252
f 3252 3247 3245
f 3247 3253 3237
f 3255 3245 2772
f 3245 3250 2772
f 2773 3250 3256
f 2773 2772 3250
f 3248 2773 3257
f 2773 3248 2764
f 2774 2773 2764
f 3255 3258 3249
f 3245 3255 3249
f 3256 3250 3251
f 3257 3251 3248
f 3259 3252 3258
f 3249 3258 3252
f 3252 3259 3253
f 3258 3255 3260
f 2794 3255 2772
f 2773 3256 3257
f 3256 3251 3257
f 3262 3259 3261
f 3261 3259 3260
f 3260 3259 3258
f 3259 3262 3253
f 3260 2806 3263
f 3255 2806 3260
f 3264 3262 3263
f 3263 3261 3260
f 3263 3262 3261
f 2817 3264 2806
f 2806 3264 3263
f 2530 3211 3265
f 3266 3265 3215
f 3215 3265 3211
f 3266 3215 3267
f 3265 3267 3268
f 3266 3267 3265
f 3219 3221 3215
f 3267 3215 3269
f 3267 3269 3268
f 3215 3221 3270
f 3269 3271 3268
f 3215 3270 3271
f 3215 3271 3269
f 3268 1406 3265
f 3270 3272 3271
f 3270 3231 3272
f 3271 3273 3268
f 3268 3273 3274
f 1406 3274 1410
f 3268 3274 1406
f 3275 3276 3240
f 3276 3231 3240
f 3277 3276 3275
f 3277 3272 3276
f 3276 3272 3231
f 3271 3272 3273
f 3273 3272 3277
f 3274 3278 1413
f 1413 1410 3274
f 3279 3240 3243
f 3280 3281 3279
f 3279 3281 3275
f 3240 3279 3275
f 3277 3275 3281
f 3273 3282 3283
f 3277 3282 3273
f 3284 3274 3283
f 3278 3274 3284
f 3283 3274 3273
f 1413 3278 3284
f 3285 3243 3253
f 3286 3279 3285
f 3243 3285 3279
f 3279 3286 3280
f 3281 3286 3287
f 3280 3286 3281
f 3282 3281 3287
f 3281 3282 3277
f 3288 3283 3282
f 3288 3289 3284
f 3283 3288 3284
f 3289 1413 3284
f 3253 3254 3285
f 3286 3291 3287
f 3291 3282 3287
f 3292 3288 3291
f 3288 3282 3291
f 3288 3292 3293
f 3293 3289 3288
f 1413 3289 3290
f 1428 1413 3290
f 3294 3254 3253
f 3285 3294 3295
f 3254 3294 3285
f 3285 3295 3296
f 3285 3296 3286
f 3296 3291 3286
f 3306 3292 3291
f 3302 3297 3289
f 3297 3298 3289
f 3289 3298 3290
f 1428 3290 3298
f 3262 3294 3253
f 3262 3296 3295
f 3262 3299 3296
f 3294 3262 3295
f 3291 3296 3299
f 3306 3291 3300
f 3292 3306 3301
f 3306 3289 3301
f 3289 3293 3301
f 3292 3301 3293
f 3302 3289 3306
f 3297 3302 3298
f 3303 3262 3264
f 3262 3303 3304
f 3304 3299 3262
f 3300 3291 3305
f 3305 3291 3299
f 3307 3298 3302
f 3307 1428 3298
f 3308 3264 2817
f 3308 3309 3264
f 3303 3309 3310
f 3264 3309 3303
f 3304 3310 3311
f 3303 3310 3304
f 3305 3299 3311
f 3311 3299 3304
f 3305 3312 3300
f 3314 3302 3313
f 3307 3302 3314
f 3322 1428 3314
f 3314 1428 3307
f 1383 1428 3322
f 3309 3308 3315
f 3316 3309 3315
f 3309 3316 3310
f 3316 3317 3310
f 3310 3317 3311
f 3305 3311 3317
f 3312 3305 3317
f 3300 3317 3319
f 3319 3317 3318
f 3312 3317 3300
f 3319 3320 3300
f 3300 3320 3321
f 3321 3306 3300
f 3313 3302 3321
f 3321 3302 3306
f 3322 3314 3313
f 3315 3323 3316
f 3323 3324 3316
f 3323 3325 3324
f 3324 3325 3316
f 3325 3318 3316
f 3316 3318 3317
f 3325 3326 3318
f 3319 3318 3326
f 3319 3326 3320
f 3320 3326 3321
f 3327 3313 3321
f 3322 3313 3327
f 1397 1396 1940
f 3328 1397 1940
f 3329 1397 3328
f 1397 3329 1390
f 1391 1390 3329
f 1392 1391 3329
f 3337 1394 1393
f 3330 3337 1393
f 1398 1394 3337
f 1398 3331 1399
f 1953 3332 1940
f 1940 1939 1953
f 3328 1940 3332
f 3328 3332 3329
f 3329 3333 3334
f 3334 3335 3329
f 1392 3329 3335
f 1392 3335 3336
f 3330 1392 3336
f 1398 3337 3331
f 3339 1965 1968
f 1965 3339 1967
f 1967 3339 3332
f 1953 1967 3332
f 3332 3339 3340
f 3340 3341 3332
f 3332 3341 3329
f 3329 3341 3333
f 3333 3342 3334
f 3342 3335 3334
f 3342 3343 3335
f 3335 3343 3336
f 3337 3330 3336
f 3338 3331 3337
f 1974 3344 1968
f 3339 1968 3345
f 1968 3344 3345
f 3339 3345 3346
f 3339 3346 3340
f 3344 3348 3345
f 3347 3348 3344
f 3348 3346 3345
f 3346 3349 3340
f 3341 3340 3349
f 3350 3341 3349
f 3341 3350 3333
f 3350 3342 3333
f 3352 3342 3351
f 3343 3342 3352
f 3336 3343 3352
f 3353 3336 3352
f 3337 3336 3353
f 3337 3354 3338
f 3344 3355 3347
f 3355 3348 3347
f 3355 3356 3348
f 3348 3356 3346
f 3356 3349 3346
f 3349 3342 3350
f 3351 3342 3349
f 3353 3352 3351
f 3354 3337 3353
f 3353 3357 3354
f 3356 3355 3358
f 3358 3360 3356
f 3359 3360 3358
f 3360 3361 3356
f 3349 3356 3362
f 3362 3356 3361
f 3349 3362 3351
f 3362 3361 3360
f 3362 3363 3351
f 3353 3351 3363
f 3363 3364 3353
f 3357 3353 3364
f 3359 3358 3365
f 3359 3365 3360
f 3365 3363 3362
f 3360 3365 3362
f 3365 3366 3363
f 3366 3367 3363
f 3366 3368 3367
f 3363 3367 3368
f 3364 3363 3368
f 3366 3365 3369
f 3369 3370 3366
f 3371 3366 3370
f 3368 3366 3371
f 3370 3372 3371
f 3376 3373 3374
f 3374 3375 3377
f 3376 3374 3377
f 3380 3376 3377
f 3380 3377 3375
f 3380 3375 3381
f 3381 3375 3378
f 3378 3379 3381
f 3381 3379 3382
f 3383 4431 3376
f 3376 3380 3383
f 3383 3380 3384
f 3385 3384 3380
f 3380 3381 3385
f 3381 3382 3386
f 3383 3384 3387
f 3387 3385 3388
f 3384 3385 3387
f 3381 3388 3385
f 3388 3381 3386
f 3388 2294 3387
f 2293 2294 3388
f 3388 3389 2293
f 2293 3389 234
f 3391 3392 3401
f 3401 3396 3393
f 3393 3396 3397
f 3395 3393 3397
f 3398 3393 3395
f 3393 3398 3394
f 1974 3394 3344
f 3401 5022 3391
f 3401 3399 3396
f 3398 3400 3394
f 3394 3400 3344
f 3401 3402 3399
f 3399 3402 3396
f 3396 3402 3397
f 3397 3402 3403
f 3392 3404 3401
f 3398 3395 3405
f 3405 3395 3397
f 3405 3397 3406
f 3405 3406 3400
f 3398 3405 3400
f 3344 3400 3355
f 3397 3407 3406
f 3400 3406 3408
f 3408 3406 3407
f 3409 3355 3400
f 3401 3410 3402
f 3410 3411 3402
f 3411 3412 3402
f 3403 3402 3412
f 3403 3412 3397
f 3397 3412 3407
f 3408 3413 3400
f 3407 3413 3408
f 3413 3409 3400
f 3404 3414 3401
f 3414 3410 3401
f 3409 3358 3355
f 3358 3409 3413
f 3415 3412 3411
f 3416 3407 3412
f 3413 3407 3416
f 3415 3416 3412
f 3417 3414 3404
f 3418 3410 3414
f 3410 3418 3411
f 3411 3418 3419
f 3415 3411 3419
f 3416 3415 3419
f 3413 3416 3420
f 3413 3420 3421
f 3413 3421 3358
f 3414 3417 3418
f 3419 3418 3417
f 3422 3421 3420
f 3424 3420 3416
f 3358 3421 3422
f 3365 3358 3422
f 3417 3425 3419
f 3419 3425 3426
f 3419 3426 3427
f 3428 3416 3427
f 3416 3419 3427
f 3428 3424 3416
f 3420 3424 3422
f 3423 3429 3417
f 3425 3417 3429
f 3430 3422 3424
f 3365 3422 3430
f 3430 3369 3365
f 3430 3370 3369
f 3427 3426 3425
f 3428 3427 3424
f 3424 3427 3431
f 3425 3432 3427
f 3430 3424 3431
f 3429 3433 3425
f 3425 3433 3432
f 3427 3432 3433
f 3431 3434 3430
f 3430 3434 3370
f 3429 3435 3433
f 3434 3436 3370
f 3370 3436 3372
f 3434 3431 3437
f 3433 3438 3427
f 3427 3438 3431
f 3434 3437 3436
f 3433 3435 3439
f 3433 3439 3438
f 3437 3431 3440
f 3437 3440 3436
f 246 1192 3441
f 3441 1192 1193
f 3441 1193 1194
f 1180 3442 1194
f 1180 1190 3442
f 3443 1190 1195
f 3443 1195 3444
f 1191 3444 1195
f 251 246 3445
f 246 3441 3445
f 1190 3443 3442
f 3446 3444 1191
f 1196 1188 3447
f 256 251 3448
f 3448 251 3445
f 3448 3445 3441
f 3448 3441 3449
f 3449 3441 1194
f 3442 3450 1194
f 3451 3444 3446
f 3446 1191 3452
f 1191 1196 3452
f 3452 1196 3447
f 256 3448 268
f 3449 268 3448
f 3450 3449 1194
f 3450 3453 3449
f 3453 268 3449
f 3454 3453 3450
f 3450 3442 3454
f 3443 3454 3442
f 3443 3444 3454
f 3444 3455 3454
f 3455 3444 3451
f 278 280 3456
f 280 3457 3456
f 280 268 3457
f 3453 3457 268
f 3457 3453 3458
f 3453 3459 3458
f 3453 3454 3460
f 3453 3460 3461
f 3454 3462 3460
f 3455 3451 3463
f 3451 3446 3463
f 3463 3446 3464
f 3464 3446 3452
f 3457 3466 3456
f 3457 3467 3466
f 3458 3467 3457
f 3459 3467 3458
f 3453 3461 3459
f 3461 3468 3459
f 3460 3468 3461
f 3462 3468 3460
f 3468 3462 3469
f 3470 3469 3454
f 3454 3469 3462
f 3454 3455 3470
f 3470 3455 3471
f 3471 3455 3472
f 3455 3463 3472
f 3472 3463 3464
f 3464 3452 3473
f 3474 3452 3465
f 3464 3476 3472
f 3473 3452 3474
f 3474 3465 3477
f 3469 3475 3468
f 3469 3470 3478
f 3476 3464 3473
f 3475 3469 3479
f 3473 3480 3476
f 3480 3472 3476
f 3473 3474 3480
f 3480 3474 3481
f 3474 3477 3481
f 3470 3471 3478
f 3475 3479 3482
f 3483 3475 3482
f 3472 3480 3471
f 3478 3471 3485
f 3482 3479 3486
f 3484 3469 3478
f 3487 3471 3480
f 3478 3485 3484
f 3484 3485 3471
f 3488 3480 3481
f 3469 3484 3479
f 3483 3482 3490
f 3490 3482 3486
f 3491 3471 3487
f 3487 3480 3492
f 3493 3484 3491
f 3491 3484 3471
f 3492 3480 3488
f 3479 3494 3486
f 3479 3489 3494
f 3494 3489 3493
f 3489 3479 3493
f 3484 3493 3479
f 3490 3486 3494
f 3487 3495 3491
f 3495 3487 3492
f 3499 3493 3491
f 3493 3500 3494
f 3497 3490 3494
f 3495 3492 3498
f 3496 3498 3492
f 3499 3491 3495
f 3500 3493 3499
f 3500 3503 3494
f 3494 3503 3497
f 3496 3501 3498
f 3495 3502 3499
f 3495 3501 3504
f 3504 3502 3495
f 3498 3501 3495
f 3500 3499 3505
f 3506 3500 3505
f 3500 3506 3503
f 1894 3502 1895
f 3504 1895 3502
f 1896 1895 3504
f 1906 1896 3504
f 1906 3504 3501
f 1898 3499 1897
f 1897 3499 1894
f 3502 1894 3499
f 3499 1898 3505
f 1899 3506 1898
f 3505 1898 3506
f 3510 3509 3507
f 3508 3510 3507
f 953 7726 955
f 3509 3510 3511
f 3510 2311 3511
f 3508 2311 3510
f 2311 2317 3511
f 955 7726 965
f 7726 3509 965
f 965 3509 3511
f 965 3511 3512
f 2317 2321 3511
f 3511 2321 3512
f 3512 969 965
f 970 969 3512
f 2321 970 3512
f 3513 2639 2636
f 2640 3514 2635
f 3513 3516 3520
f 3513 3520 2639
f 3520 3515 2639
f 2639 3515 3517
f 3517 2640 2639
f 3519 2638 2637
f 3519 6116 2638
f 3520 3517 3515
f 3517 3518 2640
f 3518 3514 2640
f 3522 2637 3514
f 3522 3519 2637
f 3527 3518 3517
f 3527 3521 3518
f 3521 3514 3518
f 3524 3514 3521
f 3524 3522 3514
f 3516 3523 3526
f 3533 3516 3526
f 3516 3533 3520
f 3533 3517 3520
f 3524 3521 3527
f 3519 3524 3528
f 3524 3519 3522
f 3529 3519 3528
f 3525 3530 3523
f 3530 3531 3523
f 3523 3531 3532
f 3526 3523 3532
f 3517 3534 3527
f 3535 3524 3527
f 3524 3535 3528
f 3530 3525 3536
f 3532 3531 3526
f 3537 3533 3526
f 3533 3538 3517
f 3534 3517 3538
f 3534 3535 3527
f 3539 3530 3536
f 3531 3530 3539
f 3539 3540 3531
f 3540 3526 3531
f 3526 3540 3537
f 3538 3533 3541
f 3541 3533 3537
f 3538 3542 3534
f 3543 3528 3535
f 3543 3544 3528
f 3536 3192 3545
f 3545 3539 3536
f 3539 3546 3540
f 3537 3540 3546
f 3546 3541 3537
f 3547 3541 3546
f 3538 3541 3547
f 3547 3542 3538
f 3545 3192 3548
f 3548 3549 3545
f 3539 3545 3549
f 3546 3539 3549
f 3550 3542 3547
f 3542 3551 3534
f 3552 3535 3534
f 3553 3543 3535
f 3554 3555 3549
f 3554 3549 3548
f 3555 3556 3549
f 3556 3546 3549
f 3556 3547 3546
f 3557 3551 3542
f 3552 3534 3551
f 3552 3553 3535
f 3552 3543 3553
f 3552 3558 3543
f 3555 3554 3559
f 3559 3556 3555
f 3556 3560 3547
f 3547 3560 3550
f 3557 3542 3560
f 3560 3542 3550
f 3557 3552 3551
f 3561 3558 3552
f 3556 3559 3562
f 3560 3556 3562
f 3563 3557 3560
f 3562 3564 3560
f 3560 3564 3565
f 3563 3560 3565
f 3563 3566 3557
f 3552 3557 7805
f 3563 3565 3568
f 3563 3568 3566
f 3564 3562 3796
f 3564 3569 3565
f 3568 3565 3569
f 3796 3570 3564
f 3564 3570 3569
f 3552 7805 3561
f 3558 3561 3567
f 3568 3569 3572
f 3569 3571 3572
f 3568 3573 3566
f 3572 3573 3568
f 3573 3557 3566
f 3571 3570 3574
f 3570 3796 3574
f 3571 3569 3570
f 3575 3561 7805
f 3575 3567 3561
f 1712 3576 1717
f 1711 1712 1717
f 3576 1712 2172
f 1717 3576 1718
f 1718 3576 2187
f 2187 2198 1718
f 1718 2198 1724
f 3578 3579 3577
f 3581 3577 3580
f 3581 3587 3578
f 3577 3581 3578
f 3587 3582 3579
f 3578 3587 3579
f 3585 3581 3580
f 3586 3588 3589
f 3586 3589 3590
f 3588 3591 3589
f 3592 3588 2456
f 3588 3592 3591
f 3591 3593 3589
f 3589 3593 3594
f 3587 3581 3585
f 2456 2457 3592
f 3589 3594 3590
f 3590 3965 3587
f 3583 3595 3596
f 3596 3597 3598
f 3598 3583 3596
f 3597 3600 3598
f 3598 3600 3585
f 3583 3598 3584
f 3584 3598 3585
f 3600 3601 3585
f 3586 3602 3599
f 3602 3603 3600
f 3603 3601 3600
f 2460 2461 3604
f 2460 3604 3599
f 3599 3604 3586
f 3603 3602 3601
f 3601 3587 3585
f 3604 2461 3588
f 3586 3604 3588
f 3586 3590 3602
f 3602 3590 3601
f 3590 3587 3601
f 2456 3588 2461
f 3605 3606 3609
f 3605 3609 3595
f 3595 3609 3596
f 3607 3610 3608
f 3608 3612 3606
f 3609 3606 3596
f 2475 3611 3607
f 3607 3599 3610
f 3606 3600 3596
f 3596 3600 3597
f 2475 2471 3611
f 3607 3611 3613
f 3607 3613 3599
f 3610 3599 3608
f 3606 3612 3600
f 2471 2460 3611
f 3611 2460 3613
f 3608 3599 3602
f 3608 3602 3612
f 3612 3602 3600
f 3613 2460 3599
f 3615 3616 3617
f 3617 3616 3618
f 3618 3619 3605
f 3614 3620 3607
f 3614 3607 3615
f 3615 3607 3616
f 3618 3616 3619
f 3607 3608 3616
f 3616 3608 3619
f 3619 3608 3605
f 3605 3608 3606
f 2474 2475 3620
f 3620 2475 3607
f 3621 3615 3622
f 3621 3614 3615
f 2474 3620 2478
f 3621 2478 3620
f 3621 3620 3614
f 3621 2480 2478
f 3625 3627 3626
f 3626 3627 3629
f 3627 3631 3630
f 3627 3630 3629
f 3630 3632 3629
f 3631 3632 3630
f 3633 3629 3632
f 3635 3634 3623
f 3623 4971 3637
f 3634 3635 3636
f 3623 3636 3635
f 3623 3637 3636
f 3636 3637 3638
f 3639 3638 3640
f 3637 3642 3638
f 3638 3642 3641
f 3637 3624 3642
f 3624 3643 3642
f 3638 3644 3640
f 3638 3641 3644
f 3642 3643 3645
f 3641 3625 3644
f 3641 3642 3625
f 3625 3642 3627
f 3642 3645 3627
f 3645 3628 3627
f 3645 3646 3628
f 3647 3644 3649
f 3644 3625 3650
f 3646 3648 3628
f 3649 3644 3651
f 3644 3652 3651
f 3644 3650 3652
f 3650 3625 3652
f 3625 3653 3652
f 3625 3626 3653
f 3627 3628 3631
f 3651 3652 3654
f 3652 3653 3654
f 3626 3655 3653
f 3626 3629 3655
f 3631 3656 3632
f 3631 3657 3656
f 3633 3655 3629
f 3632 3658 3633
f 3632 3656 3658
f 3656 3659 3658
f 3656 3657 3659
f 3657 3660 3659
f 3634 3636 3661
f 3672 3661 3662
f 3661 3663 3662
f 3661 3636 3663
f 3662 3663 3639
f 3638 3663 3636
f 3639 3663 3638
f 3639 3640 3662
f 3640 3664 3662
f 3640 3665 3664
f 3664 3665 3647
f 3665 3640 3647
f 3640 3644 3647
f 3667 3664 3647
f 3647 3649 3667
f 3649 3651 3667
f 3668 3664 3667
f 3651 3668 3667
f 3654 3668 3651
f 3668 3670 3669
f 3668 3654 3670
f 3671 3670 3654
f 3653 3655 3654
f 3655 3671 3654
f 3673 3672 3662
f 3672 3673 3674
f 3673 3664 3674
f 3662 3664 3673
f 3675 3674 3664
f 3675 3664 3666
f 3675 3666 3678
f 3666 3664 3678
f 3664 3676 3678
f 3664 3668 3676
f 3676 3668 3677
f 3669 3677 3668
f 3670 3677 3669
f 3678 3676 3679
f 3676 3677 3679
f 3683 3684 3682
f 3688 3682 3684
f 3684 3683 3688
f 3683 3685 3688
f 3685 3686 3690
f 3686 3689 3690
f 3686 3687 3689
f 3687 3691 3689
f 3688 3685 3692
f 3685 3690 3692
f 3681 3682 3696
f 3696 3682 3697
f 3682 3688 3697
f 3688 3692 3697
f 3697 3692 3698
f 3690 3698 3692
f 3690 3689 3693
f 3700 3698 3690
f 3693 3700 3690
f 3689 3701 3693
f 3689 3702 3701
f 3689 3699 3702
f 3700 3693 3703
f 3704 3703 3693
f 3693 3701 3704
f 3703 3704 3705
f 3701 3702 3704
f 3706 3705 3704
f 3704 3702 3706
f 3707 3694 3708
f 3695 3708 3694
f 3709 3708 3695
f 3695 3681 3709
f 3710 3708 3711
f 3711 3708 3709
f 3681 3711 3709
f 3711 3681 3696
f 3698 3723 3697
f 3723 3698 3712
f 3712 3698 3700
f 3705 3713 3703
f 3705 3706 3713
f 3706 3702 3714
f 3713 3706 3715
f 3706 3716 3715
f 3717 3715 3716
f 3716 3706 3717
f 3706 3718 3717
f 3706 3714 3718
f 3708 3719 3707
f 3710 3720 3708
f 3708 3720 3719
f 3711 3721 3710
f 3696 3721 3711
f 3721 3696 3722
f 3722 3696 3697
f 3723 3712 3724
f 3712 3725 3724
f 3700 3703 3712
f 3703 3725 3712
f 3723 3724 3725
f 3726 3725 3703
f 3703 3713 3726
f 3713 3727 3726
f 3713 3715 3727
f 3727 3715 3728
f 3715 3717 3728
f 3717 3718 3728
f 3720 3710 3738
f 3738 3710 3730
f 3721 3730 3710
f 3730 3721 3731
f 3731 3721 3722
f 3697 3731 3722
f 3697 3723 3731
f 3732 3731 3723
f 3732 3723 3725
f 3733 3732 3725
f 3725 3727 3733
f 3726 3727 3725
f 3727 3734 3733
f 3729 3737 3736
f 3729 3719 3737
f 3719 3720 3737
f 3738 3736 3737
f 3720 3738 3737
f 3738 3730 3739
f 3739 3730 3731
f 3740 3739 3731
f 3732 3740 3731
f 3732 3733 3740
f 3744 3742 3741
f 3741 3743 3744
f 3733 3734 3740
f 3745 3740 3734
f 3745 3734 3727
f 3745 3727 3728
f 3728 3735 3757
f 3747 3746 3736
f 3736 3738 3747
f 3738 3748 3747
f 3748 3738 3749
f 3738 3739 3749
f 3739 3740 3750
f 3751 3740 3741
f 3750 3740 3751
f 3741 3742 3751
f 3740 3752 3741
f 3743 3741 3752
f 3744 3751 3742
f 3744 3753 3751
f 3744 3743 3753
f 3752 3753 3743
f 3753 3740 3754
f 3753 3752 3740
f 3754 3740 3745
f 3728 3755 3745
f 3757 3756 3728
f 3748 2392 3747
f 3748 3749 2392
f 2392 3749 2393
f 3739 2393 3749
f 3750 3758 3739
f 3758 2393 3739
f 3750 3751 3758
f 3751 2393 3758
f 2393 3751 2394
f 2395 2394 3751
f 2395 3751 3753
f 2395 3753 3754
f 3745 2395 3754
f 3745 3755 2395
f 2396 3728 3756
f 2396 3755 3728
f 2396 2395 3755
f 2396 3756 3759
f 3756 3757 3759
f 2398 2396 3759
f 3757 2398 3759
f 3176 3760 3178
f 3178 3760 3761
f 3761 3184 3178
f 3761 3760 3762
f 3761 3762 3184
f 3191 3184 3763
f 3184 3762 3763
f 3764 3765 3762
f 3191 3763 3198
f 3766 3192 3199
f 3766 3548 3192
f 3767 3198 3763
f 3765 3764 3768
f 3769 3762 3765
f 3762 3769 3763
f 3763 3769 3767
f 3201 3202 3203
f 3199 3203 3771
f 3199 3771 3766
f 3202 3194 3198
f 3772 3202 3770
f 3202 3772 3203
f 3203 3772 3771
f 3766 3771 3772
f 3773 3198 3767
f 3198 3773 3202
f 3775 3772 3774
f 3776 3772 3775
f 3772 3777 3766
f 3776 3777 3772
f 3777 3548 3766
f 3769 3778 3767
f 3778 3773 3767
f 3777 3554 3548
f 3769 3765 3780
f 3765 3768 3780
f 3770 3202 3782
f 3202 3773 3782
f 3772 3770 3782
f 3773 3790 3782
f 3782 3783 3772
f 3772 3784 3774
f 3783 3784 3772
f 3774 3784 3775
f 3775 3784 3776
f 3785 3777 3776
f 3554 3777 3785
f 3769 3779 3778
f 3778 3779 3786
f 3778 3786 3773
f 3790 3773 3786
f 3559 3785 3776
f 3785 3559 3554
f 3769 3787 3779
f 3779 3787 3786
f 3769 3780 3781
f 3769 3781 3788
f 3769 3788 3787
f 3786 3788 3789
f 3786 3787 3788
f 3788 3781 3789
f 3790 3791 3782
f 3791 3783 3782
f 3784 3783 3792
f 3784 3793 3776
f 3776 3793 3559
f 3786 3794 3790
f 3791 3792 3783
f 3786 3789 3795
f 3794 3786 3795
f 3795 3790 3794
f 3793 3796 3559
f 3562 3559 3796
f 3781 4090 3797
f 3781 3797 3789
f 3789 3797 3795
f 4090 3798 3797
f 3790 3799 3791
f 3791 3799 3800
f 3792 3791 3800
f 3784 3792 3801
f 3793 3784 3801
f 3799 3790 3795
f 3792 3800 3802
f 3792 3802 3801
f 3801 3803 3793
f 3796 3793 3803
f 3795 3804 3799
f 3800 3799 3805
f 3806 3802 3800
f 3802 3806 3801
f 3801 3806 3803
f 3797 3804 3795
f 3807 3808 3798
f 3798 3808 3797
f 3797 3809 3804
f 3797 3808 3809
f 3805 3799 3804
f 3806 3800 3805
f 3810 3806 3805
f 3803 3806 3810
f 3807 3811 3808
f 3808 3811 3809
f 3811 3812 3809
f 3809 3812 3804
f 3812 3805 3804
f 3810 3574 3803
f 3803 3574 3796
f 3813 1863 3815
f 3813 3817 6493
f 3816 3814 3820
f 3817 3814 3816
f 3815 3814 3817
f 3817 3813 3815
f 6493 3817 3829
f 3819 3818 3821
f 3820 3819 3821
f 3816 3821 3817
f 3829 3817 3821
f 3818 3826 3821
f 3816 3820 3821
f 3818 3822 3826
f 3824 6493 3829
f 3829 3821 3825
f 3822 3827 3826
f 3830 3829 3825
f 3823 3832 3833
f 3833 3830 3825
f 3831 3826 3834
f 3831 3832 3826
f 3832 3821 3826
f 3823 3821 3832
f 3821 3823 3833
f 3825 3821 3833
f 3832 3831 3839
f 3832 3839 3830
f 3833 3832 3830
f 3826 3827 3840
f 3828 5655 3841
f 3828 3841 3840
f 3840 3827 3828
f 3846 1703 2147
f 1703 3846 3842
f 3848 3843 3847
f 3848 3849 3844
f 3843 3848 3844
f 2149 3846 2147
f 3847 3849 3848
f 3847 3844 3849
f 3845 3844 3850
f 3852 3846 2149
f 3852 3853 3846
f 3846 3853 3842
f 3853 3843 3842
f 3854 3847 3843
f 3856 3847 3855
f 3847 3856 3844
f 3850 3857 3845
f 3845 3857 3851
f 3852 2149 2157
f 3853 3852 2157
f 3853 3858 3854
f 3853 3854 3843
f 3847 3858 3859
f 3854 3858 3847
f 3855 3847 3859
f 3860 3855 3859
f 3856 3855 3844
f 3855 3850 3844
f 3853 3862 3858
f 3862 3863 3858
f 3863 3864 3858
f 3864 3859 3858
f 3864 3860 3859
f 3850 3855 3860
f 3866 3857 3865
f 3850 3865 3857
f 3867 3857 3866
f 2155 2163 2157
f 2157 3868 3853
f 3853 3868 3862
f 3862 3869 3863
f 3869 3870 3863
f 3871 3864 3870
f 3870 3864 3863
f 3864 3872 3860
f 3872 3873 3860
f 3873 3850 3860
f 3869 3874 3871
f 3869 3871 3870
f 3874 3864 3871
f 3864 3874 3872
f 3865 3873 3872
f 3850 3873 3865
f 3874 3875 3872
f 3875 3865 3872
f 3876 3877 3878
f 3877 3879 3878
f 3878 5590 3880
f 3876 3883 3888
f 3883 3882 3888
f 3876 3888 3877
f 3888 3884 3877
f 3876 3878 3883
f 3877 3884 3885
f 3883 3878 3886
f 3879 3877 3885
f 3887 3886 3878
f 3879 3885 3881
f 3882 3890 3897
f 3888 3882 3897
f 3888 3889 3884
f 3889 3891 3884
f 3892 3890 3893
f 3893 3890 3883
f 3882 3883 3890
f 3892 3886 3894
f 3892 3893 3886
f 3893 3883 3886
f 3895 3894 3886
f 3885 3884 3891
f 3891 3896 3885
f 3898 3907 3888
f 3888 3907 3899
f 3899 3904 3889
f 3904 3900 3889
f 3901 3897 3890
f 3888 3897 3906
f 3898 3888 3906
f 3889 3888 3899
f 3889 3900 3891
f 3901 3890 3892
f 3902 3901 3892
f 3892 3894 3902
f 391 3903 395
f 3894 3895 3902
f 3903 3902 395
f 3897 3905 3906
f 3904 3899 3907
f 3897 3901 3905
f 3906 3907 3898
f 3904 5726 3900
f 413 3901 3908
f 413 3908 391
f 391 3908 3909
f 3908 3902 3909
f 3901 3902 3908
f 3903 391 3909
f 3909 3902 3903
f 3919 3910 428
f 3910 3911 428
f 3910 3912 3911
f 3910 3905 3912
f 3910 3913 3905
f 3904 3907 3915
f 3904 3916 5726
f 428 3917 413
f 428 3911 3917
f 3911 3901 3917
f 3911 3912 3901
f 3901 3912 3905
f 3914 3905 3913
f 3914 3906 3905
f 3918 3906 3914
f 3918 3915 3907
f 3906 3918 3907
f 413 3917 3901
f 432 3926 3919
f 3919 3920 3921
f 3920 3922 3921
f 3919 3921 3910
f 3921 3922 3910
f 3922 3913 3910
f 3913 3922 3923
f 3904 3924 3925
f 3923 3914 3913
f 3929 3914 3923
f 3914 3929 3930
f 3904 3915 3924
f 3916 3904 3925
f 3925 5726 3916
f 3918 3914 3930
f 3915 3918 3930
f 3920 3919 3926
f 3926 3927 3920
f 3920 3927 3922
f 3927 3931 3922
f 3931 3928 3922
f 3928 3923 3922
f 3924 3915 3930
f 3932 3933 3924
f 3928 3929 3923
f 3924 3930 3932
f 3925 3924 3933
f 3926 3934 3935
f 3927 3926 3935
f 3927 3935 3931
f 3928 3931 3935
f 3935 3936 3928
f 3936 3929 3928
f 3936 3937 3929
f 3937 3938 3930
f 3929 3937 3930
f 3930 3938 3932
f 3935 3934 3939
f 3939 3936 3935
f 3932 3938 3933
f 3938 3940 3933
f 3940 3925 3933
f 3939 3941 3942
f 3942 3943 3939
f 3943 3936 3939
f 3937 3944 3938
f 3136 3940 3938
f 3940 3138 3925
f 3133 3134 3939
f 3134 3941 3939
f 3134 3942 3941
f 3943 3942 3134
f 3134 3135 3943
f 3943 3135 3936
f 3937 3936 3135
f 3937 3135 3944
f 3944 3135 3938
f 3135 3136 3938
f 3940 3136 3137
f 3137 3138 3940
f 3946 3947 3948
f 3947 3949 3948
f 3949 846 3950
f 3945 3577 3579
f 3579 3953 3945
f 3945 3953 7671
f 3948 3949 3946
f 3953 3954 3955
f 3956 3955 3954
f 3949 3958 3957
f 3949 3950 3958
f 3958 3950 3959
f 846 3959 3950
f 3587 3960 3582
f 3582 3961 3579
f 2457 5716 3962
f 5716 3951 3962
f 3582 3964 3961
f 3961 3964 3579
f 3965 3582 3960
f 3946 3962 3951
f 3962 3946 3963
f 3946 3952 3963
f 3963 3952 3966
f 3582 3965 3967
f 3582 3967 3964
f 3964 3967 3953
f 3579 3964 3953
f 3952 3946 3966
f 3967 3965 3970
f 3949 3966 3946
f 3966 3949 3969
f 3967 3970 3971
f 3967 3971 3953
f 3953 3971 3954
f 3969 3972 3965
f 3972 3973 3965
f 3965 3973 3968
f 3974 3965 3968
f 3957 3969 3949
f 3969 3957 3972
f 3972 3957 3973
f 3970 3975 3971
f 3971 3975 3954
f 3973 3957 3976
f 3970 3965 3975
f 3956 3954 3975
f 3957 3958 3976
f 3977 3975 3965
f 3975 3981 3978
f 3975 3978 3956
f 3976 3958 3979
f 3975 3977 3980
f 3975 3980 3981
f 3959 3979 3958
f 3977 3981 3980
f 3978 3981 3956
f 3956 3981 3982
f 886 3979 3959
f 3977 887 3981
f 3981 887 3982
f 2457 3962 3592
f 3592 3962 3591
f 3591 3962 3593
f 3593 3963 3594
f 3587 3965 3960
f 3962 3963 3593
f 3594 3963 3590
f 3590 3963 3983
f 3590 3983 3965
f 3963 3966 3983
f 3983 3966 3969
f 3983 3969 3965
f 3968 3973 3974
f 3973 3976 3974
f 3974 3976 3984
f 3965 3974 3977
f 3977 3974 3984
f 3976 3979 3984
f 3979 886 3984
f 3984 886 3985
f 3984 3985 3977
f 3985 886 906
f 907 3977 3985
f 3977 907 909
f 887 3977 909
f 3985 906 907
f 3679 3987 3989
f 3987 3990 3989
f 3991 3990 3987
f 3987 3988 3991
f 3988 3992 3991
f 3988 3993 3992
f 5206 3994 3995
f 3989 3990 3994
f 3996 3995 3994
f 3994 3990 3996
f 3990 3991 3996
f 3997 3996 3991
f 3991 3992 3997
f 3993 3998 3992
f 3992 3999 3997
f 3992 3998 3999
f 3998 4000 3999
f 4001 3999 4000
f 4003 5206 3995
f 3995 4004 4003
f 3995 3996 4004
f 4004 3996 4005
f 3996 3997 4005
f 3997 4006 4005
f 3999 4006 3997
f 4007 4006 3999
f 4006 4007 4008
f 3999 4001 4007
f 4007 4001 4008
f 4001 4002 4008
f 4009 4008 4002
f 4003 4004 4011
f 4004 4005 4011
f 4005 4006 4012
f 4006 4008 4012
f 4008 4013 4012
f 4014 4013 4008
f 4009 4014 4008
f 4010 4003 4015
f 4003 4011 4015
f 4005 4015 4011
f 4010 4015 4017
f 4005 4016 4015
f 4018 4005 4012
f 4012 4013 4019
f 4014 4019 4013
f 4014 3736 4021
f 4022 4010 4017
f 4023 4017 4015
f 4015 4016 4023
f 4023 4016 4024
f 4016 4005 4024
f 4024 4005 4018
f 4018 4012 4024
f 4019 4024 4012
f 4026 4025 4019
f 4019 4014 4026
f 4027 4014 4020
f 4027 4026 4014
f 4028 4027 4020
f 4014 4021 4020
f 4021 4028 4020
f 4029 4032 4031
f 4030 4031 4033
f 4034 4030 4041
f 4030 4033 4041
f 4031 4035 4033
f 4031 4039 4035
f 4031 4032 4039
f 4029 4039 4032
f 4033 4036 4041
f 4033 4035 4036
f 4039 4029 4037
f 4041 4036 4038
f 4037 4042 4039
f 1491 4037 4029
f 793 4037 1491
f 4038 4043 4041
f 4036 4043 4038
f 4035 4043 4036
f 4039 4043 4035
f 4043 4039 4044
f 793 4039 4042
f 4037 793 4042
f 793 792 4039
f 4043 4044 794
f 796 794 4044
f 4039 796 4044
f 792 796 4039
f 4045 1331 1328
f 1328 355 4045
f 4045 355 4046
f 4048 445 1332
f 4048 1332 1331
f 4048 1331 4045
f 4047 4048 4045
f 4045 4046 4047
f 4048 4047 4049
f 4049 4047 4046
f 4050 4049 4046
f 4048 4049 4052
f 4053 4048 4051
f 4051 4048 4052
f 4050 4052 4049
f 4056 3760 3176
f 4054 4053 4057
f 4057 4053 4058
f 4051 4052 4053
f 4053 4060 4058
f 4057 4058 4059
f 4053 4052 4060
f 4060 4061 4058
f 4050 4060 4052
f 4060 4050 4062
f 4057 4064 4054
f 4064 4059 4055
f 4057 4059 4064
f 4059 4065 4055
f 4055 4065 4066
f 4067 4055 4066
f 4067 4068 4055
f 4055 4068 4056
f 3760 4056 3762
f 4056 4068 3762
f 4065 4059 4069
f 4065 4069 4066
f 4070 4059 4058
f 4069 4059 4070
f 4060 4062 4061
f 4058 4061 4070
f 4061 4062 4071
f 4071 4062 4072
f 4063 4072 4062
f 4072 4063 4073
f 4063 4074 4073
f 4068 4075 3762
f 4075 3764 3762
f 4066 4076 4067
f 4067 4077 4068
f 4076 4077 4067
f 4068 4077 4075
f 4069 4078 4066
f 4066 4078 4076
f 4070 4079 4078
f 4069 4070 4078
f 4070 4080 4081
f 4070 4081 4079
f 4070 4061 4080
f 4082 4061 4071
f 4061 4082 4080
f 4072 4082 4071
f 4072 4073 4082
f 4075 4077 3768
f 4075 3768 3764
f 4076 4078 4083
f 4076 4083 4077
f 4077 4083 3768
f 4078 4079 4083
f 4083 4079 4084
f 4083 4084 4085
f 4079 4081 4084
f 4084 4081 4085
f 4086 4081 4080
f 4081 4086 4085
f 4080 4082 4086
f 4086 4082 4087
f 4086 4087 4088
f 4082 5137 4087
f 4087 5137 4088
f 4082 4073 5137
f 3768 4083 3780
f 3780 4089 3781
f 3780 4083 4089
f 4083 4085 4089
f 4089 4085 4090
f 4090 3781 4089
f 4085 4091 4090
f 4092 4085 4086
f 4085 4092 4091
f 4086 4093 4092
f 4086 4088 4093
f 4094 4088 5137
f 4088 4094 4095
f 4093 4088 4095
f 4091 4096 4090
f 4092 4097 4091
f 4098 4097 4092
f 4099 4100 4098
f 4092 4099 4098
f 4092 4093 4099
f 4099 4093 4101
f 4100 4099 4101
f 4096 4102 3798
f 4096 3798 4090
f 4102 4091 4103
f 4096 4091 4102
f 4103 4097 4104
f 4097 4103 4091
f 4104 4098 4105
f 4097 4098 4104
f 4100 4104 4105
f 4100 4105 4098
f 4102 3807 3798
f 4102 4103 4106
f 4103 4104 4107
f 4103 4107 4106
f 4107 4104 4108
f 4108 4104 4109
f 4110 4109 4104
f 4104 4100 4110
f 4107 4102 4106
f 4102 4107 3807
f 4107 4108 4111
f 4108 4109 4112
f 4108 4112 4113
f 4113 4111 4108
f 4109 4114 4112
f 4115 4114 4109
f 4109 4110 4115
f 122 2969 4116
f 2969 2978 4116
f 4116 2978 4117
f 2984 4117 2978
f 4118 4116 4117
f 4117 2994 4119
f 4117 2984 2994
f 4118 4117 4120
f 2994 3002 4119
f 4120 4117 4119
f 3002 3010 4119
f 3010 4121 4119
f 4120 4119 4121
f 4123 4121 3009
f 3009 4121 3010
f 4122 4120 4123
f 4121 4123 4120
f 3021 4123 3009
f 4123 3021 172
f 4124 1792 4125
f 4124 4127 1792
f 4127 4126 1792
f 1793 1794 4125
f 1793 4125 1792
f 4126 1795 1792
f 4128 4127 4124
f 4124 4125 4128
f 4127 4132 4126
f 4132 4129 4126
f 4128 4125 1794
f 4126 4129 1795
f 4127 4131 4130
f 4131 4127 4128
f 4131 4128 4133
f 4135 4134 4130
f 4134 4136 4127
f 4134 4127 4130
f 4131 4137 4135
f 4131 4135 4130
f 4136 4132 4127
f 4131 4133 4137
f 4137 4133 4138
f 4132 4139 4129
f 4138 4133 4140
f 4129 4139 4141
f 4140 4133 1813
f 1813 4133 4128
f 1807 4129 4141
f 4141 1814 1807
f 1794 1813 4128
f 4142 4134 4135
f 4142 4136 4134
f 4142 4143 4136
f 4142 4135 4137
f 4143 4132 4136
f 4143 4145 4132
f 4144 4137 4138
f 4145 4139 4132
f 4144 4138 4140
f 1814 4141 4139
f 1813 1818 4140
f 1814 2878 1626
f 4142 4147 4143
f 4146 4142 4137
f 4148 4145 4143
f 2882 1814 4139
f 2882 2878 1814
f 4149 4146 4137
f 4149 4137 4144
f 4139 4145 4151
f 4144 4140 4150
f 4153 4142 4152
f 4146 4154 4142
f 4154 4152 4142
f 4153 4147 4142
f 4153 4155 4147
f 4155 4143 4147
f 4148 4143 4155
f 4154 4146 4156
f 4156 4146 4149
f 4144 4156 4149
f 4145 4148 4157
f 4144 4150 4156
f 4151 4145 4157
f 4140 4158 4150
f 4159 4151 4157
f 4139 4151 4159
f 4158 4140 1827
f 2882 4139 4159
f 4140 1818 1827
f 1647 2882 4159
f 4160 4152 4154
f 4152 4161 4153
f 4160 4161 4152
f 4161 4155 4153
f 4156 4160 4154
f 4162 4148 4155
f 4163 4156 4150
f 4163 4150 4164
f 4164 4150 4158
f 4164 4158 1827
f 1647 4159 1829
f 4156 4165 4160
f 4160 4165 4161
f 4155 4161 4165
f 4162 4155 4165
f 4156 4163 4165
f 4165 4166 4162
f 4166 4157 4148
f 4166 4148 4162
f 4167 4159 4157
f 4163 4164 1827
f 4169 4168 4165
f 4168 4166 4165
f 4157 4166 4167
f 4169 4165 4170
f 4170 4165 4163
f 4163 1827 4170
f 1829 4159 4167
f 4170 1827 1838
f 4168 4169 4170
f 4167 4166 4168
f 4170 4171 4168
f 1843 4167 4168
f 4167 1843 1829
f 4170 1838 4171
f 4168 4171 1847
f 4171 1838 1847
f 4168 1847 1843
f 2852 2860 2867
f 2852 2867 4172
f 4172 2867 4173
f 4174 2867 2868
f 4172 4173 4176
f 4177 4176 4178
f 4176 4173 4178
f 2867 4174 4173
f 4178 4173 4174
f 4179 4174 2868
f 4180 4179 2868
f 4181 4180 2868
f 2869 4181 2868
f 4175 4181 2869
f 4181 4175 4182
f 4175 2869 2443
f 2443 2444 4175
f 4184 4183 4177
f 4178 4184 4177
f 4178 4174 4184
f 4184 4174 4189
f 4174 4179 4185
f 4174 4185 4190
f 4185 4179 4190
f 4181 4179 4180
f 4179 4181 4190
f 4182 4190 4181
f 4190 4182 4186
f 4182 4175 4186
f 4186 4175 2458
f 2444 2458 4175
f 4187 4183 4184
f 4184 4188 4187
f 4184 4189 4188
f 4174 4190 4189
f 4186 4191 4190
f 4186 4192 4191
f 2458 4192 4186
f 4192 2458 2463
f 4187 4195 4193
f 4188 4195 4187
f 4195 4188 4189
f 4189 4190 4196
f 4190 4191 4196
f 4191 4192 4196
f 2463 4196 4192
f 4197 4194 4193
f 4193 4195 4197
f 4195 4198 4197
f 4195 4189 4198
f 4189 4200 4198
f 4198 4200 4199
f 4200 4189 4199
f 4199 4189 4196
f 4199 4196 4201
f 4203 4202 4204
f 2463 4202 4196
f 4202 2463 4204
f 4204 2463 2476
f 4204 2476 4203
f 4194 4197 4212
f 4205 4212 4197
f 4197 4206 4205
f 4198 4206 4197
f 4198 4199 4206
f 4199 4201 4206
f 4206 4201 4207
f 4201 4196 4209
f 4201 4209 4207
f 4207 4209 4208
f 4202 4209 4196
f 4202 4203 4210
f 4202 4210 4209
f 2476 4210 4203
f 4210 2476 4211
f 2476 2477 4211
f 4211 2477 2480
f 4206 4213 4205
f 4205 4213 4212
f 4212 4213 4214
f 4212 4214 5345
f 4214 4213 5345
f 4206 4207 4215
f 4206 4215 4213
f 4213 4215 4216
f 4207 4208 4216
f 4207 4216 4215
f 4208 4209 4216
f 4209 4217 4216
f 4209 4210 4217
f 4210 4211 4217
f 4217 4211 2480
f 1263 4218 1264
f 4218 1613 1264
f 4218 1615 1613
f 1265 4218 1263
f 4220 4219 4221
f 4219 4225 4221
f 4225 4222 4221
f 4223 4222 4225
f 4225 4226 4223
f 4226 4227 4223
f 4227 4224 4223
f 4228 4229 4219
f 4229 4225 4219
f 4226 4225 4230
f 4229 4232 4225
f 4232 4230 4225
f 4230 4238 4226
f 4238 4227 4226
f 4234 7121 4233
f 4228 7121 4234
f 4234 4232 4228
f 4232 4229 4228
f 4232 4236 4230
f 4230 4236 4238
f 1678 4227 4238
f 1678 4231 4227
f 4234 4233 4237
f 4233 1675 4237
f 4237 1675 4234
f 4232 4234 4235
f 4235 4236 4232
f 1675 4233 6201
f 4235 4234 4236
f 4236 1677 4238
f 4236 4234 1677
f 1678 4238 1677
f 4240 4244 4242
f 4244 4243 4242
f 4240 4241 4244
f 4244 4241 4245
f 4245 4241 4246
f 4244 4245 4247
f 4245 4246 4247
f 4255 4248 4243
f 4248 4242 4243
f 4255 4243 4249
f 4249 4244 4250
f 4243 4244 4249
f 4251 4250 4244
f 4244 4247 4251
f 4255 4252 4253
f 4252 4254 4253
f 4253 4254 4248
f 4248 4255 4253
f 4255 4249 4250
f 4258 4257 4252
f 4255 4258 4252
f 4259 4262 4260
f 4261 4263 4262
f 4261 4255 4263
f 4262 4265 4260
f 4260 4267 4266
f 4260 4265 4267
f 4265 4262 4267
f 4264 4260 4268
f 4260 4266 4268
f 4267 4262 4266
f 4262 4263 4269
f 4262 4270 4266
f 4269 4263 4271
f 4250 4271 4255
f 4271 4263 4255
f 4270 4250 4272
f 4272 4250 4273
f 4256 4273 4250
f 4272 4273 4270
f 4274 4257 4258
f 4261 4274 4258
f 4275 4262 4259
f 4275 4261 4262
f 4255 4261 4258
f 4264 4268 4276
f 4268 4266 4276
f 4271 4270 4269
f 4262 4269 4270
f 4266 4270 4276
f 4271 4250 4270
f 4270 4277 4276
f 4279 4261 4275
f 4279 4281 4261
f 4281 4280 4261
f 4261 4280 4274
f 6945 4282 4276
f 4276 4277 6945
f 4283 4284 4285
f 4284 4286 4285
f 4288 4289 4287
f 1262 4289 4288
f 4283 4290 4284
f 4290 4291 4284
f 4291 4286 4284
f 4288 4292 1262
f 4291 4295 4286
f 4294 4295 4291
f 4295 4287 4286
f 4287 4296 4288
f 4292 4288 4296
f 1262 4292 1263
f 4292 4296 1263
f 1265 1263 4297
f 4301 4290 4293
f 4290 4298 4291
f 4298 4294 4291
f 4294 4299 4287
f 4294 4287 4295
f 4287 4300 4296
f 4297 4296 4300
f 4296 4297 1263
f 4301 4298 4290
f 4303 4298 4302
f 4294 4298 4303
f 4304 4294 4303
f 4294 4304 4299
f 4305 4304 4303
f 4287 4299 4304
f 4287 4304 4305
f 4287 4305 4300
f 4300 4305 4306
f 4300 4306 4297
f 4308 4301 4307
f 4307 4301 4293
f 4298 4301 4308
f 4309 4298 4308
f 4302 4298 4309
f 4303 4302 4309
f 4308 4310 4309
f 4309 4310 4303
f 4303 4310 4311
f 4308 4312 4310
f 4310 4312 4313
f 4310 4313 4311
f 4312 4316 4314
f 4312 4314 4313
f 4311 4313 4303
f 4303 4313 4315
f 4305 4303 4315
f 4313 4314 4470
f 4313 4470 4315
f 4305 4315 4306
f 4308 4307 4316
f 4312 4308 4316
f 1383 3322 3327
f 1396 1377 1938
f 1383 1938 1377
f 4317 175 176
f 4319 4317 4318
f 4317 176 4318
f 4319 4318 4320
f 4320 4318 4321
f 4318 4322 4321
f 4330 4319 4323
f 4319 4320 4323
f 4320 4324 4323
f 4320 4321 4324
f 4321 4322 4324
f 4324 4322 4325
f 4326 3373 177
f 4326 177 4327
f 177 4317 4327
f 175 4317 177
f 4327 4319 4328
f 4317 4319 4327
f 4337 4328 4330
f 4330 4328 4319
f 4318 176 175
f 4337 4330 4329
f 183 4318 175
f 4323 4331 4330
f 4322 4318 183
f 2974 4329 2965
f 4329 4330 2965
f 4330 4331 4332
f 4323 4332 4331
f 4323 4324 4332
f 4324 4325 4332
f 4322 185 4325
f 4322 183 185
f 4330 4332 4333
f 2965 4330 4333
f 4333 4332 4334
f 4334 4332 4325
f 185 4335 4325
f 3374 4326 4341
f 3374 3373 4326
f 4341 4326 4327
f 4341 4328 4336
f 4341 4327 4328
f 4336 4328 4337
f 4337 4329 2972
f 2972 4329 2974
f 2965 4338 2977
f 2965 4333 4338
f 4339 4338 4333
f 4333 4334 4339
f 4335 4340 4325
f 4340 4334 4325
f 4335 195 4340
f 185 195 4335
f 4342 2972 2980
f 4337 2972 4342
f 4338 2983 2977
f 4343 2983 4338
f 4339 4343 4338
f 4344 4343 4339
f 4334 4344 4339
f 4345 4344 4334
f 4345 4334 4346
f 4334 4340 4346
f 4346 4340 4347
f 4340 195 4347
f 195 203 4347
f 4344 4345 4346
f 3375 4341 3378
f 3375 3374 4341
f 4341 4348 3378
f 4349 4348 4341
f 4337 4349 4336
f 4349 4341 4336
f 2989 4337 4342
f 4342 2980 2989
f 4350 4346 4347
f 2992 2983 4351
f 2983 4343 4351
f 4343 4344 4351
f 4351 4344 4352
f 4344 4346 4352
f 4346 4350 4352
f 4350 4347 4353
f 4353 4347 203
f 4337 4355 4354
f 4349 4337 4354
f 2989 2980 2993
f 4337 2989 4355
f 4353 4357 4350
f 4357 4356 4350
f 4357 203 215
f 4353 203 4357
f 2992 4351 4358
f 4358 4351 4359
f 4359 4351 4360
f 4351 4352 4360
f 4360 4352 4368
f 4368 4352 4356
f 4356 4352 4350
f 3379 3378 4348
f 3379 4348 4349
f 3379 4349 4361
f 4361 4349 4362
f 4349 4354 4362
f 4355 4363 4354
f 4362 4354 4363
f 2997 4364 2993
f 2993 4364 2989
f 2989 4364 4355
f 4366 4367 4365
f 4368 215 219
f 4365 4369 4366
f 4366 4369 4360
f 4366 4360 4367
f 4367 4360 4368
f 4357 4368 4356
f 215 4368 4357
f 3001 2992 4358
f 4369 3001 4358
f 4359 4369 4358
f 4360 4369 4359
f 4361 3382 3379
f 4361 4362 4370
f 4361 4370 3382
f 4362 4363 4371
f 4370 4362 4371
f 4364 4371 4363
f 4364 4363 4355
f 2997 3004 4372
f 4364 2997 4372
f 3008 4369 4373
f 4373 4369 4365
f 4373 4365 4374
f 4374 4365 4367
f 4374 4367 4368
f 4374 4368 4375
f 4374 4375 222
f 222 4375 219
f 219 4375 4368
f 3001 4369 3008
f 4370 4376 3382
f 3386 3382 4376
f 4371 4377 4370
f 4378 4364 4372
f 4364 4378 4371
f 4371 4378 4377
f 4372 3004 3014
f 4379 4372 3014
f 4372 4379 4378
f 4378 4379 4377
f 4377 4379 4380
f 4380 4381 4377
f 3014 3016 4379
f 4379 3016 4380
f 4381 4380 4374
f 4381 4374 4383
f 4381 4383 4382
f 4383 4384 4382
f 4382 4384 226
f 3016 4373 4380
f 4380 4373 4374
f 3016 3008 4373
f 4384 4383 4374
f 226 4384 4374
f 222 226 4374
f 3386 4376 4385
f 4385 3388 3386
f 4370 4385 4376
f 4370 4377 4385
f 4385 4386 4387
f 4387 226 228
f 4385 4377 4381
f 4385 4381 4386
f 4387 4386 4382
f 4387 4382 226
f 4381 4382 4386
f 3389 3388 4388
f 4385 4388 3388
f 4389 233 232
f 4388 4385 4387
f 4388 4387 4389
f 228 233 4387
f 4387 233 4389
f 3389 4388 234
f 232 234 4388
f 4389 232 4388
f 278 4391 287
f 4390 4391 4392
f 4391 4393 4392
f 4391 3456 4393
f 278 3456 4391
f 3456 3466 4393
f 3466 4392 4393
f 3467 4392 3466
f 3467 3459 4394
f 4394 3459 4395
f 4397 4399 4396
f 4400 4401 179
f 4398 4400 179
f 179 4401 4402
f 4401 4403 4402
f 4398 178 177
f 4398 179 178
f 4408 4404 4405
f 4404 4390 4406
f 4404 4406 4405
f 4406 4390 4405
f 3467 4390 4392
f 3467 4407 4390
f 4405 4390 4408
f 4390 4407 4408
f 3467 4394 4407
f 4395 4407 4394
f 4407 4410 4408
f 4407 4395 4410
f 4408 4410 4398
f 4395 4411 4410
f 4395 4397 4411
f 4408 4398 4409
f 4398 4410 4412
f 4396 4411 4397
f 3459 3468 4395
f 4409 4398 4413
f 4412 4410 4414
f 4410 4411 4414
f 4397 4395 3468
f 4422 4409 4413
f 4398 4412 4415
f 4412 4414 4415
f 4411 4416 4414
f 4416 4411 4396
f 3468 3475 4397
f 4413 3376 4422
f 4414 4401 4415
f 4414 4416 4401
f 4416 4399 4401
f 4396 4399 4416
f 4397 3475 4417
f 3373 3376 4413
f 3373 4413 4398
f 4398 4415 4400
f 4415 4401 4400
f 4401 4399 4397
f 4397 4417 4418
f 4418 4401 4397
f 4403 4401 4418
f 3373 4398 177
f 186 179 4402
f 4403 186 4402
f 4403 4418 186
f 4408 4419 4404
f 4420 4419 4408
f 4421 4408 4409
f 4409 4425 4421
f 4425 4409 4422
f 3483 4418 4417
f 4417 3475 3483
f 196 186 4418
f 196 4418 3483
f 4423 4419 4420
f 4424 4420 4408
f 3376 4425 4422
f 196 3483 204
f 3483 4426 204
f 4427 4419 4423
f 4428 4423 4420
f 4428 4420 4429
f 4429 4420 4424
f 4429 4424 4408
f 4429 4408 4421
f 4426 3483 3490
f 4432 4423 4428
f 4432 4428 4429
f 4430 4429 4421
f 4430 4421 4425
f 4431 4425 3376
f 4426 3490 204
f 4432 4429 4433
f 4433 4429 4430
f 4430 4425 4431
f 204 4434 220
f 204 3490 4434
f 3490 3497 4434
f 4430 4435 4433
f 4435 4430 4436
f 4436 4430 4431
f 4436 4431 3383
f 211 220 4443
f 220 4434 4443
f 4434 3497 4443
f 4437 4432 4433
f 4437 4433 4438
f 4438 4433 4439
f 4439 4433 4435
f 4435 4440 4439
f 4440 4435 4436
f 4441 4440 4436
f 4441 4436 4442
f 4442 4436 3383
f 3497 3503 4443
f 211 4444 223
f 4443 4444 211
f 4445 4437 4438
f 4446 4445 4438
f 4439 4447 4438
f 4438 4447 4446
f 4439 4440 4447
f 4447 4440 4441
f 4442 4447 4441
f 3387 4442 3383
f 4443 4448 4444
f 4443 3503 4448
f 4437 4445 2289
f 2289 4446 2290
f 2289 4445 4446
f 2290 4446 4447
f 2291 2290 4447
f 4442 2291 4447
f 3387 2291 4442
f 3387 2293 2291
f 3387 2294 2293
f 2300 3503 2296
f 2296 3506 1899
f 3503 3506 2296
f 4449 4448 2299
f 2299 3503 2300
f 4448 3503 2299
f 2303 4449 2299
f 4448 4449 4444
f 235 230 2301
f 2301 230 2303
f 4449 230 223
f 2303 230 4449
f 4444 4449 223
f 4218 2138 1615
f 2139 2136 2138
f 2140 2132 4450
f 2142 2134 2140
f 4218 1265 4451
f 4451 2138 4218
f 4452 2139 2138
f 4453 2132 4452
f 2139 4452 2132
f 4454 2140 4453
f 2140 4450 4453
f 4453 4450 2132
f 2141 2142 4455
f 2142 2140 4455
f 4454 4455 2140
f 2143 2141 4456
f 2141 4455 4456
f 1265 4297 4451
f 4297 4457 4451
f 4457 2138 4451
f 4457 4452 2138
f 4452 4461 4453
f 4453 4461 4454
f 4463 4455 4454
f 2143 4456 4455
f 4458 4459 4297
f 4459 4457 4297
f 4452 4460 4461
f 4459 4460 4457
f 4457 4460 4452
f 4461 4462 4454
f 4463 4464 4455
f 4464 7487 2143
f 4464 2143 4455
f 4297 4306 4458
f 4459 4458 4306
f 4306 4465 4459
f 4459 4465 4460
f 4466 4461 4465
f 4460 4465 4461
f 4467 4461 4466
f 4462 4467 4468
f 4461 4467 4462
f 4468 4454 4462
f 4469 7487 4464
f 4470 4471 4315
f 4315 4472 4306
f 4472 4315 4465
f 4465 4306 4472
f 4473 4465 4315
f 4471 4473 4315
f 4474 4473 4471
f 4473 4468 4467
f 4467 4466 4465
f 4467 4465 4473
f 4474 4475 4473
f 4473 4475 4476
f 4476 4468 4473
f 4463 4475 4477
f 4476 4475 4463
f 4454 4476 4463
f 4476 4454 4468
f 4469 4464 4477
f 4463 4477 4464
f 4316 4478 4314
f 4470 4314 4478
f 4481 4478 4316
f 4478 4481 4470
f 4470 4481 4471
f 4474 4471 4481
f 4481 4479 4474
f 4474 4479 4477
f 4474 4477 4475
f 4479 4480 4477
f 4477 4480 4469
f 4482 4483 4484
f 4484 4483 4486
f 4483 4485 4486
f 4489 4491 4490
f 4489 4490 4493
f 4490 4491 4494
f 4491 4495 4494
f 4491 4492 4495
f 4492 4496 4495
f 4490 4494 4493
f 4496 4492 4497
f 4496 4497 4482
f 4497 4483 4482
f 4494 4495 4498
f 4496 4482 4495
f 4493 4494 4499
f 4494 4498 4499
f 4498 4495 4499
f 4482 4500 4495
f 4482 4484 4500
f 4499 4495 4501
f 4495 4500 4501
f 4500 4484 4501
f 4499 4501 4502
f 4486 4501 4484
f 4503 4502 4501
f 4501 4486 4503
f 4503 4486 4504
f 4488 4505 4507
f 4488 4508 4505
f 4488 4489 4508
f 4489 4506 4491
f 4507 4505 4509
f 4505 4508 4509
f 4508 4489 4509
f 4507 4509 4510
f 4489 4493 4509
f 4493 4510 4509
f 4511 4510 4512
f 4510 4493 4512
f 4511 4512 4513
f 4513 4512 4514
f 4514 4512 4493
f 4493 4499 4514
f 4514 4499 4513
f 4515 4513 4499
f 4502 4515 4499
f 4516 4515 4502
f 4503 4516 4502
f 4504 4516 4503
f 1197 4506 4489
f 1197 4491 4506
f 1202 4492 4491
f 1204 4497 4492
f 6563 4511 1205
f 1205 4511 4513
f 1197 1199 1200
f 1200 4491 1197
f 1201 4491 1200
f 1201 1202 4491
f 1203 4492 1202
f 1203 1204 4492
f 4513 1206 1205
f 4513 4515 4517
f 4513 4517 1206
f 1206 4517 4515
f 1206 4515 1207
f 1207 4515 4516
f 1207 4516 1208
f 4024 4019 4025
f 4518 4022 4519
f 4022 4525 4519
f 4017 4525 4022
f 4525 4017 4520
f 4520 4017 4023
f 4521 4520 4023
f 4023 4527 4521
f 4527 4023 4024
f 4025 4527 4024
f 4025 4026 4522
f 4026 4027 4522
f 4027 4028 4523
f 4518 4519 4524
f 4526 4520 4521
f 4521 4527 4526
f 4522 4527 4025
f 4522 4027 4528
f 4027 4523 4528
f 4525 4524 4519
f 4529 4520 4526
f 4526 4527 4529
f 4525 4530 4524
f 4531 4525 4532
f 4532 4525 4520
f 4532 4520 4529
f 4533 4529 4527
f 4525 4534 4530
f 4531 4534 4525
f 4534 4531 4532
f 4533 4527 4535
f 4538 4537 4530
f 4530 4534 4538
f 4538 4532 4539
f 4538 4534 4532
f 4539 4532 4540
f 4540 4532 4529
f 4529 4533 4535
f 4527 4541 4535
f 4527 4522 4541
f 4542 4536 4530
f 4542 4530 4537
f 4538 4542 4537
f 4538 4539 4542
f 4540 4543 4539
f 4543 4540 4544
f 4544 4540 4529
f 4535 4545 4529
f 4545 4535 4541
f 4542 4547 4536
f 4542 4539 4543
f 4544 4529 4548
f 4548 4529 4545
f 4549 4545 4541
f 4541 4546 4549
f 4550 4536 4547
f 4550 4547 4542
f 4550 4542 4551
f 4542 4543 4552
f 4543 4544 4552
f 4544 4548 4552
f 4548 4545 4553
f 4553 4545 4554
f 4554 4545 4549
f 4542 4552 4555
f 4542 4555 4551
f 4553 4554 4549
f 4557 4550 4551
f 4551 4558 4557
f 4559 4551 4555
f 4552 4559 4555
f 4552 4560 4559
f 4552 4548 4560
f 4548 4561 4560
f 4561 4548 4562
f 4548 4553 4562
f 4550 4557 4556
f 4557 4558 4563
f 4563 4558 4551
f 4564 4563 4551
f 4559 4564 4551
f 4559 4560 4565
f 4565 4561 4568
f 4560 4561 4565
f 4561 4562 4568
f 4568 4562 4553
f 4553 4566 4568
f 4556 4557 4567
f 4557 4563 4567
f 4559 4563 4564
f 4559 4565 4568
f 4569 4567 4570
f 4569 4570 620
f 620 4567 4571
f 620 4570 4567
f 4567 4563 4571
f 4559 4572 4563
f 4568 4572 4559
f 4573 4568 4566
f 4574 4575 4576
f 2274 4580 4579
f 4581 4574 4576
f 4583 4581 4576
f 4582 4577 4574
f 4576 4578 4584
f 4576 4584 4583
f 2274 4579 4585
f 4574 4581 4600
f 4588 4582 4600
f 4582 4574 4600
f 4587 4581 4583
f 4588 4577 4582
f 4577 4588 4579
f 4586 2274 4589
f 2274 4585 4589
f 4590 4592 4593
f 4593 4594 4590
f 4594 4595 4591
f 4592 4596 4593
f 4594 4593 4597
f 4594 4597 4595
f 4593 4596 4597
f 4597 4596 4595
f 4596 4599 4595
f 4598 4600 4596
f 4596 4600 4581
f 4596 4581 4599
f 4581 4587 4599
f 4599 4587 5086
f 4583 5086 4587
f 4579 4588 4601
f 4602 4603 3866
f 4602 4604 4603
f 4604 4602 4590
f 4602 4605 4590
f 4604 4590 4603
f 4603 4590 4594
f 4594 4591 4603
f 4605 4592 4590
f 4606 4596 4605
f 4605 4596 4592
f 4607 4598 4606
f 4606 4598 4596
f 4607 4600 4598
f 4608 4588 4600
f 4588 4608 4601
f 4601 4585 4579
f 4585 4586 4589
f 4609 4605 4602
f 4605 4609 4606
f 4610 4608 4617
f 4611 4608 4610
f 4611 4601 4608
f 4612 4613 4586
f 4612 4586 4585
f 4609 4614 4606
f 4607 4616 4615
f 4616 4607 4614
f 4607 4606 4614
f 4600 4615 4608
f 4607 4615 4600
f 4610 4617 4618
f 4611 4618 4619
f 4610 4618 4611
f 4619 4601 4611
f 4601 4612 4585
f 4621 4609 4602
f 4622 4614 4627
f 4627 4614 4609
f 4622 4623 4616
f 4616 4623 4615
f 4614 4622 4616
f 4624 4608 4623
f 4623 4608 4615
f 4617 4624 4628
f 4608 4624 4617
f 4625 4618 4628
f 4618 4617 4628
f 4626 4619 4625
f 4625 4619 4618
f 4626 4629 4619
f 4629 4601 4619
f 4613 4612 4629
f 4629 4612 4601
f 4620 4621 4602
f 4627 4609 4621
f 4623 4622 4624
f 4626 4625 4629
f 5916 4629 4631
f 4613 4629 5916
f 4620 4632 4621
f 4622 4634 4630
f 4634 4622 4627
f 4622 4630 4624
f 4636 4625 4628
f 4625 4636 4629
f 4633 4621 4632
f 4621 4633 4627
f 4634 4627 4633
f 4634 4635 4630
f 4635 4624 4630
f 4636 4628 4624
f 4636 4638 4629
f 4629 4638 4631
f 4642 4635 4634
f 4642 4624 4635
f 4636 4642 4637
f 4642 4636 4624
f 4636 4637 4638
f 5916 4631 4639
f 4631 4638 4639
f 4633 4640 4634
f 4632 4640 4633
f 4642 4638 4637
f 4641 4634 4640
f 4641 4642 4634
f 4641 1003 1786
f 4640 1003 4641
f 1786 4642 4641
f 4638 1922 4639
f 1922 4638 4642
f 3812 3811 3805
f 3811 4643 3805
f 3805 4643 3810
f 3810 4643 3574
f 3811 3807 4644
f 3811 4645 4646
f 3811 4646 4643
f 3811 4644 4645
f 4646 4645 4647
f 4643 4646 4647
f 4643 4647 4648
f 4644 4651 4649
f 4644 4649 4645
f 4645 4649 4647
f 4647 4649 4648
f 4650 4648 4649
f 4649 6061 4650
f 4653 4649 4651
f 4650 6061 4654
f 4034 4041 4655
f 4041 4043 4656
f 2172 4040 4034
f 2172 4034 4655
f 4657 2173 2172
f 4657 2172 4655
f 4655 4041 4657
f 2174 2173 4657
f 4657 4656 4658
f 4041 4656 4657
f 4657 4658 2174
f 4043 4658 4656
f 794 4658 4043
f 4658 794 4659
f 2174 4658 2176
f 4658 4659 2176
f 2176 4659 794
f 2683 4660 4661
f 4665 4663 4664
f 4660 4666 4661
f 4666 4669 4661
f 4661 4667 4662
f 4662 4667 4663
f 4671 4664 4663
f 2237 4664 4668
f 4664 4671 4668
f 4661 4669 4667
f 4672 4663 4667
f 4663 4672 4670
f 4671 4663 4670
f 2237 4668 2243
f 4666 4660 4669
f 4669 4672 4667
f 4673 2243 4674
f 2243 4668 4674
f 4668 4671 4674
f 4669 4675 4676
f 4660 4675 4669
f 4676 4677 4669
f 4678 4672 4669
f 2243 4673 2250
f 4680 4675 4660
f 4676 4681 4677
f 4677 4681 4669
f 4681 4682 4669
f 4682 4678 4669
f 4672 4678 4682
f 4670 4672 4679
f 4670 4683 4671
f 2250 4673 4684
f 4673 4674 4684
f 4674 4671 4684
f 4683 4684 4671
f 4685 4675 4680
f 4685 4686 4675
f 4675 4686 4676
f 4681 4676 4687
f 4687 4676 4686
f 4687 4688 4682
f 4681 4687 4682
f 4688 4672 4682
f 4689 4672 4688
f 4672 4690 4679
f 4672 4689 4690
f 4670 4679 4691
f 4691 4679 4690
f 4683 4670 4691
f 2255 2250 4692
f 2250 4684 4692
f 4693 4685 4680
f 4694 4686 4685
f 4693 4694 4685
f 4694 4695 4686
f 4695 4687 4686
f 4695 4688 4687
f 4696 4697 4688
f 4697 4689 4688
f 4690 4689 4697
f 4692 4684 4683
f 4692 4698 2255
f 4680 7039 4699
f 4699 7039 5768
f 4693 4680 4700
f 4694 4700 4701
f 4694 4693 4700
f 4701 4695 4694
f 4688 4695 4701
f 4701 4702 4688
f 4690 4703 4691
f 4703 4690 4697
f 4716 4692 4683
f 2259 2255 4698
f 4698 4692 4716
f 5768 4680 4699
f 4700 4680 4704
f 4704 4680 5768
f 4688 4705 4696
f 4705 4688 4702
f 4697 4696 4706
f 4706 4696 4705
f 4703 4697 4691
f 4691 4707 4683
f 4697 4707 4691
f 4707 4708 4683
f 4715 4716 4683
f 4683 4708 4715
f 4704 4710 4700
f 4704 5768 4710
f 5768 4709 4710
f 4700 4710 4701
f 4701 4710 4702
f 4702 4710 4705
f 4711 4710 4709
f 4705 4710 4706
f 4706 4712 4697
f 4707 4713 4714
f 4707 4697 4713
f 4708 4707 4714
f 4708 4714 4715
f 2259 4698 2264
f 2264 4698 4716
f 4710 4718 4706
f 4710 4711 4718
f 4711 4717 4718
f 4719 4712 4706
f 4706 4718 4719
f 4713 4697 4720
f 4697 4721 4720
f 4697 4712 4721
f 4719 4718 4712
f 4712 4718 4722
f 4720 4714 4713
f 4723 4722 4718
f 4715 4724 4725
f 4714 4724 4715
f 4716 4715 4725
f 4720 4721 4726
f 4721 4712 4727
f 4722 4727 4712
f 4726 4714 4720
f 4727 4722 4723
f 4716 4729 2267
f 2267 2264 4716
f 4727 4731 4730
f 4723 4731 4727
f 4714 4732 4724
f 4726 4732 4714
f 4731 4723 4728
f 2267 4729 2274
f 4574 4726 4721
f 4732 4726 4724
f 4728 4578 4731
f 4574 4721 4575
f 4727 4575 4721
f 4575 4727 4576
f 4727 4730 4576
f 4731 4576 4730
f 4726 4577 4724
f 4577 4726 4574
f 4576 4731 4578
f 4579 4725 4577
f 4725 4724 4577
f 2274 4729 4580
f 4580 4729 4579
f 4729 4716 4579
f 4579 4716 4725
f 4733 130 121
f 122 4733 121
f 4116 4733 122
f 4118 4733 4116
f 4734 130 4733
f 4734 4733 4735
f 4733 4118 4735
f 4735 4118 4120
f 4736 130 4734
f 4734 4735 4120
f 141 130 4736
f 141 4736 4734
f 4734 4737 4738
f 4738 4737 4739
f 4737 4734 4739
f 4739 4734 4120
f 155 141 4734
f 155 4734 4740
f 4734 4738 4740
f 4738 4739 4740
f 4740 4739 4741
f 4739 4120 4741
f 4741 4120 4122
f 4742 166 155
f 4740 4742 155
f 4742 4740 4743
f 4743 4740 4744
f 4740 4741 4744
f 4744 4741 4123
f 4741 4122 4123
f 4742 170 166
f 4742 4743 170
f 170 4743 171
f 171 4743 4744
f 171 4744 172
f 172 4744 4123
f 332 4745 3025
f 3025 4745 4746
f 3023 3025 4746
f 3023 4746 3028
f 4746 4747 3028
f 4745 4748 4746
f 4748 4747 4746
f 4747 4748 4749
f 4750 4749 4748
f 3039 3028 4747
f 3039 4747 4749
f 4750 4751 4749
f 4748 4752 4750
f 4751 4750 3039
f 4751 3039 4749
f 4750 4752 3039
f 4753 3049 3039
f 4754 3039 4752
f 3048 3049 4755
f 3048 4755 3055
f 4756 3049 4753
f 3039 4758 4756
f 3039 4756 4753
f 3039 4754 4758
f 4752 4757 4754
f 4756 4758 3049
f 4758 4755 3049
f 4759 4755 4758
f 4755 4759 3055
f 4757 4761 4754
f 3055 4759 3058
f 4759 4758 4760
f 4754 4761 4758
f 4759 4762 3058
f 4760 4762 4759
f 4758 4761 4763
f 4761 4764 4763
f 4765 3058 4762
f 3058 4765 3060
f 4758 4766 4760
f 4758 4763 4766
f 4028 4768 4523
f 4028 4767 4768
f 4767 2392 4769
f 2392 4770 4769
f 4770 2392 2399
f 4767 4523 4768
f 2399 4769 4770
f 4771 4528 4523
f 4773 4771 4523
f 4773 4523 4772
f 4772 4523 4767
f 4769 4772 4767
f 2419 4769 2399
f 4774 4522 4528
f 4528 4771 4774
f 4772 4769 4775
f 4776 4775 4769
f 2419 4776 4769
f 4541 4522 4774
f 4771 4773 4774
f 4772 4775 4773
f 4546 4541 4774
f 4546 4774 4773
f 4773 4775 4777
f 2419 4775 4776
f 2419 2422 4775
f 4778 4546 4779
f 4779 4546 4773
f 4777 4775 4780
f 4781 4549 4546
f 4781 4546 4778
f 4781 4778 4782
f 4778 4779 4782
f 4777 4779 4773
f 4781 4553 4549
f 4781 4782 4553
f 4779 4777 4783
f 4777 4780 4783
f 2422 2424 4775
f 4553 4782 4784
f 4782 4785 4784
f 4782 4779 4785
f 4779 4783 4785
f 4783 4780 4786
f 4775 4786 4780
f 4786 4775 4787
f 4787 4775 2424
f 2424 2425 4787
f 4566 4553 4788
f 4788 4553 4784
f 4785 4788 4784
f 4789 4785 4783
f 4790 4783 4786
f 4791 4786 4787
f 647 4566 4788
f 4788 646 647
f 646 4788 4785
f 649 4783 4790
f 4790 650 649
f 650 4790 4786
f 4789 646 4785
f 646 4789 648
f 4789 4783 648
f 648 4783 649
f 650 4786 4791
f 650 4791 652
f 652 4791 4787
f 2425 652 4787
f 1754 441 4792
f 4792 441 446
f 447 4793 446
f 4793 447 4794
f 4792 446 4795
f 4794 447 443
f 4048 443 445
f 1771 1754 4792
f 4795 446 4796
f 4796 446 4793
f 4794 443 4048
f 4797 1771 4792
f 4797 4792 4795
f 4798 4796 4793
f 4794 4798 4793
f 4802 4797 4795
f 4802 4795 4799
f 4799 4795 4796
f 4796 4798 4799
f 4794 4800 4798
f 4794 4048 4800
f 4801 1771 4797
f 4802 4801 4797
f 4799 4798 4803
f 4803 4798 4800
f 4804 4800 4048
f 1785 4805 3157
f 1784 4806 1785
f 1785 4806 4805
f 3157 4805 3158
f 4807 4801 4802
f 4805 4806 4808
f 4807 4802 4809
f 4805 4808 4810
f 4805 4810 3158
f 3158 4810 3159
f 3159 4810 3165
f 4810 4811 3165
f 4800 4799 4803
f 4048 4053 4804
f 1771 4812 1783
f 1783 4812 1782
f 4801 4812 1771
f 1782 4812 4813
f 1784 1782 4813
f 1784 4813 4806
f 4801 4807 4812
f 4812 4807 4814
f 4812 4814 4813
f 4814 4807 4809
f 4813 4815 4806
f 4814 4809 4816
f 4806 4815 4808
f 4815 4817 4808
f 4808 4817 4818
f 4808 4818 4810
f 4799 4809 4802
f 4809 4799 4816
f 4818 4819 4810
f 4811 4810 4820
f 4821 3165 4811
f 4817 4822 4818
f 4818 4822 4819
f 4810 4819 4820
f 4811 4820 4821
f 3165 4821 3170
f 4816 4799 4824
f 4822 4825 4819
f 4819 4825 4823
f 4819 4823 4820
f 4820 4823 4821
f 4821 4823 4826
f 4821 4826 3170
f 4799 4800 4824
f 4823 4825 4822
f 4827 4828 4823
f 4823 4828 4829
f 4823 4829 4826
f 4823 4830 4827
f 4829 4828 4827
f 4829 4831 4826
f 3170 4826 3176
f 4804 4824 4800
f 4824 4804 4832
f 4826 4831 4834
f 4826 4834 3176
f 4064 4830 4823
f 4833 4830 4064
f 4833 4064 4829
f 4831 4829 4055
f 4804 4053 4832
f 4832 4053 4054
f 4064 4055 4829
f 4831 4055 4834
f 4834 4055 4056
f 4834 4056 3176
f 4813 4814 4816
f 4815 4813 4816
f 4815 4816 4835
f 4817 4815 4835
f 4816 4836 4835
f 4835 4836 4837
f 4837 4817 4835
f 4824 4836 4816
f 4836 4824 4837
f 4817 4837 4822
f 4824 4838 4837
f 4822 4837 4823
f 4827 4830 4839
f 4827 4839 4829
f 4832 4838 4824
f 4833 4829 4830
f 4830 4829 4839
f 4837 4838 4064
f 4837 4064 4823
f 4054 4838 4832
f 4838 4054 4064
f 4843 4842 4844
f 4846 4845 3133
f 1747 1755 4840
f 4840 1755 4841
f 1755 1763 4841
f 4842 4841 4847
f 4844 4842 4848
f 4844 4848 4845
f 4845 4848 3133
f 4841 1763 4847
f 4848 4842 4847
f 4848 4850 3133
f 4847 1763 1777
f 4849 4847 1777
f 4850 4847 4849
f 4847 4850 4848
f 1778 4849 1773
f 4849 1778 4850
f 4850 1778 3157
f 4853 4851 4854
f 4852 4854 4851
f 4852 4851 2
f 3 1 4851
f 3 4851 4
f 5 4851 4853
f 5 4 4851
f 4852 2 4855
f 8 5 4853
f 4854 8 4853
f 4854 4852 4855
f 4855 2 6
f 4856 8 4854
f 4854 4855 4856
f 4855 7 4856
f 6 7 4855
f 7 8 4856
f 2833 2834 4858
f 4858 2834 4860
f 4857 4861 4859
f 4862 4858 4860
f 4863 4862 4860
f 4863 4864 4865
f 4857 4864 4861
f 4857 4867 4864
f 4868 4863 4869
f 4868 4862 4863
f 4869 4863 4870
f 4863 4865 4870
f 4870 4865 4864
f 4867 4870 4864
f 4872 4857 4871
f 4857 4866 4871
f 4872 4867 4857
f 4873 4870 4867
f 4862 4868 6045
f 4868 4874 6045
f 4868 4869 4874
f 4874 4869 4870
f 4873 4874 4870
f 4867 4872 4875
f 4867 4875 4873
f 4876 4874 4873
f 4877 6045 4878
f 4878 6045 4874
f 4876 4878 4874
f 4871 4879 4880
f 4871 4880 4872
f 4880 4881 4875
f 4872 4880 4875
f 4875 4881 4873
f 4873 4881 4876
f 4882 4878 4876
f 4883 4877 4884
f 4884 4877 4878
f 4882 4884 4878
f 4880 4885 4881
f 4886 4887 4880
f 4887 4885 4880
f 4885 4887 4876
f 4881 4885 4876
f 4888 4887 4886
f 4882 4887 4888
f 4876 4887 4882
f 4888 4889 4882
f 4889 4884 4882
f 4890 4883 4884
f 4889 4890 4884
f 4886 4891 4889
f 4888 4886 4889
f 4891 4890 4889
f 1712 4040 2172
f 4892 4893 4894
f 4892 4894 4895
f 4894 1205 4895
f 4897 4895 1205
f 4897 1205 4896
f 4896 1216 4897
f 1216 4896 1205
f 4899 4898 4892
f 4899 4892 4895
f 4899 4895 4900
f 4900 4895 4901
f 4901 4895 4897
f 4897 1216 4901
f 4902 4898 4903
f 4899 4903 4898
f 4899 4900 4903
f 4903 4900 4904
f 4904 4900 1222
f 4900 4901 1222
f 1222 4901 1228
f 2870 4905 2871
f 4908 4912 660
f 2871 4905 1618
f 4906 4909 4905
f 4906 4907 4909
f 4906 660 4907
f 4906 4908 660
f 4911 4905 2870
f 4911 4912 4905
f 4912 4906 4905
f 4912 4908 4906
f 4914 4910 4912
f 4913 4911 2874
f 4914 4911 4913
f 4912 4911 4914
f 4915 4916 4910
f 4913 4918 4914
f 4918 4915 4914
f 4910 4914 4915
f 4917 4913 2874
f 4913 4915 4918
f 4915 4919 4916
f 2874 2886 4917
f 2886 4920 4917
f 4921 4919 4915
f 4920 4922 4917
f 4917 4922 4913
f 4913 4922 4923
f 2886 2887 4924
f 4924 4920 2886
f 4913 4923 4925
f 4913 4925 4915
f 4925 4921 4915
f 4920 4924 4922
f 2887 4926 4924
f 4924 4926 4927
f 2887 1673 4926
f 4926 1673 4927
f 4928 4923 4922
f 4923 4928 4925
f 4925 4928 4921
f 4929 4922 4924
f 4922 4929 4928
f 4924 4927 4929
f 4931 4921 4928
f 4930 4921 4931
f 4931 4928 4929
f 4930 4931 4932
f 4934 4935 4933
f 4933 4935 4936
f 4935 4937 4936
f 4935 1850 4937
f 4937 1850 4936
f 1850 1852 4936
f 1852 4938 4936
f 4952 1863 1855
f 4946 4952 4933
f 4952 4934 4933
f 4952 1855 4934
f 4933 4939 4946
f 4939 4933 4940
f 4934 1850 4935
f 4934 1855 1850
f 4933 4936 4940
f 4941 4940 4936
f 4941 4943 4942
f 4941 4936 4943
f 4942 4943 4944
f 4936 4938 4943
f 4938 4945 4943
f 1852 1861 4938
f 1861 4945 4938
f 4947 4953 4939
f 4939 4953 4946
f 4939 4940 4947
f 4947 4940 4948
f 4940 4941 4948
f 4948 4942 4949
f 4941 4942 4948
f 4949 4942 4950
f 4942 4944 4950
f 4944 4951 4950
f 4943 4951 4944
f 4945 1861 1873
f 4952 3815 1863
f 4946 4953 4952
f 4959 4947 4954
f 4955 4954 4956
f 4947 4948 4954
f 4954 4949 4956
f 4948 4949 4954
f 4950 4956 4949
f 4957 4956 4950
f 4951 1466 4950
f 1466 4958 4950
f 4943 1466 4951
f 1466 4943 1465
f 4943 4945 1465
f 1873 1468 4945
f 3819 3820 4952
f 3814 4952 3820
f 3815 4952 3814
f 4952 4953 3819
f 4959 4964 4947
f 4960 4959 4954
f 4954 4955 4960
f 4960 4956 4961
f 4955 4956 4960
f 4961 4956 4957
f 4950 4962 4957
f 4962 4950 4963
f 4963 4950 1472
f 1472 4950 4958
f 1466 1472 4958
f 4964 3818 4953
f 4953 3818 3819
f 4953 4947 4964
f 4964 4959 4968
f 4968 4959 4960
f 4963 4965 4962
f 4966 3827 4964
f 3822 4964 3827
f 3818 4964 3822
f 4966 4964 4968
f 4966 4968 4967
f 1479 4029 4965
f 4963 1479 4965
f 3828 4966 4969
f 3827 4966 3828
f 4966 4967 4969
f 5655 3828 4969
f 7056 4972 4971
f 4971 4985 4973
f 4971 3624 3637
f 4973 4985 4974
f 3624 4971 3643
f 4971 4975 3643
f 4971 4973 4975
f 4973 4974 4975
f 4975 4974 4979
f 4974 4988 4979
f 3645 3643 3646
f 3643 4975 3646
f 3646 4975 3648
f 4975 4976 3648
f 4975 4979 4976
f 3628 3648 3631
f 4988 4977 4979
f 3648 4978 3631
f 3648 4976 4978
f 3631 4978 3657
f 4976 4980 4978
f 4976 4979 4980
f 4970 3660 4978
f 3660 3657 4978
f 4970 4978 4981
f 4978 4982 4981
f 4978 4980 4982
f 4980 4979 4982
f 4977 4983 4979
f 4972 4985 4971
f 4985 4972 4984
f 4974 4985 4986
f 4986 4988 4974
f 4985 4988 4986
f 4988 4987 4989
f 4988 4990 4977
f 4988 4989 4990
f 4989 4991 4990
f 4977 4990 4992
f 4977 4992 4983
f 4990 4993 4992
f 4984 4994 4985
f 4994 4995 4985
f 4995 4996 4985
f 4985 4996 4988
f 4996 4987 4988
f 4996 4998 4987
f 4998 4999 4987
f 4987 4999 4991
f 4999 5000 4991
f 4991 4989 4987
f 5001 4991 5000
f 4990 4991 5001
f 5000 4999 5001
f 4990 5001 4993
f 4993 5001 5002
f 4994 5003 4995
f 5003 5004 4995
f 4995 5004 4996
f 5004 5813 4996
f 5813 4997 4996
f 5006 5005 5007
f 5005 5008 5007
f 5009 5006 4851
f 5006 5007 4851
f 5008 4851 5007
f 2691 5005 2689
f 2689 5006 5009
f 2689 5005 5006
f 2691 5008 5005
f 2689 5009 2692
f 5008 2691 2693
f 1 2692 4851
f 2692 5009 4851
f 2 5008 2693
f 4851 5008 2
f 3059 3060 5010
f 1931 3059 5010
f 5011 4765 4762
f 3060 4765 5011
f 5012 3060 5011
f 3060 5012 5010
f 5011 4762 5017
f 4762 4760 5017
f 4760 4766 5017
f 4766 4763 5013
f 5017 4766 5013
f 4763 4764 5014
f 4763 5014 5013
f 4764 3986 5014
f 5015 5010 5012
f 5010 5015 1931
f 5012 5016 5015
f 1931 5015 5016
f 5012 5011 5017
f 5017 5016 5012
f 5017 5013 5018
f 5013 5014 5019
f 5014 3986 3390
f 5014 3390 5019
f 1931 5016 1955
f 5020 5016 5017
f 5013 5021 5018
f 5017 5018 5021
f 5013 5019 5021
f 5021 5019 5031
f 5031 5019 5022
f 3390 5022 5019
f 5022 3390 3391
f 5023 1955 5016
f 5020 5017 5024
f 5020 5024 5016
f 5016 5024 5023
f 5023 5024 1955
f 5017 5025 5024
f 5024 5026 1955
f 5021 5027 5017
f 5017 5027 5025
f 5025 5027 5024
f 5024 5027 5026
f 5026 5027 5028
f 5027 5029 5028
f 5031 5027 5021
f 5028 5030 1973
f 5027 5031 5029
f 5028 5032 5030
f 5031 5022 3393
f 5031 3393 5029
f 5029 3393 5028
f 1974 1973 3394
f 3394 1973 5030
f 5022 3401 3393
f 5028 3393 5032
f 5032 3393 5030
f 5030 3393 3394
f 5033 5035 5034
f 5036 5034 5037
f 5034 5035 5037
f 5040 5036 5041
f 5037 5041 5036
f 5041 5037 5038
f 5041 5038 5042
f 5036 5043 5039
f 5036 5040 5043
f 5042 5040 5041
f 5045 5044 5043
f 5046 5045 5043
f 5046 5043 5040
f 5047 5046 5040
f 5047 5040 5042
f 5044 5045 5048
f 5048 5045 5049
f 5046 5049 5045
f 5049 5046 5050
f 5047 5050 5046
f 5054 5053 5052
f 5055 5053 5054
f 5057 5055 5054
f 5054 5056 5057
f 5052 5051 5059
f 4578 5058 5061
f 3845 3851 5051
f 5051 5062 5059
f 5063 5052 5059
f 5064 5054 5052
f 5064 5065 5054
f 5065 5056 5054
f 5061 5058 4892
f 3851 3857 5066
f 3851 5066 5051
f 5051 5067 5062
f 5051 5066 5067
f 5062 5068 5059
f 5068 5063 5059
f 5063 5064 5052
f 5064 5069 5070
f 5071 5064 5070
f 5071 5060 5065
f 5071 5065 5064
f 5065 5060 5056
f 4583 4584 5075
f 5075 4584 4578
f 5075 4578 5076
f 5076 5077 5075
f 5077 5076 4578
f 5061 5077 4578
f 4898 5061 4892
f 3857 5078 3861
f 3857 3861 5066
f 5078 5079 3861
f 3861 5079 5066
f 5066 5079 5067
f 5062 5067 5079
f 4591 4595 5079
f 5079 4595 5080
f 5079 5080 5062
f 5068 5062 5081
f 5068 5081 5063
f 4595 5082 5080
f 5063 5081 5064
f 4595 4599 5082
f 5082 5083 5080
f 5062 5080 5081
f 5081 5084 5069
f 5064 5081 5069
f 5082 4599 5085
f 5082 5085 5086
f 5080 5087 5081
f 5070 5069 5084
f 5071 5070 5084
f 4599 5086 5085
f 5080 5083 5072
f 5080 5072 5087
f 5081 5087 5084
f 5084 5073 5071
f 4583 5075 5086
f 5082 5086 5088
f 5082 5088 5083
f 5083 5088 5072
f 5087 5072 5084
f 5084 5072 5089
f 5089 5073 5084
f 5073 5090 5071
f 5060 5071 5091
f 5074 5060 5091
f 5086 5075 5088
f 5072 5093 5089
f 5073 5089 5090
f 5074 5091 5092
f 5077 5088 5075
f 5088 5077 5072
f 5072 5077 5093
f 5071 5090 5091
f 5089 5093 4902
f 5089 4902 5090
f 5077 5061 5093
f 5093 5061 5094
f 5093 5094 4902
f 4898 5094 5061
f 5094 4898 4902
f 5090 4902 5091
f 5091 4902 4903
f 4903 4904 5091
f 5091 4904 5092
f 5092 4904 1222
f 3867 3866 5078
f 3857 3867 5078
f 5078 3866 5079
f 5079 3866 4603
f 4591 5079 4603
f 5102 5095 5096
f 5096 5097 5102
f 5095 5102 5103
f 5097 5099 5102
f 5097 5101 5099
f 5102 5104 5103
f 5104 5102 5099
f 5104 5099 5105
f 5098 5095 5100
f 5095 5103 5100
f 5103 5107 5100
f 5103 5104 5107
f 5104 5105 5106
f 5108 5099 5101
f 5108 5109 5099
f 5105 5099 5109
f 5106 5110 5104
f 5111 5105 5109
f 5110 5107 5104
f 5106 5112 5110
f 5106 5105 5113
f 5105 5111 5113
f 5106 5113 5112
f 5113 5114 5112
f 5113 5115 5114
f 5107 5110 5116
f 5110 5112 5117
f 5112 5114 5117
f 5110 5117 5116
f 5114 5115 5118
f 5114 5118 5117
f 5117 2361 5116
f 5117 5118 2359
f 5118 2360 2359
f 5118 5119 2360
f 5117 2359 2361
f 5108 5101 5120
f 5109 5108 5121
f 5121 5108 5120
f 5111 5109 5121
f 5121 1534 5111
f 1534 5122 5111
f 5113 5111 5122
f 5113 5122 5115
f 5118 5115 5123
f 5115 5122 5123
f 5124 5118 5123
f 5119 5118 5124
f 5124 2360 5119
f 5120 1530 1531
f 1532 5120 1531
f 5120 1532 5121
f 1534 5121 1532
f 1535 5122 1534
f 1535 1536 5122
f 1536 5123 5122
f 1536 1537 5123
f 1537 1538 5123
f 1538 5124 5123
f 2360 5124 1538
f 2360 1538 2374
f 5127 5125 3138
f 5125 5127 5128
f 5125 5128 5126
f 3516 5126 5128
f 3516 3513 5126
f 3138 5129 5130
f 5130 5127 3138
f 5130 5128 5127
f 5129 5131 5130
f 5130 5131 5128
f 5129 3138 3156
f 5128 5131 5132
f 3523 5128 5133
f 5128 3523 3516
f 5129 3156 5132
f 5129 5132 5131
f 5132 5133 5128
f 3525 3523 5133
f 5132 3156 3174
f 5132 5134 5133
f 3525 5133 3536
f 5134 5132 3174
f 5133 5134 3174
f 3536 5133 3174
f 3536 3174 3183
f 3183 5135 3536
f 5135 3183 3192
f 3536 5135 3192
f 4073 4074 5136
f 5137 4073 5136
f 5136 5138 5137
f 5139 5140 5136
f 5136 5140 5138
f 4095 4094 5137
f 5138 5140 5141
f 5138 5141 5137
f 5139 5142 5140
f 5142 5141 5140
f 4093 4095 4101
f 4101 5144 5143
f 5143 5144 5145
f 5137 5148 4095
f 4095 5148 4101
f 4101 5148 5146
f 4101 5146 5147
f 4101 5147 5144
f 5145 5144 5147
f 5156 5137 5141
f 5137 5156 5148
f 5142 5139 5149
f 5142 5149 5141
f 5149 5156 5141
f 4100 4101 5150
f 4101 5143 5150
f 5150 5143 5151
f 5143 5145 5151
f 5145 5147 5152
f 5151 5145 5152
f 5147 5146 5148
f 5147 5154 5152
f 5152 5154 5153
f 5147 5148 5154
f 5153 5154 5155
f 5148 5156 5157
f 5148 5157 5154
f 5149 5165 5156
f 5164 5157 5156
f 5150 4110 4100
f 5159 4110 5150
f 5150 5151 5159
f 5159 5151 5160
f 5160 5151 5161
f 5151 5152 5161
f 5161 5152 5153
f 5161 5153 5162
f 5161 5162 5160
f 5162 5153 5163
f 5163 2821 5162
f 5163 5153 2824
f 5163 2824 2821
f 5168 5155 5154
f 5155 5168 5153
f 2824 5153 2825
f 5156 5165 5164
f 5164 5165 5166
f 5164 5166 5167
f 5164 5167 5157
f 5157 5167 5154
f 5154 5167 5168
f 5153 5168 2825
f 5167 5166 5168
f 5168 5166 5169
f 5168 5169 2825
f 2825 5169 2851
f 5166 5170 5169
f 2831 5171 2817
f 5171 3315 3308
f 3308 2817 5171
f 4115 4110 5172
f 4110 5158 5172
f 5158 5173 5172
f 5158 4110 5173
f 4110 5175 5173
f 5175 5174 5173
f 5159 5175 4110
f 5159 5176 5175
f 5159 5160 5176
f 5162 5176 5160
f 2840 5176 5162
f 2821 2840 5162
f 5176 5174 5175
f 5178 5165 5177
f 5165 5178 5166
f 2851 2850 2825
f 5177 5179 5180
f 5179 5177 5181
f 5179 5181 5180
f 5178 5177 5166
f 5166 5177 5182
f 5166 5182 5170
f 5169 5170 5182
f 5183 5169 5182
f 5169 5183 2851
f 5177 5184 5181
f 5181 5184 5185
f 5181 5185 5180
f 5177 5180 5186
f 5177 5186 5182
f 5182 5187 5183
f 5180 5185 5186
f 5183 5188 2851
f 2851 5188 5171
f 2851 5171 2831
f 5171 5188 3315
f 5187 3323 5183
f 5183 3323 5188
f 5188 3323 3315
f 5189 3674 3675
f 5190 3672 3674
f 5189 5191 5190
f 3674 5189 5190
f 5192 5191 5189
f 5189 3675 5192
f 3675 5194 5192
f 5194 5193 5192
f 5194 3675 3678
f 3680 5195 5196
f 5195 3672 5196
f 3680 3672 5195
f 5196 3672 5190
f 5196 5190 5197
f 5191 5197 5190
f 5198 5197 5191
f 5191 5192 5198
f 5192 5193 5198
f 5198 5193 5199
f 5194 5199 5193
f 5200 5199 5194
f 5194 3678 5200
f 3678 5199 5200
f 3989 5201 3678
f 3678 3679 3989
f 4246 3680 4247
f 4241 3680 4246
f 5196 4247 3680
f 5197 4247 5196
f 5197 5198 5203
f 5197 5203 5202
f 5204 5203 5198
f 5199 3678 5198
f 3678 5204 5198
f 5205 5204 3678
f 5205 3678 5206
f 5206 3678 5201
f 3994 5206 5201
f 5201 3989 3994
f 4247 4250 4251
f 4250 4247 5207
f 4247 5197 5207
f 5197 5202 5211
f 5203 5208 5202
f 5203 5204 5208
f 5206 4003 5205
f 4003 5209 5205
f 4256 4250 5210
f 5207 5210 4250
f 5207 5197 5210
f 5197 5211 5210
f 5208 5211 5202
f 5204 5212 5208
f 5205 5212 5204
f 5205 5209 5212
f 5212 5209 4010
f 4010 5209 4003
f 4270 4273 5213
f 4273 4256 5213
f 4256 5210 5213
f 5213 5210 5214
f 5210 5211 5214
f 5211 5215 5214
f 5211 5216 5215
f 5217 5216 5211
f 5208 5217 5211
f 5212 5217 5208
f 5218 5217 5212
f 4010 5218 5212
f 4270 5213 4277
f 5219 4277 5213
f 5219 5213 5214
f 5215 5221 5214
f 5215 5222 5221
f 5216 5222 5215
f 5218 5220 5217
f 4010 5220 5218
f 5219 5214 5221
f 5223 5222 5216
f 5223 5216 5217
f 4022 4518 5217
f 5217 4010 4022
f 5220 4010 5217
f 3746 4021 3736
f 4021 3746 3747
f 4767 4028 2392
f 2392 4028 4021
f 2392 4021 3747
f 5226 5227 5225
f 5227 2111 5228
f 5224 5225 5229
f 5225 5227 5230
f 5227 5228 5230
f 5228 2111 5231
f 2111 2112 5231
f 5225 5230 5232
f 5228 5232 5230
f 5229 5225 5234
f 5235 5234 5225
f 5225 5232 5235
f 5236 5228 5231
f 2112 5236 5231
f 5233 5229 5237
f 5229 5234 5237
f 5228 5236 5232
f 5234 5235 5238
f 5235 5232 5238
f 5232 2120 5238
f 5232 5236 2120
f 5233 5237 5713
f 5239 5237 5234
f 5234 5238 5245
f 5238 2120 5245
f 5245 2120 5240
f 2129 5241 2120
f 5237 5242 5713
f 5237 5239 5243
f 5234 5243 5239
f 5244 5243 5234
f 5245 5240 5246
f 5240 2120 5246
f 5241 5246 2120
f 5241 2129 5246
f 2129 2135 5246
f 5242 5237 5243
f 5234 5245 5244
f 5245 5246 5247
f 5247 5246 2135
f 5243 5244 5248
f 5247 2135 2143
f 3660 4970 3659
f 4970 4981 3659
f 5249 4982 4979
f 4979 4983 5249
f 4983 5250 5249
f 4983 5251 5250
f 5249 5250 4982
f 5252 3659 4981
f 4982 5252 4981
f 5251 4983 5253
f 4983 4992 5253
f 4993 5253 4992
f 3659 5255 5254
f 5252 5255 3659
f 5252 4982 5256
f 5256 4982 5257
f 4982 5250 5257
f 5257 5250 5258
f 5250 5251 5258
f 4993 5259 5253
f 4993 5002 5259
f 5253 5259 5260
f 5260 5259 5002
f 5252 5256 5255
f 5257 5261 5256
f 5261 5255 5256
f 5258 5261 5257
f 5253 5258 5251
f 5258 5253 5260
f 5266 5260 5002
f 5267 5258 5260
f 5268 5267 5260
f 5260 5266 5268
f 5268 5266 5002
f 5258 5269 5261
f 5270 5269 5258
f 5258 5271 5270
f 5271 5258 5267
f 5269 5255 5261
f 5255 5269 5272
f 5269 5270 5272
f 5270 5273 5272
f 5272 5273 5263
f 5263 5262 5272
f 5275 5274 5276
f 5273 5278 5263
f 5273 5279 5278
f 5262 5263 5277
f 5263 5278 5264
f 5263 5281 5277
f 5264 5281 5263
f 5264 5278 5282
f 5278 5279 5282
f 5277 5281 5284
f 5281 5285 5284
f 5285 5281 5264
f 5264 5282 5265
f 5282 5279 5286
f 5284 5285 3687
f 5265 5285 5264
f 5265 3687 5285
f 5287 5268 5002
f 5268 5271 5267
f 5288 5271 5268
f 5289 5288 5268
f 5268 5287 5289
f 5290 5270 5271
f 5271 5288 5290
f 5270 5290 5273
f 5288 5292 5291
f 5288 5289 5292
f 5290 5288 5294
f 5290 5293 5273
f 5290 5294 5293
f 5288 5295 5294
f 5288 5291 5295
f 5291 5275 5295
f 5291 5274 5275
f 5294 5297 5293
f 5294 5295 5297
f 5295 5298 5297
f 5298 5295 5275
f 5296 5274 5291
f 5276 5274 5296
f 5293 5279 5273
f 5293 5297 5279
f 5298 5276 5297
f 5275 5276 5298
f 5280 5276 5296
f 5276 5283 5297
f 5280 5296 5299
f 5296 5300 5299
f 5279 5297 5283
f 5283 5276 5301
f 5276 5280 5301
f 5280 5302 5301
f 5280 5299 5302
f 5299 5300 5302
f 5286 5279 5303
f 5279 5283 5303
f 5301 5304 5283
f 5302 5304 5301
f 5265 5305 3687
f 5306 5305 5265
f 5282 5306 5265
f 5286 5306 5282
f 5286 5303 5307
f 5304 5302 5283
f 5308 5289 5287
f 5289 5308 5292
f 5292 5308 5291
f 5300 5309 5302
f 5283 5302 5310
f 5302 5309 5310
f 5312 5314 5313
f 5315 5317 5312
f 5314 5312 5317
f 5316 5313 5314
f 5318 5317 5315
f 5319 5321 5316
f 5320 5316 3595
f 5318 3618 5317
f 3605 5317 3618
f 3605 5319 5317
f 5319 3605 5321
f 5321 3605 3595
f 5321 3595 5316
f 5322 5312 5311
f 5322 5323 5312
f 5323 5324 5312
f 5325 5315 5324
f 5324 5315 5312
f 5325 5326 5315
f 5319 5314 5317
f 5314 5319 5316
f 5326 5327 5328
f 5318 5326 5328
f 5326 5318 5315
f 5329 3617 5327
f 3615 3617 5329
f 3617 3618 5327
f 5327 3618 5328
f 3618 5318 5328
f 5323 5330 5324
f 5324 5330 5325
f 5332 5325 5331
f 5326 5325 5332
f 5332 5333 5326
f 5334 5329 5333
f 5329 5327 5333
f 5326 5333 5327
f 3621 3622 5334
f 3622 3615 5334
f 3615 5329 5334
f 5336 5335 3372
f 5322 5337 5338
f 5322 5338 5339
f 5339 5323 5322
f 5339 5330 5323
f 5339 5340 5330
f 5340 5341 5330
f 5330 5341 5325
f 5342 5332 5341
f 5332 5331 5341
f 5331 5325 5341
f 5343 5333 5342
f 5342 5333 5332
f 5333 5343 5334
f 2480 3621 5343
f 3621 5334 5343
f 3436 5344 3372
f 3435 4212 3439
f 3440 5344 3436
f 3372 5344 5336
f 5336 5338 5337
f 5344 5346 5336
f 5336 5346 5338
f 5345 4213 5347
f 5338 5346 5339
f 4213 4216 5347
f 5348 5339 5346
f 5348 5349 5340
f 5348 5340 5339
f 5340 5349 5341
f 5351 5342 5350
f 5342 5349 5350
f 5341 5349 5342
f 4217 5353 5352
f 5352 5353 5343
f 5343 5351 5352
f 5342 5351 5343
f 4217 2480 5353
f 5353 2480 5343
f 5354 3438 3439
f 3431 3438 5354
f 3431 5354 3440
f 3439 5355 5354
f 3439 4212 5345
f 3439 5345 5355
f 5354 5355 3440
f 5355 5345 3440
f 5344 3440 5356
f 5345 5357 3440
f 3440 5357 5356
f 5346 5344 5356
f 5356 5358 5346
f 5347 4216 5345
f 5345 4216 5359
f 5357 5358 5356
f 5358 5349 5348
f 5348 5346 5358
f 5345 5359 5357
f 5350 5358 5357
f 5349 5358 5350
f 4217 5360 4216
f 4216 5360 5359
f 5359 5360 5357
f 5357 5360 5361
f 5357 5361 5350
f 5360 5352 5361
f 5361 5352 5351
f 5351 5350 5361
f 5360 4217 5352
f 5362 5363 5364
f 788 3030 5363
f 5365 5362 5364
f 5364 5363 5366
f 5366 5363 5367
f 5367 5363 3030
f 3030 3040 5367
f 5371 5365 5364
f 5364 5368 5371
f 5364 5369 5368
f 5364 5366 5369
f 3040 3043 5367
f 5370 5365 5371
f 5369 5371 5368
f 5366 5367 5372
f 5373 5367 3043
f 5367 5373 5372
f 3046 5373 3043
f 4074 5370 5136
f 5370 5371 5378
f 5136 5370 5378
f 5369 5374 5371
f 5366 5375 5369
f 5366 5372 5375
f 5369 5375 5374
f 5373 5376 5372
f 5378 5139 5136
f 5374 5378 5371
f 5374 5375 5379
f 5372 5376 5380
f 5372 5380 5375
f 5380 5379 5375
f 5373 3046 5376
f 5381 5378 5374
f 5379 5380 5374
f 5380 5381 5374
f 5376 3046 5383
f 5376 5383 5380
f 3046 5377 5383
f 3044 5382 5377
f 3044 3057 5382
f 5385 5378 5381
f 5378 5385 5139
f 5139 5385 5149
f 5385 5381 5384
f 5381 5380 5384
f 5384 5380 5383
f 5383 5377 5382
f 5149 5385 5165
f 5386 5382 3057
f 5386 5383 5382
f 5387 5384 5383
f 5384 5387 5388
f 5388 5385 5384
f 5383 5389 5387
f 5386 5389 5383
f 5165 5385 5177
f 5388 5387 5394
f 5388 5394 5385
f 5385 5394 5390
f 5385 5390 5177
f 5391 5390 5394
f 5177 5390 5392
f 5393 5389 5386
f 5389 5393 5394
f 5387 5389 5394
f 5395 5390 5391
f 5390 5395 5392
f 5177 5392 5184
f 5386 5396 5393
f 5397 5392 5395
f 5392 5397 5184
f 3057 3061 5386
f 5396 5386 3061
f 5398 5399 5400
f 5399 5401 5400
f 5399 5402 5401
f 5402 5404 5403
f 5404 7527 5227
f 5224 4485 5400
f 5400 5401 5224
f 5401 5402 5224
f 5403 5404 5227
f 4486 4485 5224
f 5402 5403 5224
f 5403 5225 5224
f 5403 5226 5225
f 5403 5227 5226
f 5405 4483 5406
f 5406 5398 5405
f 5406 5409 5398
f 4483 5405 4485
f 5399 5398 5409
f 5407 5399 5409
f 5400 5405 5398
f 5407 5402 5399
f 5407 5408 5402
f 5405 5400 4485
f 5408 5404 5402
f 4497 5406 4483
f 5410 5406 4497
f 5411 5407 5409
f 5407 5412 5408
f 5413 4497 1204
f 5413 5410 4497
f 5406 5410 5413
f 5413 5409 5406
f 5414 5411 5409
f 5412 5407 5411
f 5411 5415 5412
f 5415 5408 5412
f 5415 5411 4283
f 4283 5411 5416
f 5303 5283 5307
f 5306 5417 5305
f 5286 5418 5306
f 5286 5307 5418
f 5420 3687 5305
f 3691 3687 5420
f 5307 5419 5418
f 5305 5417 5420
f 3691 3699 3689
f 3691 5420 3699
f 5283 5310 5421
f 5309 5421 5310
f 5306 5422 5417
f 5418 5422 5306
f 5307 5283 5419
f 5283 5421 5419
f 5309 5423 5421
f 5417 5422 5420
f 5424 5422 5418
f 5419 5424 5418
f 5421 5423 5425
f 5422 5424 5426
f 5419 5421 5424
f 3699 5420 5427
f 5420 5422 5427
f 5421 5425 5428
f 3702 3699 5427
f 5424 5429 5426
f 5422 5426 5427
f 3702 5427 3714
f 5427 5431 3714
f 5427 5426 5431
f 5431 5426 3714
f 5426 5433 3714
f 3714 5433 3718
f 5432 5433 5426
f 5433 5434 3718
f 5423 5309 5095
f 5098 5423 5095
f 5423 5098 5100
f 5421 5435 5424
f 5428 5435 5421
f 5436 5428 5425
f 5423 5436 5425
f 5423 5100 5436
f 5430 5424 5435
f 5435 5428 5437
f 5428 5436 5437
f 5429 5432 5426
f 5430 5429 5424
f 5430 5435 5429
f 5435 5437 5429
f 5437 5436 5438
f 5436 5439 5438
f 5432 5442 5433
f 5432 5429 5442
f 5429 5437 5440
f 5438 5440 5437
f 5434 5433 5441
f 5433 5442 5441
f 3718 5443 3728
f 5434 5443 3718
f 5434 5441 5443
f 5441 5442 5443
f 5436 5100 5445
f 5436 5445 5439
f 5100 5107 5445
f 5438 5446 5440
f 5438 5439 5446
f 5439 5445 5446
f 5440 5447 5429
f 5445 5448 5446
f 5429 5447 5442
f 5446 5449 5440
f 5446 5448 5449
f 5442 5447 5450
f 5447 5451 5450
f 5447 5440 5451
f 5440 5452 5451
f 5440 5449 5452
f 5444 5442 5450
f 5449 5448 5452
f 5453 5445 5107
f 5107 5116 5453
f 5445 5453 5448
f 5453 5116 5448
f 5448 5116 2361
f 5456 5454 1934
f 5455 5454 3323
f 1936 5456 1934
f 5456 1936 5454
f 5454 1936 3323
f 1936 1948 3323
f 3323 1948 3325
f 3325 1948 3326
f 3321 3326 1948
f 3321 1948 3327
f 3327 1948 1937
f 3735 5457 3757
f 5458 5457 3735
f 5460 5458 5459
f 2531 2398 5461
f 5461 2398 3757
f 3757 5462 5461
f 5462 2531 5461
f 3757 5457 5462
f 5457 5458 5462
f 5458 2531 5462
f 2531 5458 2532
f 5458 5460 2532
f 5460 5501 2532
f 2533 2532 5501
f 5443 5442 5463
f 5444 5464 5442
f 5464 5463 5442
f 5465 5466 5467
f 5469 5467 5466
f 5466 5468 5469
f 5468 5470 5469
f 5469 5470 5471
f 5473 5471 5470
f 5470 5474 5473
f 5470 5472 5474
f 5451 5476 5450
f 5451 5452 5476
f 5448 5477 5452
f 3735 5443 5478
f 3735 3728 5443
f 5444 5450 5464
f 5450 5476 5464
f 5477 5476 5452
f 5463 5478 5443
f 5476 5477 5479
f 5463 5464 5478
f 5476 5481 5464
f 5476 5479 5481
f 5464 5483 5478
f 5464 5465 5483
f 5464 5481 5465
f 5479 5484 5481
f 5483 5467 5478
f 5467 5483 5465
f 5482 5478 5485
f 5485 5478 5467
f 5465 5481 5466
f 5481 5484 5466
f 5467 5469 5488
f 5467 5488 5485
f 5484 5486 5466
f 5484 5487 5486
f 5466 5489 5468
f 5466 5486 5489
f 5486 5490 5489
f 5487 5490 5486
f 5469 5471 5488
f 5468 5489 5470
f 5489 5472 5470
f 5489 5490 5472
f 5491 5488 5471
f 5471 5473 5491
f 5472 5490 5492
f 5474 5472 5492
f 5492 5475 5474
f 5492 5490 5475
f 5490 2371 5475
f 3735 5478 5458
f 5448 5480 5477
f 5493 5448 2361
f 5480 5448 5493
f 5482 5458 5478
f 5479 5477 5484
f 5480 5494 5477
f 5480 5493 5494
f 5493 2361 5494
f 2361 5495 5494
f 5459 5482 5496
f 5459 5458 5482
f 5477 5494 5484
f 5494 5497 5484
f 5495 5497 5494
f 5482 5485 5498
f 5497 5499 5484
f 5488 5498 5485
f 5484 5499 5487
f 5499 2368 5487
f 5500 5488 5491
f 5490 5487 2371
f 5487 2368 2371
f 6502 5500 5491
f 2368 2369 2371
f 5496 5460 5459
f 5496 5482 5501
f 5496 5501 5460
f 5497 5495 2361
f 5482 5498 5501
f 2361 2362 5497
f 5497 2362 5499
f 5488 5501 5498
f 5499 2362 2368
f 5500 5501 5488
f 5500 6502 5502
f 2533 5501 2534
f 5500 2534 5501
f 2534 5500 2535
f 2535 5500 3835
f 5500 5502 3835
f 1280 534 535
f 1280 535 5503
f 535 537 5503
f 537 535 536
f 5506 537 5505
f 5506 5504 537
f 538 5505 537
f 5506 5505 1980
f 5505 538 1980
f 5506 1980 5507
f 5519 5507 541
f 541 5507 5508
f 1980 5509 5507
f 1980 1991 5509
f 6651 539 5510
f 6651 540 539
f 6651 541 540
f 5508 542 541
f 5508 5507 542
f 5507 5509 542
f 539 375 5510
f 541 542 5511
f 5509 1991 542
f 1991 2000 542
f 544 5511 542
f 541 5511 547
f 5511 544 547
f 545 542 548
f 545 548 549
f 549 5512 542
f 549 2005 5512
f 542 5512 5513
f 5512 2005 5513
f 2483 551 552
f 542 2483 552
f 542 5513 2483
f 5513 2005 2483
f 2481 553 551
f 551 2483 2481
f 2021 2483 2005
f 1287 1280 5503
f 1287 5503 5514
f 5514 5503 5515
f 5503 537 5515
f 5514 5515 5516
f 5504 5515 537
f 5504 5506 5515
f 5506 5516 5515
f 5518 5517 5519
f 5516 5507 5517
f 5506 5507 5516
f 5518 541 6651
f 5518 5519 541
f 5517 5507 5519
f 1287 5520 1290
f 5514 5520 1287
f 1290 5520 5517
f 5516 5517 5514
f 5517 5520 5514
f 5521 5518 5522
f 5521 1290 5518
f 5518 1290 5517
f 5523 5522 6651
f 6651 5522 5518
f 1288 1294 5521
f 1294 1290 5521
f 5524 1302 5522
f 1302 5521 5522
f 5523 5524 5522
f 342 1313 5523
f 1313 5524 5523
f 5524 1313 1302
f 5525 5413 1204
f 5526 5413 5525
f 5409 5413 5527
f 5527 5414 5409
f 5411 5528 5416
f 5529 5414 5527
f 5414 5530 5411
f 5411 5530 5528
f 5531 5416 5528
f 5531 4290 5416
f 5416 4290 4283
f 1204 1215 5525
f 5532 5526 5525
f 5532 5527 5526
f 5526 5527 5413
f 5414 5529 5533
f 5533 5529 5527
f 5414 5533 5530
f 5531 4293 4290
f 5525 1215 5532
f 5530 5534 5528
f 5528 5534 5531
f 1215 1232 5532
f 5527 5532 1232
f 5533 5527 1232
f 5531 5534 4293
f 1245 5535 1232
f 5535 5536 1232
f 1232 5536 5533
f 5537 5530 5533
f 5537 5534 5530
f 5534 4307 4293
f 5536 5535 5538
f 5538 5535 1245
f 5539 5536 5538
f 5536 5539 5533
f 5533 5539 5540
f 5540 5539 5538
f 5537 5533 5540
f 5541 5537 5540
f 5541 5542 5537
f 5537 5542 5534
f 5542 5543 5534
f 5543 5544 5534
f 4307 5534 5544
f 5544 5545 4307
f 4307 5545 4316
f 5538 1245 5546
f 5540 5538 5546
f 5541 5540 5546
f 5542 5541 5546
f 1245 1260 5546
f 5543 5542 5547
f 5548 5543 5547
f 5547 5549 5548
f 5548 5549 5543
f 5543 5549 5544
f 5544 5549 5545
f 5546 1260 1261
f 5546 1261 5550
f 5546 5550 5542
f 5542 5550 5547
f 5547 5550 5549
f 104 5552 103
f 103 5552 5551
f 5554 5552 104
f 3986 103 3390
f 103 5553 3390
f 3390 5553 3391
f 103 5551 5553
f 95 5555 104
f 105 5555 95
f 5553 3392 3391
f 5553 5556 3392
f 5557 5556 5553
f 5551 5552 5558
f 5553 5551 5558
f 5553 5558 5559
f 5557 5553 5559
f 5552 5563 5558
f 5554 5560 5552
f 5563 5552 5560
f 104 5555 5554
f 105 2852 4172
f 105 4172 5555
f 5557 5562 5556
f 3392 5556 5562
f 5562 3404 3392
f 5557 5559 5558
f 5560 5554 5564
f 5554 5565 5564
f 5560 5564 5563
f 5566 5555 5561
f 5555 5566 5554
f 5555 4176 5561
f 5566 5561 4176
f 5555 4172 4176
f 5566 4176 4177
f 5562 5557 5567
f 5567 3404 5562
f 5558 5567 5557
f 5558 5563 5568
f 5563 5564 5568
f 5564 5565 5569
f 5554 5566 5565
f 5565 5566 5569
f 5569 5566 4183
f 5566 4177 4183
f 5567 5558 3417
f 3404 5567 3417
f 5570 5558 5568
f 3417 5558 5570
f 5568 5564 5571
f 5568 5571 5570
f 5564 5569 5571
f 5569 4187 5571
f 5569 4183 4187
f 5570 3423 3417
f 5570 5572 5573
f 3423 5570 5573
f 5570 5571 4193
f 5570 4193 5572
f 5571 4187 4193
f 4194 5572 4193
f 3423 5573 3429
f 5573 5572 3429
f 3429 5572 4194
f 3429 4194 4212
f 3429 4212 3435
f 5575 5574 5584
f 5574 5577 5576
f 5574 5575 5577
f 5584 2596 5575
f 5577 5578 5576
f 5575 2596 736
f 1266 5579 5580
f 5581 5580 5579
f 5582 5584 5574
f 5583 5574 5585
f 5585 5576 5586
f 5576 5585 5574
f 1281 5585 5587
f 5585 5586 5587
f 5587 5586 5576
f 5579 1281 5587
f 5576 5579 5587
f 5579 1266 1281
f 5595 5589 5574
f 5589 5590 5574
f 5590 5582 5574
f 5590 5588 5582
f 5588 5591 5582
f 5595 5574 5583
f 5582 5591 5584
f 5591 2608 5584
f 2608 2596 5584
f 5595 5583 5592
f 5583 5585 5592
f 5594 1281 5593
f 5593 5592 5594
f 5592 1281 5594
f 5585 1281 5592
f 3887 3878 5589
f 3878 3880 5589
f 3880 5590 5589
f 5588 5590 3879
f 5590 3878 3879
f 3879 5591 5588
f 3879 3881 5591
f 5595 3887 5589
f 3881 2608 5591
f 5592 5593 1292
f 5593 1281 1292
f 3886 3887 5595
f 3885 3896 3881
f 5596 3886 5595
f 3881 3896 2608
f 5592 5596 5595
f 1295 5596 1292
f 5596 5592 1292
f 3902 3895 5596
f 5596 3895 3886
f 1304 3902 5596
f 5596 1295 1304
f 1304 395 3902
f 10 5597 5598
f 10 5598 13
f 5597 5599 5598
f 17 5597 10
f 17 5600 5597
f 5597 5600 5599
f 5600 5601 5599
f 5599 5601 5602
f 5601 5603 5602
f 5603 5601 5604
f 13 5605 21
f 13 5598 5605
f 5598 5599 5605
f 5599 5602 5605
f 5603 5604 5602
f 5604 5606 5602
f 21 5605 22
f 5602 5606 2191
f 5605 5602 5612
f 5602 2191 5612
f 16 5607 17
f 17 5607 5600
f 5600 5607 5608
f 5600 5608 5609
f 5609 5601 5600
f 5609 5604 5601
f 5609 5610 5604
f 5610 2200 5604
f 5619 29 22
f 5619 22 5605
f 5611 5619 5605
f 5605 5612 5611
f 2191 5613 5612
f 33 5607 16
f 5607 33 5614
f 5614 5608 5607
f 5614 5615 5608
f 5616 5608 5615
f 5616 5609 5608
f 5616 5617 5609
f 5618 5609 5617
f 5609 5618 5610
f 5618 2206 5610
f 5610 2206 2200
f 5619 31 29
f 5620 5619 5611
f 5621 5611 5622
f 5612 5622 5611
f 5622 5612 2276
f 5613 2276 5612
f 5624 5616 5615
f 5616 5625 5617
f 5625 5626 5617
f 5626 5618 5617
f 5618 5627 2206
f 5619 38 31
f 38 5619 5628
f 5628 5619 5620
f 5620 5611 5628
f 5628 5611 5629
f 5629 5611 5621
f 5629 5621 5630
f 5621 5622 5630
f 5630 5622 2276
f 5623 5615 5614
f 5624 5625 5616
f 5626 5625 5618
f 5618 5625 5627
f 38 5628 5631
f 5631 5628 5629
f 5630 2281 5632
f 2276 2281 5630
f 33 42 5614
f 5623 5614 42
f 42 5633 5623
f 5633 5615 5623
f 5624 5615 5633
f 5633 5625 5624
f 5634 5639 5625
f 5627 5625 5639
f 5639 5635 5627
f 5627 5635 2206
f 5635 2212 2206
f 41 38 5636
f 47 41 5636
f 5631 5636 38
f 5636 5631 5629
f 5636 5629 5630
f 5630 5637 5636
f 5632 5637 5630
f 5636 5637 5632
f 5636 5632 2281
f 42 52 5633
f 52 54 5633
f 5625 5633 5634
f 5634 5633 5638
f 5639 5634 5638
f 5633 54 5638
f 5640 5639 5638
f 5635 5639 5640
f 54 47 5638
f 5638 47 5641
f 5638 5642 5640
f 5635 5640 2216
f 2212 5635 2216
f 5641 5643 5638
f 5638 5643 5642
f 5641 47 5636
f 5643 5641 5644
f 5642 5643 5644
f 5641 5636 5644
f 5636 2281 5644
f 5644 2281 2285
f 2221 2216 5640
f 5642 5645 5640
f 5642 5644 5645
f 5645 5644 2285
f 5645 2285 5640
f 5640 2285 5646
f 5640 5646 2221
f 5646 2285 2225
f 5646 2225 2221
f 2285 2287 2225
f 2535 3835 2536
f 5647 2536 3835
f 3835 3836 5647
f 3836 3837 5647
f 5652 3837 5648
f 5648 3837 3838
f 3838 5652 5648
f 5649 3838 3829
f 3830 5650 5649
f 3829 3830 5649
f 3839 3831 5650
f 3830 3839 5650
f 3826 3840 3834
f 3840 3841 5655
f 3837 2536 5647
f 5651 2536 3837
f 5652 5651 3837
f 3838 5653 5652
f 5653 3838 5649
f 5649 5650 5653
f 5654 3831 3834
f 5655 3834 3840
f 5656 2548 2536
f 5656 2536 5657
f 2536 5651 5657
f 5658 5652 5653
f 5659 5653 5650
f 5654 5660 3831
f 3831 5660 5650
f 5661 5654 3834
f 5661 3834 5655
f 5662 2548 5656
f 5656 5657 5662
f 5657 5651 5663
f 5663 5651 5652
f 5663 5652 5658
f 5664 5658 5653
f 5664 5653 5659
f 5664 5659 5660
f 5659 5650 5660
f 5665 5660 5654
f 5665 5654 5661
f 1069 5666 5655
f 5658 5667 5663
f 5658 5664 5667
f 5664 5668 5667
f 5660 5668 5664
f 5661 5660 5665
f 5666 1069 1071
f 5666 1071 5655
f 2568 2548 5662
f 5662 5657 5663
f 5662 5663 5670
f 5670 5663 5667
f 5667 5668 5670
f 5669 5668 5660
f 5669 5660 5661
f 5655 5671 5661
f 5655 1071 5671
f 2568 5662 5677
f 5672 5662 5670
f 5673 5670 5668
f 5668 5674 5673
f 5668 5669 5674
f 5675 5669 5661
f 5675 5674 5669
f 5661 5671 1071
f 5661 1071 1074
f 5675 5661 1074
f 2567 2568 5676
f 5672 5677 5662
f 5678 5670 5679
f 5679 5670 5673
f 5674 5680 5673
f 5675 5681 5674
f 5674 5681 5680
f 5675 1075 5681
f 5681 1075 5682
f 5681 5682 5680
f 5675 1074 1075
f 5682 1075 5680
f 5676 2568 5683
f 5672 2568 5677
f 5672 5670 5678
f 5678 5679 5684
f 5684 5679 5673
f 5680 5685 5673
f 5673 5685 5684
f 5685 5680 5686
f 5686 5680 1077
f 1077 5680 1075
f 2567 5687 2577
f 2567 5676 5687
f 5687 5676 5683
f 5687 5683 2568
f 5687 2568 5688
f 5688 2568 5672
f 5690 5689 5684
f 5689 5678 5684
f 5684 5685 5690
f 1090 5686 1077
f 2577 5687 5691
f 2577 5691 2583
f 5692 5688 5672
f 5693 5672 5678
f 5693 5678 5689
f 5693 5689 5690
f 5685 5686 1100
f 1090 1100 5686
f 5687 5688 5691
f 5693 5691 5688
f 5692 5693 5688
f 5672 5693 5692
f 5693 5690 5694
f 5694 5690 5685
f 5685 5695 5694
f 5685 1100 5695
f 1109 5695 1100
f 2588 2583 5696
f 2583 5691 5696
f 5697 5691 5698
f 5699 5698 5691
f 5693 5699 5691
f 5699 5693 5700
f 5700 5693 5701
f 5701 5693 5702
f 5702 5693 5694
f 5702 5694 5695
f 5702 5695 1116
f 1116 5695 1109
f 2588 5696 5691
f 5697 2588 5691
f 2588 5697 5698
f 5699 5703 5698
f 5703 5699 5704
f 5704 5699 5700
f 5705 5700 5701
f 5705 5701 5706
f 5706 5701 5702
f 5702 5707 5706
f 5707 1116 1125
f 5702 1116 5707
f 2892 2588 5708
f 2588 5709 5708
f 5709 2588 2893
f 2893 2588 5698
f 2894 2893 5698
f 5703 2894 5698
f 2894 5703 2895
f 2895 5703 5704
f 5700 5710 5704
f 5710 5700 5705
f 5710 5705 5706
f 5710 5706 5711
f 5707 5711 5706
f 1132 5707 1125
f 5707 1132 5711
f 2588 2595 2591
f 2588 2892 2595
f 2893 2892 5708
f 5709 2893 5708
f 2896 2895 5704
f 5704 5710 2896
f 2898 2896 5710
f 5711 2898 5710
f 2898 5711 2899
f 2899 1132 237
f 2899 5711 1132
f 4486 5224 5712
f 5224 5229 5712
f 5712 5229 5233
f 5712 4504 4486
f 4504 5712 5714
f 5712 5233 5714
f 5714 5233 5713
f 1208 4516 4504
f 5714 1208 4504
f 5242 5714 5713
f 5715 5714 5242
f 2435 2442 2434
f 3946 3951 5716
f 2442 5716 2450
f 2450 5716 2457
f 5717 5057 5056
f 5057 5717 5718
f 5057 5718 5719
f 5060 5717 5056
f 5719 5718 5721
f 5719 5721 5720
f 5722 5717 5060
f 5718 5717 5722
f 5721 5718 5722
f 5723 5720 5721
f 5074 5722 5060
f 5074 5721 5722
f 5723 1218 5720
f 1218 1197 5720
f 5074 5092 5721
f 5721 5092 1222
f 5723 5721 1222
f 1222 1223 5723
f 1218 5723 1223
f 3891 2613 3896
f 5726 5724 3900
f 3900 5724 3891
f 3891 5725 2613
f 2613 5725 2622
f 5724 5727 3891
f 5725 3891 5727
f 5727 5728 5725
f 2622 5725 5728
f 5724 5726 5727
f 5726 3925 5729
f 5727 5726 5729
f 2622 5728 5727
f 5729 3925 5733
f 5729 5733 5730
f 5727 5729 5730
f 2622 5727 5731
f 5731 5732 2622
f 5727 5730 5731
f 2622 5732 2636
f 3138 5733 3925
f 5125 5730 5733
f 5125 5731 5730
f 5732 5731 5126
f 5732 5126 2636
f 5125 5733 3138
f 5125 5126 5731
f 3513 2636 5126
f 5734 2162 2159
f 5735 2162 5734
f 2162 5735 2155
f 5735 2163 2155
f 1357 5737 1358
f 2165 1358 5737
f 2165 5738 2164
f 2164 5738 2159
f 2159 5738 5734
f 5734 5739 5735
f 5739 5740 5735
f 5740 2163 5735
f 5740 5741 2163
f 5741 5736 2163
f 3073 3081 5737
f 3073 5737 1357
f 5737 3081 5742
f 5737 5742 2165
f 5743 5742 3081
f 2165 5742 5743
f 5743 5744 2165
f 2165 5744 5738
f 5744 5745 5738
f 5745 5734 5738
f 5746 5739 5734
f 5739 5746 5740
f 3081 5747 5743
f 5743 5747 5748
f 5748 5744 5743
f 5744 5734 5745
f 5734 5744 5749
f 5746 5734 5749
f 3081 5750 5747
f 5748 5750 5751
f 5747 5750 5748
f 5748 5751 5744
f 5752 5744 5751
f 5752 5753 5744
f 5753 5749 5744
f 5749 5740 5746
f 5740 5754 5741
f 5740 5749 5754
f 5751 5753 5752
f 5755 5749 5753
f 5749 5755 5756
f 5758 5759 5751
f 5759 5753 5751
f 5753 5759 5755
f 5756 5755 5760
f 5756 5765 5749
f 5765 5754 5749
f 5765 5757 5754
f 5761 5757 5765
f 3095 5762 5750
f 5762 5751 5750
f 5762 5758 5751
f 5758 5763 5759
f 5763 5755 5759
f 5763 5760 5755
f 5760 5764 5756
f 5764 5765 5756
f 5761 5765 5766
f 1430 3095 1429
f 5762 3095 1430
f 1432 5762 1430
f 5758 5762 1432
f 1435 5758 1432
f 1435 5763 5758
f 1436 5767 1435
f 1435 5767 5763
f 5767 5760 5763
f 5764 5760 1436
f 1436 5760 5767
f 1439 5765 5764
f 1436 1439 5764
f 1440 5765 1439
f 1440 998 5765
f 5765 998 5766
f 4709 5770 4711
f 5769 5772 4709
f 4709 5772 5773
f 5772 5774 5773
f 5770 4709 5771
f 4709 5773 5771
f 5773 5774 5771
f 5774 5772 5771
f 5772 5775 5771
f 5770 4717 4711
f 5775 5772 5776
f 5772 5780 5776
f 5770 5777 4717
f 5771 5777 5770
f 5771 5775 5778
f 5775 5776 5778
f 5780 5779 5776
f 5777 5771 4717
f 5780 5781 5779
f 4717 5771 4718
f 5776 5779 5778
f 5771 5778 5784
f 5779 5782 5778
f 5781 5783 5779
f 4718 5771 4723
f 5771 5784 4723
f 5778 5782 5785
f 5782 5779 5785
f 5779 5783 5785
f 5785 5783 5786
f 4723 5784 5787
f 5784 5778 5787
f 5778 5785 5787
f 5788 5780 5772
f 5781 5780 5789
f 5781 5789 5790
f 5783 5781 5790
f 5789 5792 5790
f 5790 5792 5791
f 5786 5783 5790
f 5790 5791 5786
f 5789 5793 5792
f 4728 4723 5794
f 5794 4723 5795
f 5787 5795 4723
f 5786 5796 5785
f 5786 5791 5796
f 5791 5797 5796
f 5791 5792 5797
f 5792 5793 5797
f 5795 5787 5798
f 5798 5787 5799
f 5796 5787 5785
f 5797 5793 5800
f 5787 5801 5799
f 5787 5796 5801
f 5796 5797 5802
f 5797 5803 5802
f 5797 5800 5803
f 5800 4487 5803
f 5799 5801 5804
f 5804 5801 5796
f 5802 5803 5796
f 5772 5806 5788
f 5788 5806 5807
f 5780 5788 5807
f 5807 5789 5780
f 5808 5789 5807
f 5789 5808 5811
f 5811 5793 5789
f 5798 5794 5795
f 5809 5799 5804
f 5805 5810 5772
f 5772 5810 5806
f 5055 5808 5807
f 5808 5057 5811
f 5808 5055 5057
f 4578 4728 5794
f 5794 5798 4578
f 5058 4578 5798
f 5058 5798 5799
f 5805 3845 5051
f 5810 5805 5051
f 5810 5051 5806
f 5806 5051 5052
f 5806 5052 5807
f 5052 5053 5807
f 5053 5055 5807
f 4892 5058 5799
f 4892 5799 5809
f 4997 4998 4996
f 5812 5002 5001
f 5812 5001 4999
f 5813 5815 4997
f 5813 5814 5815
f 4997 5815 4998
f 5815 5816 4998
f 5815 5814 5816
f 4998 5817 4999
f 4998 5816 5817
f 5817 5816 5818
f 4999 5817 5812
f 5817 5818 5819
f 5819 5812 5817
f 5818 5820 5819
f 5819 5821 5812
f 5812 5821 5002
f 5004 5822 5813
f 5813 5822 5814
f 5822 5823 5814
f 5816 5814 5823
f 5826 5816 5823
f 5823 5824 5826
f 5824 5825 5826
f 5826 5825 5827
f 5828 5816 5826
f 5818 5816 5828
f 5826 5827 5828
f 5827 5825 5828
f 5818 5828 5820
f 5828 5830 5820
f 5829 5830 5828
f 5819 5820 5821
f 5820 5830 5821
f 5832 5004 5831
f 5004 5832 5822
f 5832 5833 5822
f 5833 5834 5822
f 5834 5835 5822
f 5824 5822 5835
f 5823 5822 5824
f 5835 5836 5824
f 5824 5837 5825
f 5824 5836 5837
f 5837 5838 5825
f 5825 5838 5828
f 5829 5828 5838
f 5838 5839 5829
f 5829 5839 5830
f 5841 5842 5834
f 5834 5842 5835
f 5836 5843 5837
f 5837 5844 5838
f 5844 5845 5838
f 5838 5845 5846
f 5838 5846 5839
f 5839 5846 5830
f 5830 5846 5840
f 5842 5841 5847
f 5847 5848 5842
f 5849 5842 5848
f 5842 5850 5835
f 5836 5835 5850
f 5851 5837 5843
f 5844 5837 5851
f 5844 5851 5845
f 5840 5846 5853
f 5846 5852 5853
f 5849 5855 5854
f 5855 5856 5854
f 5850 5842 5849
f 5849 5854 5850
f 5854 5857 5858
f 5854 5859 5850
f 5859 5836 5850
f 5859 5843 5836
f 5851 5843 5859
f 5860 5846 5845
f 5852 5846 5860
f 5852 5860 5853
f 5856 5861 5854
f 5854 5861 5857
f 5861 5862 5857
f 5857 5862 5858
f 5854 5858 5859
f 5858 5863 5859
f 5863 5858 5862
f 5864 5865 5851
f 5859 5864 5851
f 5865 5866 5851
f 5851 5866 5845
f 5860 5845 5866
f 5868 5862 5861
f 5869 5863 5868
f 5863 5862 5868
f 5863 5869 5859
f 5859 5869 5864
f 5866 5865 5870
f 5860 5866 5870
f 5867 5860 5870
f 5870 5871 5867
f 5871 2090 5867
f 2670 5872 2668
f 2670 2675 5872
f 5872 5874 2668
f 5872 2675 5874
f 2675 5873 5874
f 2668 5874 5875
f 5875 5874 5876
f 5873 2675 5882
f 5873 5882 5877
f 5873 5878 5874
f 5873 5877 5878
f 5879 5876 5874
f 5878 5879 5874
f 5876 5879 5880
f 5879 5881 5880
f 5877 5882 4662
f 5878 5877 5883
f 5877 4662 5883
f 5878 5883 5879
f 5879 5884 5881
f 5879 5883 5884
f 5881 2237 5880
f 5885 2237 5881
f 5881 5884 5885
f 5882 2683 4661
f 5882 4661 4662
f 5883 4663 5884
f 5883 4662 4663
f 4663 5885 5884
f 2237 5885 4664
f 5885 4663 4665
f 4664 5885 4665
f 2268 3447 1188
f 3447 2268 5886
f 2268 2273 5886
f 2273 2269 5886
f 5886 2269 5887
f 2269 2274 5888
f 2274 5889 5888
f 5890 3447 5886
f 5891 5886 5887
f 5887 2269 5888
f 5890 5886 5891
f 5892 5887 5888
f 5888 5889 5893
f 5889 2274 5893
f 2274 4586 5893
f 5892 5888 5894
f 5895 3452 3447
f 5890 5895 3447
f 5892 5894 5896
f 5896 5894 5897
f 5894 5888 5897
f 5888 5893 5897
f 3465 3452 5895
f 5890 5898 5895
f 5898 5890 5891
f 5899 5887 5892
f 5900 5893 4586
f 5899 5892 5896
f 5897 5893 5900
f 3465 5895 5901
f 5895 5898 5901
f 5898 5891 5902
f 5902 5891 5903
f 5891 5887 5903
f 5903 5887 5899
f 5900 4586 4613
f 5899 5904 5903
f 5899 5896 5904
f 5905 5904 5896
f 5897 5905 5896
f 5900 5905 5897
f 3477 3465 5901
f 5898 5906 5901
f 5907 5906 5898
f 5898 5902 5907
f 5907 5902 5903
f 5901 3481 3477
f 3481 5901 5906
f 5908 3481 5906
f 5906 5907 5908
f 5908 5907 5911
f 5903 5911 5907
f 5912 5911 5903
f 5904 5912 5903
f 5912 5904 4613
f 5905 4613 5904
f 5900 4613 5905
f 3481 5908 5909
f 5910 5909 5908
f 5911 5910 5908
f 4613 5913 5912
f 3488 3481 5914
f 3481 5909 5914
f 5909 5910 5911
f 5913 5915 5912
f 5916 5915 5913
f 4613 5916 5913
f 3492 5909 5917
f 5909 5911 5917
f 5911 5912 5917
f 5917 5912 5918
f 5912 5915 5918
f 5914 3492 3488
f 5909 3492 5914
f 5918 5915 5919
f 5920 5917 5921
f 5921 5917 5924
f 5920 3496 5917
f 5917 3496 3492
f 5918 5924 5917
f 5924 5918 5922
f 5919 5922 5918
f 5922 5915 5925
f 5919 5915 5922
f 5915 5916 5925
f 5921 5923 5920
f 5924 5923 5921
f 5924 5922 5925
f 5926 5916 4639
f 5916 5926 5925
f 3496 5920 3501
f 3501 5923 5927
f 5920 5923 3501
f 5929 5924 5925
f 4639 5925 5926
f 1923 5928 3501
f 5927 1923 3501
f 5923 1923 5927
f 1923 5923 5929
f 5929 5923 5924
f 5929 5931 5930
f 5930 5931 5925
f 5925 4639 5930
f 5925 5931 5929
f 5929 5930 1919
f 5930 1922 1919
f 5928 1920 3501
f 5928 1923 1920
f 5929 1921 1923
f 4639 1922 5930
f 5932 5933 5935
f 5934 5932 5935
f 5934 5935 5936
f 5936 5937 5934
f 5934 5937 5938
f 5940 5936 5935
f 5942 5943 5940
f 5943 5936 5940
f 5936 5938 5937
f 5936 5945 5938
f 745 5939 5944
f 745 5944 5951
f 5942 5946 5943
f 5946 5947 5943
f 5943 5948 5936
f 5948 5945 5936
f 5941 5938 5945
f 5945 5951 5941
f 5951 5939 5941
f 5944 5939 5951
f 5947 5949 5943
f 5949 5948 5943
f 5948 5950 5945
f 5945 5950 5952
f 5952 5956 5945
f 5956 5953 5945
f 5953 5951 5945
f 5947 5954 5949
f 5954 5955 5949
f 5949 5955 5948
f 5955 5952 5948
f 5950 5948 5952
f 5958 745 5951
f 5951 5953 5956
f 5954 5957 5955
f 5952 5955 5957
f 5951 5956 5961
f 5951 5961 5958
f 5956 5952 5959
f 5952 5957 5960
f 5957 5954 5960
f 5952 5962 5959
f 5960 5963 5962
f 5962 5952 5960
f 764 757 5958
f 5961 5956 5964
f 5964 5959 5965
f 5956 5959 5964
f 5966 5967 5962
f 5965 5962 5967
f 5959 5962 5965
f 5966 5963 5968
f 5962 5963 5966
f 5969 771 5958
f 771 764 5958
f 5969 5958 5970
f 5964 5971 5961
f 5971 5970 5961
f 5961 5970 5958
f 5972 5973 5965
f 5965 5973 5964
f 5974 5967 5966
f 5967 5974 5965
f 5974 5972 5965
f 5968 5975 5966
f 5975 5974 5966
f 5969 5976 771
f 5969 5970 5977
f 5978 5964 5973
f 5964 5978 5971
f 5973 5972 5974
f 5979 5974 5975
f 5976 5969 785
f 771 5976 785
f 5969 5980 785
f 5969 5977 5980
f 5970 5971 5977
f 5973 5974 5981
f 5978 5973 5981
f 785 5980 5977
f 5977 5971 5982
f 5982 785 5977
f 5978 5983 5971
f 5978 5981 5983
f 5971 331 5982
f 331 332 5982
f 332 785 5982
f 5971 5983 333
f 5971 333 331
f 5984 1399 3331
f 5985 5987 5984
f 5987 5988 5984
f 5986 5984 5988
f 5989 5990 5987
f 3338 5984 3331
f 3338 5994 5985
f 5984 3338 5985
f 5985 5994 5995
f 5996 5987 5995
f 5987 5985 5995
f 5997 5996 5998
f 5989 5987 5997
f 5997 5987 5996
f 5998 5991 5997
f 5989 5997 5991
f 5991 5998 5992
f 5993 5992 5999
f 3338 6001 5994
f 5995 5994 6001
f 6001 5996 5995
f 6001 6002 5996
f 5998 5996 6002
f 6002 6003 5998
f 5998 6003 5992
f 5993 5999 6004
f 6004 6005 6000
f 5993 6004 6000
f 3338 3354 3357
f 3357 6001 3338
f 3357 6006 6001
f 6002 6001 6006
f 6007 6002 6006
f 6008 6002 6007
f 6002 6008 6003
f 6008 5992 6003
f 6008 5999 5992
f 6004 5999 6009
f 6010 6009 6011
f 6010 6004 6009
f 6004 6010 6005
f 3357 6014 6006
f 6007 6006 6014
f 6014 6015 6007
f 6007 6015 6008
f 6015 6016 6017
f 6015 6017 6008
f 5999 6008 6017
f 5999 6017 6009
f 6018 6012 6017
f 6017 6012 6011
f 6011 6009 6017
f 6012 6013 6011
f 6018 3595 6012
f 3364 6019 3357
f 3357 6019 6014
f 6019 6020 6014
f 6021 6022 6020
f 6020 6022 6014
f 6024 6021 6023
f 6024 6022 6021
f 5311 5312 5313
f 5311 5313 6023
f 6023 5313 6025
f 6024 6023 6026
f 6023 6025 6026
f 6024 6026 6022
f 6026 6015 6022
f 6014 6022 6015
f 5313 6027 6025
f 6025 6027 6028
f 6025 6028 6026
f 6029 6027 5313
f 6029 6028 6027
f 6026 6028 6016
f 6016 6015 6026
f 5313 5316 6029
f 6029 6030 6028
f 6028 6030 6016
f 6016 6030 6031
f 6029 5316 6032
f 6029 6032 6030
f 6030 6032 6018
f 6030 6018 6031
f 6031 6018 6017
f 6017 6016 6031
f 5316 5320 6032
f 6032 5320 6018
f 3595 6018 5320
f 3368 6033 3364
f 3364 6033 6019
f 6033 6034 6019
f 6019 6034 6020
f 5322 6020 6034
f 5311 6023 5322
f 6021 6020 6023
f 6023 6020 5322
f 3368 3371 6033
f 6034 6033 6035
f 6035 5322 6034
f 3372 5335 3371
f 6036 3371 5335
f 3371 6036 6033
f 5335 5336 6037
f 5335 6037 6036
f 6036 6037 6035
f 6036 6035 6033
f 5336 5337 6037
f 6037 5337 6035
f 5322 6035 5337
f 2835 2837 6038
f 2837 2838 6038
f 6038 2838 6039
f 2838 2839 6039
f 2832 6039 2839
f 4858 6039 2832
f 4858 2832 2833
f 2842 2840 2841
f 2842 2844 6040
f 2844 2846 6040
f 6040 2846 6041
f 6041 2846 2835
f 6038 6041 2835
f 6041 6042 6040
f 6038 6042 6041
f 6038 6043 6042
f 6038 6044 6043
f 6038 6039 6044
f 6039 6045 6044
f 4858 6045 6039
f 2840 2842 6046
f 2842 6047 6046
f 4858 4862 6045
f 6048 2842 6040
f 6050 6049 6046
f 6046 6047 6050
f 6051 6050 2842
f 2842 6050 6047
f 6051 2842 6052
f 6052 2842 6048
f 6048 6040 6052
f 6040 6042 6052
f 6042 6043 6052
f 6044 6053 6043
f 6045 6053 6044
f 6051 6054 6050
f 6052 6055 6051
f 6055 6054 6051
f 6056 6055 6052
f 6043 6056 6052
f 6057 6056 6043
f 6053 6057 6043
f 6050 6054 6049
f 6055 6058 6054
f 6056 6058 6055
f 6053 6059 6057
f 6060 6059 6053
f 6053 4877 6060
f 6045 4877 6053
f 4651 4652 4653
f 4653 6061 4649
f 4650 4654 4879
f 6054 6062 6049
f 6063 6062 6054
f 6058 6063 6054
f 6064 6063 6058
f 6056 6064 6058
f 6057 6064 6056
f 6064 6057 6065
f 6057 6059 6065
f 6066 6065 6059
f 6060 6066 6059
f 4877 6066 6060
f 6066 4877 6067
f 6067 4877 4883
f 4652 6068 4653
f 4653 6071 6061
f 6061 6069 4654
f 4654 6069 4880
f 4654 4880 4879
f 4880 6069 4886
f 6062 6063 6072
f 6063 6073 6072
f 6074 6073 6063
f 6064 6074 6063
f 6075 6074 6064
f 6065 6075 6064
f 6067 4883 4890
f 6065 6076 6075
f 6077 6076 6065
f 6066 6077 6065
f 6066 6078 6077
f 6066 6067 4890
f 6078 6066 4890
f 6071 4653 6070
f 4653 6068 6079
f 4653 6079 6080
f 4653 6080 6070
f 6070 6080 6071
f 6071 6080 6081
f 6061 6071 6081
f 6069 6061 6081
f 6069 6081 6082
f 4886 6069 6082
f 4891 6083 4890
f 6078 4890 6083
f 6072 6073 6084
f 6073 6085 6084
f 6074 6085 6073
f 6075 6085 6074
f 6086 6085 6075
f 6076 6086 6075
f 6077 6078 6083
f 6077 6083 6087
f 6089 6076 6077
f 6080 6079 7306
f 6080 6101 6081
f 6080 7306 6090
f 6101 6091 6081
f 6081 6091 6082
f 6082 6091 6103
f 6082 6103 6092
f 4886 6082 6092
f 4886 6092 4891
f 6092 6093 6083
f 4891 6092 6083
f 6095 6093 6092
f 6094 6093 6095
f 6094 6083 6093
f 6094 6095 6083
f 6083 6095 6087
f 6089 6077 6096
f 6096 6077 6087
f 6095 6096 6087
f 6084 6088 6097
f 6088 6084 6098
f 6088 6098 6097
f 6084 6085 6098
f 6099 6098 6086
f 6086 6098 6085
f 6099 6076 6100
f 6099 6086 6076
f 6076 6089 6100
f 6089 6096 6100
f 6080 6090 6101
f 7306 6102 6090
f 6091 6101 6103
f 6103 6104 6092
f 6092 6104 6095
f 6095 6104 6105
f 6105 6104 6096
f 6104 6106 6096
f 6105 6096 6095
f 6100 6106 6107
f 6106 6100 6096
f 6097 6098 6108
f 6108 6098 2168
f 2166 2168 6098
f 6099 2166 6098
f 6099 2167 2166
f 6099 6100 2167
f 2167 6100 6107
f 6110 6090 6102
f 6101 6090 6110
f 6102 6109 6110
f 6101 6110 6103
f 6104 6103 6111
f 6112 6103 6110
f 6103 6112 6111
f 6104 6111 6106
f 6114 6107 6112
f 6107 6111 6112
f 6107 6106 6111
f 6113 6108 2169
f 2169 6108 2168
f 2167 6114 2171
f 6107 6114 2167
f 6110 6109 6113
f 6115 6110 6113
f 6110 6115 2171
f 6112 6110 6114
f 6114 6110 2171
f 6113 2169 6115
f 6115 2169 2170
f 2171 6115 2170
f 6118 6119 2089
f 6121 6120 6117
f 6117 6122 6118
f 6118 2741 6119
f 2741 2089 6119
f 6118 6122 6123
f 2742 2741 6118
f 6120 6121 6124
f 6124 6117 6120
f 6123 6122 6125
f 6125 6118 6123
f 3519 6121 6116
f 6121 6126 6124
f 6127 6122 6117
f 6129 6125 6128
f 6128 6125 6122
f 6129 2742 6118
f 6129 6118 6125
f 3519 6132 6121
f 6121 6132 6126
f 6124 6127 6117
f 6124 6122 6127
f 6122 6130 6128
f 3528 6131 3529
f 6131 3519 3529
f 6132 3519 6131
f 6124 6126 6132
f 6134 6122 6124
f 6128 6130 6129
f 3544 6131 3528
f 3544 6132 6131
f 6134 6132 3544
f 6134 6124 6132
f 6136 6133 6130
f 6130 6133 6129
f 6129 6133 2755
f 2750 2746 6129
f 2755 2750 6129
f 6122 6135 6136
f 6134 6135 6122
f 6136 6130 6122
f 6138 6133 6137
f 6133 6136 6137
f 2758 2754 6138
f 2754 6133 6138
f 2755 6133 2754
f 3544 3543 6141
f 6134 6139 6140
f 6135 6140 6136
f 6140 6135 6134
f 6137 2758 6138
f 3558 6141 3543
f 6139 6134 3544
f 6142 6136 6140
f 2758 6137 2775
f 6142 2775 6137
f 6136 6142 6137
f 6139 6141 6143
f 6141 6139 3544
f 6140 6143 6144
f 6139 6143 6140
f 2775 6142 6144
f 6144 6142 6140
f 6141 3558 6145
f 6146 6143 6141
f 2807 6144 6147
f 6144 6148 6147
f 6148 6144 6146
f 6144 6143 6146
f 6144 2807 2775
f 3558 3567 6145
f 2807 6147 6149
f 6149 6147 6150
f 6146 6141 6145
f 6150 6147 6148
f 6150 6148 6151
f 6148 6146 6151
f 2820 6153 6152
f 2819 6153 2820
f 6152 6153 6154
f 2819 2807 6153
f 6154 6153 6149
f 6153 2807 6149
f 6154 6149 6155
f 6155 6149 6150
f 6150 6156 6155
f 6146 6145 6157
f 6158 6156 6150
f 6158 6150 6151
f 6151 6146 6157
f 6152 2834 2820
f 6152 6154 2834
f 6154 6155 2834
f 6145 4857 4859
f 3567 4857 6145
f 2834 6155 4860
f 6145 4859 6157
f 4859 4861 6157
f 4860 6155 4863
f 4863 6156 6158
f 4863 6155 6156
f 6158 6151 4863
f 4863 6151 4864
f 4864 6151 6157
f 4861 4864 6157
f 1522 560 1517
f 573 567 6159
f 560 6159 567
f 1524 1526 6160
f 6160 1522 1524
f 560 6160 6159
f 1522 6160 560
f 580 573 6159
f 1526 1528 6161
f 6161 6165 1526
f 6162 6160 6165
f 6165 6160 1526
f 6162 6159 6160
f 6159 6162 6163
f 589 580 6159
f 1529 6165 1528
f 6165 6161 1528
f 6162 6164 6163
f 6163 589 6159
f 1382 6165 1529
f 6166 6162 6165
f 6162 6166 6164
f 6164 6167 6163
f 6168 589 6167
f 6167 589 6163
f 1387 6169 1382
f 1382 6169 6165
f 6166 6165 6170
f 6166 6171 6164
f 6164 6171 6167
f 6172 6173 6168
f 6172 6168 6167
f 6172 6167 6171
f 6173 589 6168
f 6169 1387 1395
f 1395 6165 6169
f 5986 6165 1395
f 5986 6170 6165
f 5986 6174 6170
f 6170 6174 6166
f 6166 6174 6171
f 6173 6172 609
f 603 589 6173
f 603 6173 609
f 5984 1395 1399
f 5986 1395 5984
f 5988 5987 5986
f 5987 5990 5986
f 6174 5990 5989
f 5990 6174 5986
f 5991 6174 5989
f 5991 5992 6174
f 5992 6171 6174
f 5992 5993 6171
f 6171 5993 6172
f 609 5993 6000
f 6172 5993 609
f 5934 5938 6175
f 6176 5939 745
f 5941 6176 5938
f 5939 6176 5941
f 6178 6179 6177
f 6177 6179 5946
f 5947 5946 6180
f 5946 6179 6180
f 6180 5954 5947
f 6179 6181 6180
f 6181 5954 6180
f 6183 6179 6182
f 6179 6178 6182
f 6179 6183 6181
f 6181 5960 5954
f 6184 6181 6183
f 6184 6183 6185
f 5963 5960 6184
f 5960 6181 6184
f 6186 6184 6185
f 5968 6184 6187
f 5968 5963 6184
f 6187 6184 6186
f 6187 6186 6188
f 5968 6187 6189
f 5968 6189 5975
f 6189 6187 6188
f 5975 6189 5979
f 5974 5979 5981
f 5979 6190 5981
f 6190 5983 5981
f 6190 6192 5983
f 6192 6190 6193
f 6189 6194 5979
f 5979 6194 6190
f 6190 6194 6193
f 6189 6191 6194
f 333 5983 6195
f 5983 6192 6196
f 6196 6197 5983
f 6192 6193 6196
f 6196 6193 6199
f 6194 6200 6198
f 6194 6198 6193
f 6193 6198 6199
f 6202 6203 6201
f 6206 6207 6202
f 6203 6202 6207
f 6203 6207 6201
f 6207 1684 6201
f 6204 6208 6205
f 6205 6208 6209
f 6210 6205 6209
f 6206 6205 6210
f 6211 1684 6207
f 6204 1610 6212
f 6208 6204 6212
f 6212 6213 6208
f 6208 6213 6209
f 6213 6210 6209
f 6210 6207 6206
f 6210 6217 6207
f 6217 6214 6207
f 6214 6211 6207
f 1684 6211 6214
f 1684 6214 6215
f 6217 6210 6213
f 6217 6215 6214
f 6216 6213 6212
f 6213 6218 6217
f 1697 1684 6215
f 6213 6216 6219
f 6218 6213 6219
f 6220 6217 6218
f 6220 1334 6217
f 1334 6215 6217
f 1334 1697 6215
f 1334 1700 1697
f 6219 6216 1333
f 1333 6218 6219
f 1333 1334 6218
f 1334 6220 6218
f 1335 1337 1334
f 1337 1700 1334
f 3633 3658 3655
f 6221 3671 3655
f 6222 3655 3658
f 3659 6222 3658
f 6221 3655 6223
f 3655 6224 6223
f 3655 6222 6224
f 6222 3659 6224
f 3659 5254 6224
f 6223 6224 5254
f 3671 3677 3670
f 3671 6230 3677
f 6221 6230 3671
f 3677 6230 6231
f 6221 6225 6230
f 6221 6223 6225
f 6231 6230 6232
f 6230 6225 6226
f 6223 5254 6233
f 5254 5255 6233
f 6230 6226 6232
f 6225 6223 6226
f 6223 6228 6226
f 6234 6228 6223
f 6223 6233 6234
f 6232 6235 6231
f 6226 6227 6232
f 6228 6234 6236
f 6233 6236 6234
f 6227 6237 6232
f 6227 6226 6237
f 6228 6229 6226
f 6228 6236 6229
f 6235 6232 6239
f 6232 6237 6239
f 6226 6240 6237
f 6226 6229 6240
f 6229 6241 6240
f 6229 6236 6241
f 6236 6242 6241
f 6239 6238 6235
f 6240 6241 6237
f 6242 6243 6241
f 6242 6244 6243
f 6239 6237 6247
f 6246 6245 6239
f 6241 6243 6248
f 6249 6246 6239
f 6239 6247 6249
f 6241 6248 6250
f 6243 6251 6248
f 6243 6244 6251
f 6244 5262 6251
f 6248 6252 6250
f 5262 6253 6251
f 6253 6254 6251
f 3677 3987 3679
f 3677 6231 3987
f 3987 6231 3988
f 6231 6235 3988
f 6233 6255 6236
f 5272 6255 6233
f 5255 5272 6233
f 3988 6235 6256
f 6235 6238 6256
f 6236 6255 6242
f 6238 6257 6256
f 6238 6239 6257
f 6242 6255 6244
f 6255 5272 6244
f 5272 5262 6244
f 6257 6239 6258
f 6239 6245 6258
f 6245 6246 6258
f 6237 6259 6247
f 6237 6241 6259
f 6259 6250 6247
f 6241 6250 6259
f 6249 6260 6246
f 6249 6247 6260
f 6247 6250 6261
f 6250 6262 6261
f 6253 5262 5277
f 6247 6261 6260
f 6250 6263 6262
f 6252 6263 6250
f 6264 6252 6248
f 6251 6264 6248
f 6251 6254 6264
f 5277 5284 6253
f 6261 6265 6260
f 6261 6262 6265
f 6263 3683 6262
f 6263 6252 3683
f 6252 3685 3683
f 6252 6264 3685
f 6254 6266 6264
f 6266 3685 6264
f 6254 6253 6266
f 5284 3686 6253
f 5284 3687 3686
f 6260 6265 3681
f 6265 3682 3681
f 6265 6262 3682
f 6262 3683 3682
f 6266 6253 3685
f 6253 3686 3685
f 3988 6267 3998
f 3988 3998 3993
f 3988 6256 6267
f 6256 6268 6267
f 6268 6256 6269
f 6269 6256 6257
f 6258 6269 6257
f 6269 6258 6270
f 6270 6258 6246
f 6246 6271 6270
f 6271 6246 6260
f 6271 6260 6272
f 6260 6273 6272
f 6272 6273 6274
f 6260 6274 6273
f 6274 6260 3694
f 6260 3695 3694
f 6260 3681 3695
f 3998 6267 4000
f 6267 6275 4000
f 6267 6268 6275
f 6268 6269 6275
f 4000 6275 4001
f 6275 6269 4001
f 6276 6269 6270
f 6271 6276 6270
f 6276 6271 6277
f 6277 6271 6272
f 6277 6272 6274
f 6274 3707 6277
f 6274 3694 3707
f 6269 6278 4001
f 4002 4001 6278
f 6269 6276 6278
f 4002 6279 4009
f 4002 6278 6279
f 6278 6276 6279
f 4009 6279 4014
f 4014 6279 6277
f 6277 6279 6276
f 3719 6277 3707
f 4014 6277 3729
f 6277 3719 3729
f 3729 3736 4014
f 2157 2163 5736
f 3868 2157 5736
f 3862 3868 6280
f 5736 6281 3868
f 6281 6282 3868
f 6282 6280 3868
f 3862 6280 3869
f 3865 6283 3866
f 6283 4602 3866
f 5741 6284 5736
f 5736 6284 6281
f 6281 6285 6282
f 6286 3869 6280
f 4602 6283 4620
f 6285 6281 6284
f 6284 6282 6285
f 3869 6286 3874
f 3875 3874 6286
f 3875 6283 3865
f 4620 6283 6287
f 6288 6284 5741
f 6282 6289 6280
f 6289 6286 6280
f 6283 3875 6287
f 5754 6288 5741
f 6290 6284 6288
f 6290 6282 6284
f 6282 6290 6291
f 6289 6282 6291
f 6291 6292 6289
f 6292 6286 6289
f 6292 3875 6286
f 6287 3875 6293
f 6287 6293 4620
f 6294 5754 5757
f 6288 5754 6294
f 6294 6290 6288
f 6290 6292 6291
f 6290 6297 6292
f 3875 6297 6295
f 6292 6297 3875
f 6295 6293 3875
f 4632 4620 6295
f 6295 4620 6293
f 5761 6296 5757
f 6296 6294 5757
f 6290 6294 6296
f 6297 6290 6296
f 6296 5761 5766
f 6298 6296 5766
f 6299 6296 6298
f 6296 6299 6297
f 6300 6297 6299
f 6295 6297 6300
f 6300 4632 6295
f 6298 5766 998
f 999 6298 998
f 6301 6298 999
f 6298 6301 6299
f 6299 6301 999
f 1000 6299 999
f 6299 1000 6300
f 1000 1001 6300
f 6300 1001 4632
f 1001 1002 4632
f 4632 1002 1003
f 4632 1003 4640
f 620 4571 6302
f 4571 4563 6302
f 4572 6302 4563
f 6303 4572 6304
f 6302 4572 6303
f 4572 4568 6304
f 4568 6305 6304
f 6305 4568 4573
f 4573 4566 646
f 646 4566 647
f 625 620 6306
f 620 6302 6306
f 6306 6302 6303
f 6307 6303 6308
f 6303 6309 6308
f 6309 6303 6304
f 6305 6309 6304
f 6309 6305 6310
f 6310 6305 4573
f 6311 6310 4573
f 646 6311 4573
f 634 625 6312
f 625 6306 6312
f 6306 6303 6312
f 6312 6303 6307
f 6307 6313 6312
f 6308 6313 6307
f 6313 6308 6314
f 6314 6315 6316
f 6308 6315 6314
f 6309 6317 6308
f 6308 6317 6315
f 6317 6310 6318
f 6309 6310 6317
f 6310 6319 6318
f 6318 6319 6320
f 6310 6311 6319
f 6319 6311 6320
f 6320 646 653
f 6311 646 6320
f 6321 6312 6322
f 6312 6313 6322
f 6313 6323 6322
f 6323 6313 6314
f 6323 6314 6324
f 6324 6314 6316
f 6324 6316 6315
f 6325 6315 6317
f 6325 6324 6315
f 6317 6318 6325
f 6325 6318 6326
f 6318 6320 6326
f 6326 6320 6327
f 6327 6328 657
f 6320 6328 6327
f 653 6328 6320
f 6328 653 657
f 637 634 6329
f 6329 634 6312
f 6321 6329 6312
f 6329 6321 6322
f 6329 6322 6330
f 6330 6322 6323
f 6331 6330 6323
f 6324 6331 6323
f 6325 6331 6324
f 6333 6332 6325
f 6326 6333 6325
f 6333 6326 6334
f 6326 6327 6334
f 4912 661 660
f 4912 6335 661
f 6327 657 6334
f 6334 657 662
f 638 637 6336
f 637 6329 6336
f 6337 6329 6330
f 6330 6331 6338
f 6338 6331 6339
f 6331 6325 6339
f 6325 6332 6339
f 6339 6332 6340
f 6340 6332 6342
f 6342 6332 6333
f 6341 6345 6344
f 6346 6342 6347
f 6342 6334 6347
f 6342 6333 6334
f 4910 6343 4912
f 6343 6335 4912
f 6344 6345 6348
f 6345 6346 6348
f 6346 6347 6348
f 6344 661 6343
f 6344 6348 661
f 6348 6347 666
f 6347 6349 666
f 6347 6334 6349
f 661 6335 6343
f 6348 666 661
f 6349 662 666
f 6334 662 6349
f 6350 638 6336
f 6350 6336 6351
f 6351 6336 6329
f 6352 6351 6329
f 6352 6329 6353
f 6353 6329 6337
f 6353 6337 6354
f 6354 6330 6355
f 6354 6337 6330
f 6330 6338 6355
f 6339 6355 6338
f 6355 6339 6356
f 6357 6358 6341
f 6358 6355 6356
f 6339 6340 6356
f 6357 6344 6359
f 6344 6357 6341
f 6341 6358 6345
f 6358 6356 6345
f 6356 6346 6345
f 6356 6340 6346
f 6340 6342 6346
f 6343 4910 6359
f 6344 6343 6359
f 639 638 6350
f 6352 6360 6350
f 6351 6352 6350
f 6360 6352 6353
f 6354 6361 6360
f 6353 6354 6360
f 6361 6354 6355
f 6362 6361 6363
f 6361 6355 6363
f 6364 6362 6365
f 6365 6362 6366
f 6355 6366 6363
f 6366 6362 6363
f 6358 6357 6364
f 6365 6358 6364
f 6366 6358 6365
f 6366 6355 6358
f 4910 4916 6359
f 4916 6367 6359
f 6367 6357 6359
f 6350 641 640
f 639 6350 640
f 641 6350 6360
f 6368 6360 6361
f 6368 6361 6369
f 6362 6370 6369
f 6369 6361 6362
f 6370 6362 6364
f 6364 6357 6371
f 6372 6367 4916
f 6373 643 641
f 6360 6373 641
f 6360 6368 6373
f 6368 6374 6373
f 6369 6375 6374
f 6368 6369 6374
f 6369 6370 6375
f 6367 6371 6357
f 4916 4919 6372
f 6373 6376 643
f 6376 6373 6374
f 6370 6377 6378
f 6375 6370 6378
f 6371 6380 6364
f 6370 6380 6377
f 6370 6364 6380
f 6379 6371 6367
f 4919 6367 6372
f 644 643 6381
f 6381 643 6376
f 6381 6376 6374
f 6381 6374 6375
f 6371 6379 6380
f 6380 6379 6377
f 645 644 6384
f 6384 644 6381
f 6378 6377 6379
f 6367 6382 6379
f 6383 6367 4919
f 6382 6367 6383
f 6386 6381 6375
f 6379 6375 6378
f 6379 6382 6387
f 6383 6388 6382
f 6382 6388 6387
f 4919 4921 6389
f 6389 6383 4919
f 6384 6381 6385
f 6386 6385 6381
f 6386 6375 6390
f 6391 6375 6379
f 6391 6390 6375
f 6392 6379 6387
f 6391 6379 6392
f 6387 6388 6392
f 6383 6393 6388
f 6393 6392 6388
f 6394 6389 4930
f 6389 4921 4930
f 6394 6383 6389
f 2853 2852 6384
f 6385 2853 6384
f 2853 6385 6386
f 2853 6390 2855
f 6386 6390 2853
f 6391 2855 6390
f 6392 2855 6391
f 6392 2857 2855
f 6393 6383 6394
f 2858 6393 6394
f 6393 2858 2857
f 6392 6393 2857
f 6394 4930 4932
f 2858 6394 4932
f 2858 4932 711
f 6395 6396 6397
f 6396 6398 6397
f 6396 6399 6398
f 6401 6400 6395
f 6401 6395 6397
f 6397 6398 6401
f 6402 6398 6399
f 6403 6395 449
f 6403 6396 6395
f 6403 6404 6396
f 6404 6399 6396
f 6404 6405 6399
f 451 449 6395
f 6405 6406 6399
f 451 6395 6400
f 451 6400 6408
f 6409 6400 6401
f 6409 6408 6400
f 6399 6406 6402
f 6406 6411 6402
f 6407 6411 6406
f 457 6413 6403
f 6413 6412 6403
f 6404 6403 6412
f 6404 6414 6405
f 6405 6415 6406
f 6415 6417 6406
f 6415 6416 6417
f 6420 6407 6406
f 6420 6406 6417
f 455 451 6418
f 6418 451 6408
f 6409 6418 6408
f 6418 6409 6410
f 6418 6410 6419
f 6419 6410 6421
f 6419 6421 6422
f 6407 6422 6421
f 6407 6420 6422
f 6424 6423 6412
f 6424 6413 457
f 6424 6412 6413
f 6423 6425 6412
f 6425 6404 6412
f 6414 6425 6426
f 6425 6414 6404
f 6426 6427 6414
f 6414 6427 6405
f 6405 6427 6415
f 6427 6429 6415
f 6427 6428 6429
f 6416 6415 6430
f 6429 6430 6415
f 6418 6431 464
f 6420 6430 6433
f 6420 6416 6430
f 6420 6417 6416
f 455 6418 464
f 6419 6431 6418
f 6431 6419 6432
f 6432 6419 6422
f 6432 6420 6433
f 6422 6420 6432
f 6434 6423 6445
f 6434 6435 6423
f 465 6445 6424
f 6445 6423 6424
f 6435 6425 6423
f 6435 6437 6425
f 6435 6436 6437
f 6437 6426 6425
f 6437 6436 6426
f 6436 6438 6426
f 6440 6428 6439
f 6439 6428 6427
f 6442 6428 6440
f 6442 6429 6428
f 473 6443 6441
f 6441 6443 6451
f 6432 6444 6451
f 6442 6430 6429
f 6443 473 464
f 6451 6443 464
f 6431 6451 464
f 6431 6432 6451
f 6444 6432 6433
f 6442 6444 6433
f 6430 6442 6433
f 6445 6446 6434
f 6446 6447 6434
f 6447 6448 6436
f 6448 6456 6436
f 6456 7754 6436
f 6447 6435 6434
f 6447 6436 6435
f 7754 6438 6436
f 481 6441 6449
f 6449 6441 6451
f 6449 6451 6450
f 6451 6459 6450
f 6440 6454 6453
f 481 483 473
f 473 6441 481
f 6459 6451 6444
f 6459 6444 6452
f 6452 6444 6442
f 6453 6452 6442
f 6440 6453 6442
f 6455 6446 6445
f 6446 6448 6447
f 484 6455 465
f 6455 6445 465
f 6449 6450 6457
f 6457 6450 6458
f 6458 6450 6459
f 490 481 6449
f 6449 6457 490
f 6459 6452 6460
f 6453 6460 6452
f 6454 6460 6453
f 6463 6457 6461
f 6461 6457 6458
f 6461 6458 6462
f 500 490 6457
f 500 6457 6463
f 6458 6459 6464
f 6464 6459 6468
f 6459 6460 6468
f 6461 6465 510
f 510 500 6463
f 6463 6461 510
f 6462 6465 6461
f 6462 6458 6466
f 6466 6458 6467
f 6467 6458 6464
f 6467 6464 6468
f 6470 510 6471
f 6471 510 6469
f 6469 510 6462
f 6469 6466 6472
f 6462 6466 6469
f 6466 6467 6472
f 510 6470 518
f 6462 510 6465
f 6473 6472 6467
f 6473 6467 6468
f 526 6470 6474
f 6470 6471 6474
f 6471 6469 6474
f 6469 6475 6474
f 6475 6472 6476
f 6469 6472 6475
f 6476 6472 6477
f 6477 6472 6478
f 6472 6473 6478
f 6470 526 518
f 6473 6468 6478
f 6478 6468 6479
f 1976 6475 1978
f 6475 6476 1978
f 1978 6477 1979
f 6476 6477 1978
f 6477 6478 1979
f 1979 6478 1975
f 1975 6478 6480
f 538 526 6474
f 538 6474 1981
f 1981 6474 1982
f 6475 1976 1982
f 6475 1982 6474
f 1980 1981 1991
f 1991 1981 1992
f 1997 1992 6481
f 6481 1992 2001
f 1992 1998 2001
f 1997 6481 2001
f 6485 6482 1864
f 6482 1866 1864
f 6485 1866 6482
f 6485 6483 1866
f 1863 6485 1864
f 6484 6486 6485
f 6485 6486 6483
f 6493 1863 3813
f 5474 6488 6487
f 6485 6489 6484
f 6489 6490 6484
f 1863 6509 6485
f 1863 6493 6509
f 6486 6484 6483
f 6484 6492 6483
f 6492 1876 6483
f 6492 6501 1876
f 5473 6487 6494
f 5474 6487 5473
f 5474 5475 6488
f 6487 6488 6494
f 5475 6495 6488
f 6494 6488 6496
f 6488 6497 6489
f 6488 6495 6497
f 6488 6489 6496
f 6491 6489 6497
f 6490 6489 6491
f 6495 6491 6497
f 6489 6498 6496
f 6490 6491 6499
f 6500 6498 6485
f 6498 6489 6485
f 6484 6490 6499
f 6509 6500 6485
f 6492 6484 6499
f 5475 2371 6503
f 5473 6502 5491
f 5475 6503 6495
f 6503 2371 6504
f 2371 6505 6504
f 6494 6506 5473
f 6503 6504 6495
f 6495 6504 6507
f 6494 6496 6506
f 6506 6496 6508
f 6495 6507 6491
f 6508 6496 6500
f 6496 6498 6500
f 6491 6507 6499
f 6509 6508 6500
f 6499 6507 6492
f 6507 6510 6492
f 6510 6511 6492
f 6511 6501 6492
f 5473 6512 6502
f 6512 5473 6506
f 6508 6516 6514
f 6506 6508 6514
f 6507 6515 6517
f 6516 6508 6509
f 6509 6493 3824
f 6507 6517 6510
f 6517 6518 6510
f 5502 6502 6519
f 6502 6512 6519
f 6520 6519 6512
f 6520 6512 6521
f 6512 6506 6521
f 6520 6521 6522
f 6521 6506 6522
f 6514 6522 6506
f 3824 3829 6516
f 6509 3824 6516
f 5502 6519 3835
f 3836 3835 6519
f 6519 6520 3836
f 3836 6522 3837
f 6520 6522 3836
f 6522 6514 3837
f 6516 3838 6514
f 3838 3837 6514
f 6516 3829 3838
f 6511 6510 6525
f 6525 6527 6528
f 6526 6525 6528
f 6523 6528 6527
f 6523 6527 6529
f 6525 6501 6511
f 2658 6501 6525
f 2659 2658 6525
f 6526 2659 6525
f 6528 2659 6526
f 2660 2659 6528
f 6524 6528 6523
f 6524 2660 6528
f 2671 6523 6529
f 2671 2660 6523
f 6524 6523 2660
f 2373 6530 2372
f 2371 6531 6505
f 6532 2389 2372
f 2371 2389 6531
f 2389 6532 6531
f 6504 6505 6507
f 6505 6531 6507
f 6531 6534 6533
f 6507 6531 6513
f 6531 6533 6513
f 6510 6518 6525
f 6518 6535 6525
f 6535 6536 6525
f 6536 6537 6529
f 6527 6525 6536
f 6529 6527 6536
f 6537 6538 6539
f 6537 2671 6529
f 2671 6537 2661
f 6537 6539 2661
f 6539 2676 2661
f 6539 2677 2676
f 6530 2373 4219
f 6530 6532 2372
f 6531 6532 6534
f 6530 6540 6532
f 6530 4219 6540
f 6534 6532 6542
f 6532 6540 6542
f 6507 6513 6533
f 6542 6533 6534
f 6541 6542 6540
f 6540 6543 6541
f 6515 6507 6533
f 6533 6544 6515
f 6533 6542 6544
f 6541 6543 6545
f 6546 6517 6515
f 6515 6547 6546
f 6515 6535 6547
f 6518 6517 6546
f 6546 6547 6518
f 6547 6535 6518
f 6535 6548 6536
f 6548 6549 6536
f 6549 6538 6536
f 6549 6550 6538
f 6537 6536 6538
f 6539 6538 6550
f 2677 6539 6550
f 4220 6540 4219
f 6543 6540 4220
f 6542 6551 6544
f 6542 6552 6551
f 6542 6541 6552
f 4220 4221 6543
f 6544 6551 6553
f 6541 6545 6552
f 6535 6544 6553
f 6515 6544 6535
f 6553 6551 6535
f 6551 6548 6535
f 6551 6552 6548
f 6552 6545 6548
f 6545 6554 6548
f 4221 4222 6543
f 6548 6554 6549
f 6554 6545 6549
f 6545 6543 6549
f 6549 6543 6550
f 4222 4223 6550
f 6543 4222 6550
f 6550 4223 4224
f 2677 6550 4224
f 6555 5804 5796
f 5796 5803 6555
f 5803 4487 4488
f 5804 6555 6556
f 6556 6555 6557
f 4488 4507 5803
f 6557 6555 6558
f 5803 6558 6555
f 5803 4507 6559
f 6560 6558 5803
f 5803 6559 6560
f 6558 6560 6561
f 6561 6560 6559
f 6561 6559 6562
f 6562 6559 4511
f 4511 6559 4507
f 4507 4510 4511
f 4893 5804 6556
f 4894 6558 6561
f 6561 6562 6563
f 4511 6563 6562
f 4892 5809 5804
f 4892 5804 4893
f 6557 4893 6556
f 4893 6557 4894
f 6557 6558 4894
f 4894 6561 6563
f 4894 6563 1205
f 1588 6564 1591
f 6564 1588 3121
f 3121 6565 6564
f 6565 1591 6564
f 1605 1591 6565
f 1597 6566 1609
f 6566 6567 1609
f 1609 6567 1610
f 1605 6568 1606
f 1605 6565 6568
f 6569 1607 1606
f 6569 1597 1607
f 1610 6567 6212
f 3121 6570 6565
f 6570 6568 6565
f 1606 6568 6570
f 1597 6569 1606
f 1606 6571 1597
f 1597 6571 6566
f 6566 6573 6567
f 6573 6212 6567
f 6573 6216 6212
f 3130 6572 3121
f 6571 1606 6570
f 6573 6566 6571
f 6574 6216 6573
f 3130 6575 6572
f 6575 3121 6572
f 6575 6570 3121
f 6575 6571 6570
f 6576 6577 6573
f 6577 6574 6573
f 6216 6574 6577
f 1359 1360 3130
f 1360 6575 3130
f 1360 1361 6575
f 1361 6571 6575
f 1361 1362 6571
f 1362 6573 6571
f 1362 6576 6573
f 1362 1364 6576
f 1364 6577 6576
f 6577 1364 1333
f 6577 1333 6216
f 2858 711 2859
f 711 712 2859
f 2859 6579 2865
f 6578 2865 6579
f 2859 712 713
f 6579 6581 6578
f 2859 713 6579
f 6579 713 6581
f 713 714 6581
f 6581 715 6580
f 715 6581 714
f 6580 715 2426
f 2426 715 710
f 2855 2859 2865
f 2865 6581 2864
f 2862 2864 2866
f 6578 6581 2865
f 2443 2866 2436
f 2864 6581 2866
f 2866 6581 6580
f 2866 6580 2436
f 2436 6580 2426
f 1613 1611 6582
f 6582 4289 1613
f 1613 4289 1264
f 5856 2493 5861
f 5861 2493 6583
f 2493 2506 2518
f 2493 2518 6583
f 5868 5861 6584
f 6584 5861 6585
f 5861 6583 6585
f 5868 6584 6586
f 6583 2518 6588
f 6586 6584 6589
f 6590 6589 6585
f 6585 6589 6584
f 6591 6586 6589
f 6593 2096 6592
f 2096 6587 6592
f 3103 2096 6593
f 6583 6594 6585
f 6590 6591 6589
f 6593 6592 6595
f 3104 3103 6593
f 6583 6588 6594
f 6590 6585 6596
f 6585 6594 6596
f 6590 6596 6597
f 6590 6597 6591
f 6592 6591 6597
f 6595 6592 6598
f 6598 6599 6595
f 6599 6593 6595
f 3104 6593 6599
f 6596 6594 6605
f 6594 6600 6605
f 6601 6592 6597
f 6598 6592 6601
f 6599 6598 6602
f 6599 6602 6603
f 6603 3108 6599
f 3108 3104 6599
f 6594 6588 2518
f 6605 6600 6604
f 6604 6600 6594
f 6597 6596 6606
f 6605 6606 6596
f 6597 6606 6601
f 6607 6598 6601
f 6602 6598 6607
f 6603 6602 6607
f 3108 6603 6607
f 2518 6604 6594
f 6606 6604 6608
f 6606 6605 6604
f 6606 6608 6601
f 3111 3108 6607
f 2518 2525 6604
f 6604 6609 6608
f 6601 3111 6607
f 6610 6609 6604
f 6608 6609 6610
f 6601 6608 6612
f 6608 6611 6612
f 2525 2526 2528
f 2525 2528 6613
f 6613 6604 2525
f 6604 6613 6614
f 6604 6614 6610
f 6611 6608 6610
f 6611 3111 6612
f 3111 6601 6612
f 6615 6611 6610
f 6611 6615 3111
f 6615 6616 3111
f 6616 3124 3111
f 6613 2528 1400
f 6614 6613 1400
f 1401 6610 6614
f 3265 2528 2529
f 3265 1400 2528
f 1400 1401 6614
f 1401 6615 6610
f 1401 1402 6615
f 1402 6616 6615
f 6616 1402 1403
f 1403 3124 6616
f 609 6000 613
f 614 6617 6618
f 613 6617 614
f 6618 6619 614
f 6619 615 614
f 6619 616 615
f 616 6620 617
f 6622 617 6621
f 613 6623 6617
f 6617 6623 6618
f 6619 6618 6623
f 6625 6626 6624
f 6628 6619 6623
f 616 6619 6628
f 6629 6626 6625
f 6626 6629 6627
f 6626 6627 6628
f 6628 6627 6630
f 6630 616 6628
f 6627 6631 6632
f 6627 6632 6630
f 6620 616 6630
f 6631 6633 6632
f 6632 6633 6630
f 617 6620 6630
f 6631 3577 6633
f 6630 6633 6621
f 6630 6621 617
f 3577 6634 6633
f 6000 6005 613
f 6635 6637 6636
f 6636 6637 6005
f 6005 6638 613
f 6005 6637 6639
f 6005 6639 6638
f 6638 6639 6640
f 6623 613 6640
f 6640 613 6638
f 6637 6641 6639
f 6640 6639 6642
f 6639 6641 6624
f 6639 6624 6642
f 6623 6640 6643
f 6641 6644 6645
f 6641 6645 6624
f 6642 6624 6643
f 6645 6644 6624
f 6624 6646 6643
f 6643 6646 6623
f 6625 6624 6647
f 6647 6624 6644
f 6626 6646 6624
f 6644 3580 6647
f 6626 6628 6646
f 6646 6628 6623
f 3580 3577 6647
f 6625 6647 6629
f 6647 6648 6629
f 6629 6648 6627
f 3577 6631 6647
f 6647 6631 6648
f 6631 6627 6648
f 6012 6649 6013
f 6013 6649 6635
f 6013 6635 6636
f 6013 6010 6011
f 6013 6636 6010
f 6636 6005 6010
f 6649 6012 6635
f 6012 6650 6637
f 6637 6635 6012
f 6650 3583 6637
f 6637 3583 6641
f 6643 6640 6642
f 6641 3583 6644
f 3584 3585 3583
f 3583 3585 6644
f 3580 6644 3585
f 6012 3595 6650
f 6650 3595 3583
f 375 376 6651
f 376 6652 6651
f 5510 375 6651
f 6656 6652 377
f 6653 6656 379
f 379 6656 377
f 6654 6653 379
f 740 6654 374
f 379 374 6654
f 6655 6651 6652
f 743 6657 6654
f 6654 6657 6653
f 6657 6656 6653
f 740 743 6654
f 6655 5523 6651
f 6656 6655 6652
f 6657 743 747
f 6659 6658 6656
f 6656 6658 6655
f 6663 6657 747
f 6658 5523 6655
f 6658 6659 6664
f 6663 6660 6657
f 6656 6657 6660
f 6656 6660 6661
f 6659 6656 6661
f 6663 747 753
f 344 342 6662
f 342 5523 6662
f 5523 6658 6662
f 6663 6659 6661
f 6661 6660 6663
f 6664 344 6658
f 6658 344 6662
f 6665 6659 6663
f 6664 6659 6665
f 6665 6663 759
f 6663 753 759
f 6666 344 6664
f 6664 6667 6666
f 6664 6665 6667
f 6670 6666 6667
f 6670 6667 6668
f 6668 6665 6669
f 6668 6667 6665
f 6665 759 6669
f 6670 353 6666
f 759 779 6669
f 6669 779 6668
f 353 6671 359
f 353 6670 6671
f 6670 6672 6671
f 6670 6668 6672
f 779 6672 6668
f 6671 5362 359
f 5363 5362 6672
f 5362 6671 6672
f 788 5363 779
f 779 5363 6672
f 1874 1469 1873
f 6673 1874 1871
f 1883 6673 1871
f 6675 6673 1883
f 1883 1882 6675
f 1469 1874 1471
f 1882 1893 6674
f 6675 1882 6674
f 1874 1478 1471
f 6676 1478 1874
f 1874 6673 6676
f 6675 6676 6673
f 6677 6674 1893
f 2668 6677 1893
f 6676 6678 1478
f 6676 6675 6679
f 6677 6680 6674
f 6681 6679 6675
f 6675 6674 6682
f 6681 6675 6682
f 6682 6674 6680
f 6677 2668 6680
f 2668 5876 6680
f 2668 5875 5876
f 6683 6676 6679
f 6681 6683 6679
f 6678 6676 6683
f 6685 6681 6682
f 6685 6682 6680
f 1490 1478 6678
f 5880 6680 5876
f 6685 6684 6681
f 5880 6685 6680
f 6686 6678 6687
f 6686 1490 6678
f 6683 6688 6678
f 6684 6683 6681
f 6685 5880 2237
f 1490 6686 2233
f 1141 1490 2233
f 6686 6687 2233
f 6678 2233 6687
f 2235 2233 6678
f 6688 2235 6678
f 6683 2235 6688
f 2238 6683 6684
f 2236 2238 6684
f 6685 2236 6684
f 6685 2234 2236
f 2237 2234 6685
f 2235 6683 2238
f 6694 6691 6689
f 6689 6691 6690
f 6691 6692 6690
f 6694 6695 6691
f 6692 6691 6695
f 6695 6696 6692
f 6693 6697 6694
f 6695 6698 6696
f 6695 6699 6698
f 6699 6696 6698
f 6700 6694 6697
f 6694 6700 6701
f 6695 6694 6701
f 6702 6695 6701
f 6706 6695 6702
f 6706 6699 6695
f 6706 6703 6699
f 6704 6699 6703
f 6696 6699 6704
f 6874 6705 6697
f 6705 6700 6697
f 6700 6705 6701
f 6705 6702 6701
f 6707 6703 6706
f 6707 6704 6703
f 6702 6705 6708
f 6702 6708 6709
f 6706 6702 6709
f 6707 6706 6709
f 6711 7458 6709
f 7458 6707 6709
f 6709 6708 6710
f 6709 6710 6711
f 6710 6712 6711
f 6713 4279 4275
f 4281 4279 6713
f 4281 6713 4280
f 6714 6177 5946
f 6717 6714 6716
f 6177 6714 6717
f 6717 6178 6177
f 6716 6718 6717
f 6717 6718 6719
f 6717 6719 6178
f 6720 6718 6716
f 6719 6718 6720
f 6721 6716 6715
f 6719 6182 6178
f 6716 6722 6723
f 6716 6723 6720
f 6719 6720 6182
f 6182 6720 6183
f 6720 6723 6724
f 6720 6724 6725
f 6183 6720 6725
f 6726 6727 6723
f 6724 6723 6728
f 6724 6728 6725
f 6727 6729 6723
f 6723 6729 6728
f 6727 6731 6729
f 6731 6732 6729
f 6728 6733 6730
f 6729 6732 6734
f 6729 6734 6728
f 6733 6728 6734
f 6734 6735 6733
f 6732 6736 6734
f 6748 6737 6732
f 6732 6738 6736
f 6732 6737 6738
f 6736 6738 6740
f 6736 6740 6739
f 6737 6741 6738
f 6738 6741 6740
f 6740 6742 6739
f 6716 6721 6743
f 6743 6744 6716
f 6716 6744 6722
f 6722 6744 6723
f 6744 6726 6723
f 6725 6745 6185
f 6183 6725 6185
f 6744 6758 6746
f 6745 6725 6728
f 6745 6728 6747
f 6744 6746 6726
f 6726 6746 6727
f 6728 6730 6747
f 6731 6727 6746
f 6748 6749 6746
f 6746 6732 6731
f 6730 6733 6747
f 6746 6749 6732
f 6750 6735 6751
f 6750 6733 6735
f 6732 6749 6748
f 6736 6752 6734
f 6751 6735 6752
f 6752 6735 6734
f 6736 6739 6752
f 6739 6753 6752
f 6743 6754 6755
f 6754 6757 6755
f 6755 6757 6743
f 6757 6758 6744
f 6743 6757 6744
f 6185 6745 6759
f 6754 6942 6757
f 6759 6745 6747
f 6942 6748 6757
f 6757 6748 6758
f 6758 6748 6746
f 6759 6747 6760
f 6760 6747 6733
f 6750 6761 6760
f 6760 6733 6750
f 6751 6761 6750
f 6762 6751 6752
f 6753 6763 6752
f 6752 6763 6762
f 6763 6753 6764
f 6764 6753 6739
f 6185 6188 6186
f 6760 6761 6765
f 6759 6760 6765
f 6751 6762 6761
f 6761 6762 6766
f 6763 6767 6766
f 6762 6763 6766
f 6767 6763 6764
f 6188 6185 6189
f 6185 6759 6768
f 6768 6759 6769
f 6769 6759 6770
f 6771 6770 6765
f 6770 6759 6765
f 6771 6765 6761
f 6773 6772 6766
f 6772 6761 6766
f 6774 6773 6767
f 6773 6766 6767
f 6185 6768 6189
f 6189 6768 6775
f 6768 6776 6775
f 6769 6777 6776
f 6769 6776 6768
f 6777 6769 6770
f 6770 6771 6778
f 6777 6770 6778
f 6771 6761 6778
f 6778 6761 6772
f 6772 6773 6779
f 6780 6779 6773
f 6780 6773 6774
f 6780 6774 6781
f 6775 6776 6191
f 6775 6191 6189
f 6776 6782 6191
f 6776 6777 6782
f 6777 6778 6782
f 6772 6783 6778
f 6778 6783 6782
f 6772 6784 6783
f 6779 6784 6772
f 6779 6780 6784
f 6781 6785 6780
f 6780 6785 6784
f 6782 6783 6787
f 6782 6787 6191
f 6783 6784 6787
f 6784 6788 6787
f 6784 6786 6788
f 6194 6191 6200
f 6200 6191 335
f 6191 6787 335
f 6788 6789 6787
f 6787 6789 335
f 6788 338 335
f 6788 335 6789
f 6788 339 338
f 6790 6791 4278
f 4278 6791 4275
f 4280 6792 4274
f 6792 5933 4274
f 6791 6790 6794
f 6794 6790 6793
f 6795 5935 5933
f 6792 6795 5933
f 6713 4275 6791
f 6713 6796 4280
f 6796 6795 4280
f 4280 6795 6792
f 6797 5940 6795
f 6795 5940 5935
f 6791 6796 6713
f 6795 6796 6797
f 6798 6794 6793
f 6798 6799 6794
f 6797 5942 5940
f 6799 6791 6794
f 6799 6800 6791
f 6791 6800 6796
f 6800 6797 6796
f 6801 6802 6793
f 6793 6802 6798
f 6798 6802 6799
f 6803 6799 6802
f 6799 6803 6800
f 6803 6716 6800
f 6800 6716 6797
f 6716 6714 6797
f 6797 5946 5942
f 6714 5946 6797
f 6804 6802 6801
f 6715 6716 6803
f 6803 6802 6805
f 6805 6721 6803
f 6721 6715 6803
f 7402 6804 6801
f 6806 6802 6804
f 6807 6805 6802
f 6807 6721 6805
f 6804 7402 6808
f 6806 6804 6808
f 6806 6807 6802
f 6806 6754 6807
f 6743 6807 6754
f 6721 6807 6743
f 6806 6808 6754
f 6810 6809 6811
f 6811 6809 6812
f 6810 6811 6813
f 6811 6814 6813
f 6811 6815 6814
f 6811 6816 6815
f 6815 6817 6814
f 6815 6816 6817
f 6818 6813 6814
f 6814 6817 6818
f 6809 6820 6819
f 6819 6821 6809
f 6822 6820 6809
f 6822 6809 6810
f 6812 6809 6821
f 6821 6823 6812
f 6810 6824 6822
f 6825 6812 6823
f 6811 6812 6825
f 6813 6824 6810
f 6826 6824 6813
f 6827 6811 6825
f 6816 6811 6827
f 6825 6838 6827
f 6826 6818 6828
f 6813 6818 6826
f 6816 6827 6817
f 6829 6818 6817
f 6817 6830 6829
f 6827 6830 6817
f 6819 6831 6832
f 6820 6822 6831
f 6819 6820 6831
f 6832 6821 6819
f 6833 6821 6832
f 6821 6833 6834
f 6834 6823 6821
f 6823 6834 6836
f 6835 6822 6824
f 6825 6823 6836
f 6836 6694 6825
f 6835 6824 6837
f 6825 6694 6838
f 6837 6824 6839
f 6839 6824 6826
f 6694 6689 6838
f 6838 6840 6827
f 6838 6689 6840
f 6828 6841 6826
f 6827 6840 6830
f 6690 6840 6689
f 6843 6842 6831
f 6831 6842 6832
f 6842 6844 6832
f 6845 6843 6831
f 6846 6845 6831
f 6822 6846 6831
f 6833 6832 6844
f 6846 6822 6835
f 6834 6833 6844
f 6844 6847 6834
f 6834 6847 6836
f 6847 6694 6836
f 6839 6826 6841
f 6848 6849 6842
f 6850 6848 6843
f 6848 6842 6843
f 6842 6849 6844
f 6850 6843 6845
f 6845 6846 6850
f 6844 6849 6847
f 6847 6849 6693
f 6694 6847 6693
f 6848 6852 6851
f 6848 6853 6852
f 6850 6854 6853
f 6848 6850 6853
f 6854 6850 6855
f 6855 6850 6835
f 6835 6850 6846
f 6693 6849 6697
f 6835 6837 6857
f 6857 6837 6839
f 6851 6852 6858
f 6848 6851 6858
f 6858 6852 6853
f 6859 6848 6858
f 6849 6848 6859
f 6849 6859 6860
f 6855 6861 6854
f 6855 6835 6861
f 6857 6856 6835
f 6857 6839 6841
f 6863 6858 6862
f 6864 6858 6853
f 6862 6858 6864
f 6863 6859 6858
f 6863 6865 6859
f 6859 6865 6860
f 6866 6854 6861
f 6865 6849 6860
f 6861 6835 6867
f 6865 6697 6849
f 6867 6835 6856
f 6857 6868 6856
f 6857 6841 6869
f 6870 6863 6862
f 6864 6853 6871
f 6871 6862 6864
f 6870 6862 6871
f 6870 6872 6863
f 6872 6865 6863
f 6853 6854 6873
f 6871 6853 6873
f 6865 6872 6874
f 6873 6854 6875
f 6875 6854 6866
f 6867 6875 6866
f 6861 6867 6866
f 6874 6697 6865
f 6867 6856 6868
f 6870 6871 6876
f 6872 6870 6876
f 6871 6873 6877
f 6876 6871 6877
f 6875 6878 6873
f 6877 6873 6878
f 6875 6867 6880
f 6874 6872 6881
f 6705 6874 6881
f 6882 6867 6868
f 6869 6868 6857
f 6869 6883 6868
f 6877 6872 6876
f 6878 6875 6877
f 6877 6879 6872
f 6879 6884 6872
f 6872 6884 6881
f 6875 6880 6885
f 6885 6880 6867
f 6881 6886 6705
f 6886 6708 6705
f 6885 6867 6882
f 6710 6708 6886
f 6887 6868 6883
f 6888 6879 6877
f 6888 6877 6889
f 6889 6877 6875
f 6884 6879 6890
f 6875 6885 6889
f 6881 6884 6890
f 6881 6890 6891
f 6886 6881 6891
f 6882 6892 6885
f 6893 6886 6891
f 6868 6892 6882
f 6892 6868 6887
f 6710 6886 6893
f 6894 6887 6883
f 6894 6895 6887
f 6895 6712 6893
f 6712 6710 6893
f 6888 6889 6896
f 6879 6888 6890
f 6890 6888 6896
f 6897 6890 6896
f 6890 6897 6898
f 6889 6885 6899
f 6898 6897 6896
f 6890 6898 6891
f 6885 6900 6899
f 6898 6901 6891
f 6892 6900 6885
f 6892 6902 6900
f 6901 6903 6891
f 6891 6903 6893
f 6887 6902 6892
f 6902 6887 6903
f 6903 6887 6895
f 6903 6895 6893
f 6889 6899 6896
f 6896 6899 6904
f 6896 6904 6898
f 6899 6900 6904
f 6898 6904 6901
f 6900 6902 6904
f 6903 6901 6902
f 6902 6901 6904
f 6908 6905 6907
f 6909 6908 6907
f 6910 6908 6909
f 6916 4276 4282
f 6905 6912 5033
f 5033 6912 6913
f 6905 6913 6912
f 6908 6913 6905
f 6914 6908 6910
f 6911 6915 6910
f 5035 5033 6917
f 6917 5033 6913
f 6917 6913 6908
f 5037 5035 6917
f 5037 6917 6920
f 6920 6917 6921
f 6917 6908 6914
f 6914 6910 6922
f 6922 6910 6915
f 6922 6915 6911
f 6922 6911 6923
f 6916 6923 6911
f 6923 6916 6918
f 6924 6923 6918
f 6916 6924 6918
f 6919 6924 6916
f 5038 5037 6920
f 5038 6920 6921
f 6921 6917 6925
f 6925 6917 6914
f 6925 6914 6922
f 6925 6922 6926
f 6926 6922 6923
f 5042 5038 6921
f 6923 6927 6926
f 6923 6929 6927
f 6924 6929 6923
f 6924 6928 6931
f 6924 6931 6929
f 6925 6926 6930
f 6930 6926 6927
f 6927 6929 6931
f 6927 6931 6930
f 6921 6932 5042
f 6933 6932 6921
f 6933 6921 6925
f 6934 6933 6925
f 6934 6925 6930
f 6930 6748 6934
f 6930 6935 6748
f 6935 6930 6931
f 6935 6931 6748
f 6748 6931 6936
f 6931 6737 6936
f 6936 6737 6748
f 6932 6937 5042
f 6937 5047 5042
f 6937 6932 6939
f 6939 6932 6933
f 6939 6933 6934
f 6934 6748 6939
f 5049 5050 6939
f 5050 5047 6937
f 5050 6937 6939
f 6938 6940 6941
f 6940 6939 6941
f 6941 6939 6942
f 6942 6939 6748
f 6756 6942 6754
f 6938 6941 6754
f 6754 6941 6756
f 6756 6941 6942
f 6919 6916 6943
f 6928 6924 6919
f 6928 6919 6943
f 6928 6944 6931
f 5219 6945 4277
f 5223 5217 5222
f 5222 5217 6946
f 6946 5217 4518
f 6916 4282 6945
f 5219 5221 6948
f 6948 5221 6949
f 5222 6950 5221
f 5222 6946 6950
f 6951 6946 4518
f 6943 6916 6945
f 6943 6945 6952
f 6945 5219 6952
f 6952 5219 6947
f 6947 5219 6953
f 6948 6953 5219
f 6953 6948 6949
f 6954 6949 5221
f 6954 5221 6950
f 6950 6955 6954
f 6955 6950 6946
f 6955 6946 6951
f 6955 6951 4524
f 4524 6951 4518
f 6928 6943 6952
f 6952 6956 6928
f 6952 6947 6956
f 6956 6947 6953
f 6957 6954 6958
f 6954 6955 6958
f 6958 6955 6959
f 6959 6955 6960
f 6960 6955 4524
f 6956 6953 6961
f 6953 6949 6962
f 6954 6962 6949
f 6962 6954 6963
f 6954 6957 6963
f 6963 6957 6964
f 6964 6957 6958
f 6964 6958 6959
f 6959 6960 6964
f 6960 4530 6965
f 6960 4524 4530
f 6928 6956 6966
f 6928 6966 6944
f 6966 6956 6961
f 6967 6961 6953
f 6967 6953 6962
f 6962 6968 6967
f 6968 6962 6969
f 6969 6962 6963
f 6969 6963 6964
f 4536 6965 4530
f 6965 4536 6960
f 6931 6944 6970
f 6966 6971 6944
f 6971 6966 6961
f 6971 6961 6967
f 6972 6967 6968
f 6972 6968 6969
f 6972 6969 6973
f 6973 6969 6964
f 6964 6974 6973
f 6974 6964 6960
f 6740 6741 6742
f 6739 6742 6975
f 6737 6931 6970
f 6737 6970 6741
f 6741 6970 6742
f 6944 6971 6970
f 6970 6971 6742
f 6742 6971 6976
f 6976 6971 6977
f 6977 6971 6967
f 6978 6967 6972
f 6978 6972 6979
f 6979 6972 6980
f 6980 6972 6973
f 6980 6973 6981
f 6982 6981 6973
f 6973 6974 6982
f 6982 6974 6983
f 6983 6974 6960
f 6983 6960 6984
f 6984 6960 4536
f 6975 6985 6739
f 6975 6986 6985
f 6986 6975 6742
f 6986 6742 6976
f 6986 6976 6995
f 6995 6976 6977
f 6995 6977 6967
f 6967 6987 6995
f 6987 6967 6988
f 6988 6967 6978
f 6988 6979 6989
f 6988 6978 6979
f 6989 6980 6990
f 6979 6980 6989
f 6990 6981 6991
f 6980 6981 6990
f 6991 6981 6982
f 6991 6982 6992
f 6992 6982 6983
f 6983 6984 6992
f 6764 6739 6993
f 6993 6739 6985
f 6986 6994 6985
f 6985 6994 6993
f 6994 6986 6995
f 6995 6987 6996
f 6987 6988 6996
f 6990 6997 6996
f 6996 6989 6990
f 6989 6996 6988
f 6990 6998 6997
f 6990 6991 6998
f 6991 6992 6998
f 7000 6999 6998
f 6998 6984 7000
f 6992 6984 6998
f 6984 4536 7000
f 6764 6993 6767
f 6994 7001 6767
f 6993 6994 6767
f 7001 6994 6995
f 6996 7002 6995
f 7002 6996 6997
f 6997 6998 6999
f 7003 7000 7004
f 6999 7000 7003
f 7004 7000 4550
f 7000 4536 4550
f 6767 7005 6774
f 7005 6767 7001
f 6995 7006 7005
f 7001 6995 7005
f 7006 6995 7007
f 7008 6995 7002
f 7008 7002 7009
f 7009 7002 6997
f 7009 6997 7010
f 7010 6997 6999
f 4556 7003 7004
f 4550 4556 7004
f 6781 6774 7005
f 6781 7005 7011
f 7011 7005 7006
f 7006 7007 7011
f 7007 6995 7008
f 7008 7009 7012
f 7012 7009 7010
f 7012 7010 6999
f 7012 6999 7013
f 7013 6999 7003
f 6785 6781 6786
f 6784 6785 6786
f 7011 7014 6781
f 6781 7014 6786
f 7011 7015 7014
f 7007 7015 7011
f 7007 7008 7015
f 7015 7008 7016
f 7012 7016 7008
f 7016 7012 7017
f 7003 7012 7013
f 7017 7012 7018
f 4556 7012 7003
f 7012 4556 7018
f 7014 7015 6786
f 7020 6786 7015
f 7019 6786 619
f 6786 7020 619
f 7015 7016 7020
f 7016 7017 7020
f 7020 7017 7021
f 7017 7018 7021
f 7021 7018 4567
f 7018 4556 4567
f 6788 6786 7022
f 339 7022 338
f 6788 7022 339
f 6786 7019 7022
f 7022 7019 618
f 7022 618 338
f 7019 619 618
f 7023 619 7020
f 7023 620 619
f 7023 7020 620
f 7021 7024 7020
f 7020 7024 620
f 4567 7024 7021
f 7024 4569 620
f 4569 7024 4567
f 2682 2677 4224
f 2678 2682 7025
f 7025 2684 2678
f 2683 2686 4660
f 2682 4224 4227
f 4227 7026 2682
f 2682 7026 7025
f 7027 7025 7026
f 7025 7027 2684
f 2684 7027 7028
f 7029 2685 7028
f 4660 2686 2685
f 4231 7026 4227
f 7030 7027 7026
f 7032 7028 7027
f 7028 7032 7029
f 7029 4660 2685
f 7026 4231 7031
f 7030 7026 7031
f 4660 7029 7033
f 7031 4231 1678
f 1678 4239 7031
f 4239 7030 7031
f 7034 7027 7030
f 7032 7027 7034
f 4660 7033 4680
f 7035 7032 7034
f 7036 7029 7032
f 7033 7037 4680
f 7029 7037 7033
f 4239 7038 7030
f 7038 7034 7030
f 7038 7035 7034
f 7037 7029 7039
f 7039 4680 7037
f 5768 7039 7029
f 5864 5869 7040
f 5864 7040 5865
f 5865 7040 5870
f 5870 7040 7041
f 5871 5870 7041
f 5871 7042 2090
f 7042 2096 2090
f 5869 5868 6586
f 6586 6591 5869
f 7040 5869 6592
f 6592 5869 6591
f 7040 6592 7041
f 6592 6587 7041
f 6587 5871 7041
f 7042 5871 6587
f 2096 7042 6587
f 7043 866 2952
f 2952 2961 7044
f 7043 2952 7044
f 2955 7044 2961
f 945 948 2962
f 2962 948 2954
f 2955 2954 7044
f 2954 948 7044
f 7044 866 7043
f 7044 7046 7045
f 949 7044 948
f 7044 949 7046
f 7046 949 7045
f 866 7044 900
f 7045 900 7044
f 7045 949 7047
f 900 7045 7048
f 900 7048 925
f 7045 7047 7048
f 7048 7047 925
f 7047 949 936
f 925 7047 936
f 3807 4107 4644
f 4111 4644 4107
f 7049 4112 4114
f 4112 7049 4113
f 7049 7050 4113
f 7051 7049 4115
f 7049 4114 4115
f 4113 7050 7052
f 4111 4113 7052
f 7052 4644 4111
f 7053 4644 7052
f 4644 7053 4651
f 4652 4651 7053
f 4971 7054 7056
f 7055 7056 7054
f 7057 7058 7059
f 7057 7059 7056
f 7058 4994 7059
f 7059 4972 7056
f 4972 7059 4984
f 7059 4994 4984
f 7060 7061 7054
f 7054 7061 7055
f 7061 7062 7055
f 7061 7063 7062
f 7061 7064 7063
f 7063 7064 7062
f 7056 7055 7062
f 7062 7064 7056
f 7064 7057 7056
f 7064 7065 7057
f 7065 7066 7057
f 7057 7066 7058
f 7058 7066 4994
f 7066 7067 4994
f 4994 7067 5003
f 7069 7060 7068
f 7069 7061 7060
f 7069 7070 7061
f 7061 7070 7078
f 7078 7079 7061
f 7079 7064 7061
f 7064 7079 7080
f 7065 7064 7080
f 7080 7066 7065
f 7080 7071 7066
f 7066 7071 7067
f 7071 7072 7067
f 7072 7073 7067
f 7067 7074 5003
f 7074 7075 5004
f 5003 7074 5004
f 7076 7077 7068
f 7077 7069 7068
f 7070 7069 7077
f 7070 7077 7078
f 7071 7080 7082
f 7082 7081 7072
f 7072 7071 7082
f 7072 7081 7073
f 7081 7083 7073
f 7073 7083 7084
f 7084 7083 7085
f 7067 7073 7084
f 7084 7085 7067
f 7085 7074 7067
f 7085 7086 7074
f 7086 7075 7074
f 7086 7087 7075
f 7087 7088 7075
f 7077 7076 7091
f 7078 7077 7091
f 7091 7079 7078
f 7081 7090 7093
f 7080 7092 7094
f 7092 7081 7094
f 7094 7082 7080
f 7094 7081 7082
f 7090 7095 7093
f 7081 7093 7096
f 7093 7095 7096
f 7081 7096 7083
f 7096 7085 7083
f 7096 7095 7085
f 7095 7087 7085
f 7087 7086 7085
f 7089 7090 7099
f 7091 7097 7100
f 7101 7098 7092
f 7098 7089 7092
f 7089 7081 7092
f 7089 7099 7081
f 7081 7099 7090
f 7100 7079 7091
f 7100 7102 7079
f 7100 7101 7102
f 7102 7101 7080
f 7080 7101 7092
f 7080 7079 7102
f 7089 7103 374
f 7112 7104 7107
f 7106 7109 7105
f 7103 7089 7106
f 7112 7097 7091
f 7112 7107 7097
f 7107 7108 7097
f 7109 7098 7105
f 7109 7106 7098
f 7106 7089 7098
f 7108 7110 7097
f 7108 7105 7110
f 7105 7101 7110
f 7101 7105 7098
f 7097 7110 7100
f 7100 7110 7101
f 7112 7111 7104
f 7104 7111 7105
f 7105 7111 7106
f 7111 7103 7106
f 7105 7113 7104
f 7107 7104 7113
f 7113 7108 7107
f 7105 7108 7113
f 745 746 7112
f 746 742 7112
f 742 741 7112
f 7112 741 7111
f 2390 1539 7114
f 7114 2378 2390
f 7114 2391 2378
f 2379 7115 2383
f 2383 7115 7116
f 7116 7117 2383
f 7117 4228 4219
f 1539 1537 7118
f 2391 7114 7119
f 7119 7115 2391
f 1550 7118 1537
f 7118 7114 1539
f 7119 7114 7118
f 7115 7119 7116
f 7116 7119 7120
f 7117 7116 7120
f 7120 7125 7117
f 7117 7125 4228
f 7125 7121 4228
f 1554 7118 1550
f 7119 7118 7122
f 7122 7123 7119
f 7120 7119 7123
f 7124 7125 7120
f 7122 7118 7126
f 7123 7127 7120
f 7127 7124 7120
f 7127 7125 7124
f 7125 4233 7121
f 1554 1567 7118
f 7126 7118 1567
f 7122 7126 7128
f 7123 7122 7128
f 7123 7128 7127
f 7130 7125 7127
f 4233 7125 7130
f 7126 1567 7131
f 7128 7126 7131
f 7131 7132 7128
f 7128 7132 7127
f 7132 7129 7127
f 7132 7133 7129
f 7129 7133 7127
f 6201 4233 7130
f 1567 1579 7134
f 7131 1567 7134
f 7131 7134 7135
f 7135 7132 7131
f 7135 7136 7132
f 7132 7136 7133
f 7127 7133 7136
f 7136 6202 7127
f 7127 6202 7130
f 7130 6202 6201
f 7134 1579 1584
f 6202 7135 7137
f 7136 7135 6202
f 7135 1584 1601
f 7134 1584 7135
f 1601 6204 7135
f 6204 6205 7135
f 6206 7135 6205
f 7137 7135 6206
f 6202 7137 6206
f 6204 1601 1610
f 1975 7139 1984
f 1984 7139 7140
f 7140 7139 7142
f 7143 7142 7776
f 7143 7140 7142
f 7145 7143 7776
f 7143 7145 7146
f 7147 2008 7140
f 7140 2008 1984
f 7147 7140 7148
f 7140 7143 7148
f 7143 7144 7148
f 7144 7143 7146
f 7149 7141 7138
f 2607 7149 7138
f 7149 7144 7141
f 7150 2026 2008
f 2008 7147 7150
f 7147 7148 7151
f 7150 7147 7151
f 7148 7144 7151
f 7151 7144 7149
f 7149 2607 7152
f 7150 7151 7153
f 7151 7149 7153
f 2037 2026 7154
f 2026 7150 7154
f 7150 7155 7154
f 7150 7153 7155
f 7156 7149 7152
f 7153 7156 7157
f 7156 7153 7149
f 2047 2037 7154
f 7154 7155 7158
f 7153 7157 7155
f 7155 7157 7158
f 2615 7152 2607
f 2047 7154 7159
f 7160 7159 7158
f 7159 7154 7158
f 7157 7160 7158
f 7161 7160 7157
f 7162 7152 2615
f 7163 7156 7152
f 7163 7152 7162
f 7157 7156 7163
f 7157 7164 7161
f 7157 7163 7164
f 7159 7165 2047
f 7160 7166 7159
f 7166 7165 7159
f 7166 7160 7167
f 7160 7161 7167
f 7164 7167 7161
f 2060 2047 7165
f 7165 7166 7167
f 2060 7165 2063
f 7167 7164 7163
f 7167 7168 7165
f 7169 7168 7167
f 7170 2063 7165
f 7165 7168 7170
f 7170 2070 2063
f 7162 2615 7171
f 7162 7171 7172
f 7172 7163 7162
f 7173 7167 7163
f 7173 7163 7172
f 7167 7173 7169
f 7168 7169 7170
f 7170 7169 7173
f 7170 2079 2070
f 7173 7174 7170
f 7175 7174 7173
f 7173 7176 7175
f 7170 7174 2079
f 7175 7177 7174
f 7174 7177 2079
f 7175 7178 7177
f 7177 7178 2079
f 7175 2085 7178
f 7178 2085 2079
f 7179 7171 2630
f 7172 7171 7179
f 7176 7173 7180
f 7180 7173 7172
f 7175 7176 7180
f 2085 7181 2083
f 7175 7181 2085
f 7182 7172 7179
f 7175 7180 7184
f 7181 7175 7184
f 2629 7179 2630
f 7183 7182 7179
f 2088 2083 7181
f 2638 6116 2629
f 6116 7179 2629
f 7185 7183 7179
f 7182 7183 7186
f 7182 7186 7172
f 7172 7187 7180
f 7180 7187 7184
f 7181 7184 7188
f 7181 7188 2088
f 6116 7185 7179
f 6117 7172 7186
f 6117 7187 7172
f 7187 6117 6118
f 7187 6118 7184
f 7184 6118 7188
f 6116 7183 7185
f 6116 6121 7183
f 6121 7186 7183
f 7186 6121 6117
f 7188 6118 2089
f 2021 2501 2494
f 2021 2032 2501
f 7190 2501 2032
f 2032 2042 7189
f 2042 7191 7189
f 7192 7189 7191
f 7190 2032 7193
f 7189 7193 2032
f 7189 7194 7193
f 7192 7194 7189
f 7190 2509 2501
f 2509 2508 2501
f 7190 7193 2509
f 2054 7195 2042
f 2042 7195 7191
f 2054 2055 7195
f 7195 2055 7196
f 2056 7197 7196
f 2056 7196 2055
f 7197 7195 7196
f 7191 7198 7192
f 7191 7195 7198
f 7199 7198 7195
f 7195 7197 7199
f 7194 7192 7200
f 7192 7198 7200
f 7193 7194 7200
f 7193 7201 2509
f 2055 2054 2069
f 7197 2056 2068
f 7199 7197 7202
f 7198 7203 7200
f 7198 7199 7203
f 7193 7200 7201
f 2509 7201 2513
f 7201 7204 2513
f 7197 2068 7205
f 7205 2068 2078
f 7197 7205 7202
f 7202 7207 7206
f 7206 7203 7199
f 7206 7208 7203
f 7206 7199 7202
f 7209 7200 7203
f 7209 7203 7210
f 7208 7210 7203
f 7200 7211 7201
f 7200 7209 7212
f 7211 7200 7212
f 7209 7210 7212
f 2513 7204 7218
f 7205 2078 7213
f 2078 2084 7213
f 7202 7205 7215
f 7214 7206 7207
f 7214 7207 7202
f 7216 7210 7208
f 7211 7212 7217
f 7217 7212 7210
f 7216 7217 7210
f 7218 7204 7201
f 7205 7213 7219
f 7213 2084 7219
f 7215 7214 7202
f 7215 7220 7214
f 7215 7221 7220
f 7205 7219 7221
f 7205 7221 7215
f 7206 7214 7222
f 7222 7216 7208
f 7222 7208 7206
f 7222 7217 7216
f 7217 7222 7211
f 7223 7219 2087
f 7219 2084 2087
f 7224 7214 7223
f 7214 7220 7223
f 7221 7223 7220
f 7223 7221 7219
f 7214 7225 7222
f 7224 7225 7214
f 7225 7226 7222
f 7230 7222 7226
f 7222 7230 7211
f 7227 7218 7201
f 2520 7218 7227
f 2523 2520 7227
f 7223 2087 7228
f 7224 7223 7228
f 7226 7225 7229
f 7230 7201 7211
f 7227 7201 7230
f 7231 2523 7227
f 7228 7232 7224
f 7225 7224 7232
f 7226 7233 7230
f 7226 7234 7233
f 7226 7229 7234
f 7235 7227 7230
f 7235 7231 7227
f 2523 7231 2527
f 7228 7236 7232
f 7232 7236 7225
f 7225 7236 7229
f 7234 7229 7237
f 7237 7229 7236
f 7233 7238 7230
f 7234 7238 7233
f 7234 7239 7238
f 7234 7237 7239
f 7230 7241 7240
f 7230 7238 7241
f 7241 7238 7239
f 7235 7230 7240
f 7231 7235 7242
f 7243 7231 7242
f 7231 7243 2527
f 7228 7244 7236
f 7228 2087 7244
f 2088 7244 2087
f 7246 7245 7236
f 7236 7244 7246
f 7236 7245 7247
f 7236 7247 7237
f 7247 7248 7237
f 7248 7239 7237
f 7241 7248 7249
f 7241 7239 7248
f 7240 7249 7235
f 7241 7249 7240
f 7242 7235 7249
f 7243 7242 7250
f 7250 2527 7243
f 2088 3204 7251
f 3204 2088 7188
f 2089 3204 7188
f 7251 7244 2088
f 7251 7252 7244
f 7245 7253 7247
f 7245 7254 7253
f 7245 7246 7254
f 3212 7253 7254
f 7244 7254 7246
f 7255 7248 7247
f 7247 7253 3212
f 7255 7247 3212
f 7248 3206 7249
f 7255 3206 7248
f 7250 7242 3210
f 7242 7249 3210
f 2527 7250 7256
f 7250 3210 7256
f 7256 2530 2527
f 7251 3204 3212
f 7251 3212 7252
f 3212 7244 7252
f 3212 7254 7244
f 3205 7255 3212
f 3205 3206 7255
f 3207 7249 3206
f 3207 3208 7249
f 3210 7249 3208
f 7256 3210 2530
f 4115 7257 7051
f 7258 7257 5173
f 5173 7257 4115
f 5172 5173 4115
f 5173 5174 7258
f 5174 7259 7258
f 2840 7260 5176
f 5174 5176 7261
f 5176 7260 7261
f 5184 1934 5185
f 5185 1934 5454
f 5185 5454 5186
f 5186 5454 5455
f 5186 5455 5182
f 5182 5455 5187
f 5187 5455 3323
f 7262 7051 7257
f 7262 7049 7051
f 7257 7263 7262
f 7263 7257 7264
f 7264 7257 7258
f 7259 7264 7258
f 7265 5174 7261
f 7259 5174 7265
f 2840 6046 7260
f 7266 7265 7261
f 7267 7266 7261
f 7260 7267 7261
f 7260 6046 7267
f 7268 7266 7267
f 7269 7049 7262
f 7050 7049 7269
f 7269 7052 7050
f 7263 7269 7262
f 7269 7264 7270
f 7269 7263 7264
f 7271 7270 7264
f 7264 7259 7271
f 7272 7259 7265
f 7270 7259 7272
f 7270 7271 7259
f 7265 7266 7272
f 7273 7272 7266
f 7274 7268 7267
f 6046 7274 7267
f 6049 7274 6046
f 7266 7268 7275
f 7275 7268 7274
f 7277 7052 7276
f 7277 7053 7052
f 4652 7053 7277
f 7269 7278 7052
f 7269 7270 7278
f 7270 7279 7278
f 7270 7272 7279
f 7280 7279 7272
f 7280 7272 7281
f 7281 7272 7282
f 7282 7272 7273
f 7283 7282 7273
f 7266 7283 7273
f 7284 7274 6049
f 7283 7266 7285
f 7275 7285 7266
f 7274 7286 7275
f 7286 7274 7284
f 7276 4652 7277
f 7278 7279 7287
f 7278 7287 7052
f 7279 7280 7287
f 7287 7280 7281
f 7287 7281 7288
f 7282 7289 7281
f 7281 7289 7288
f 7290 7289 7282
f 7282 7283 7290
f 7290 7283 7291
f 7285 7291 7283
f 6062 7286 7284
f 6049 6062 7284
f 7291 7285 7292
f 7292 7275 7297
f 7292 7285 7275
f 7293 7297 7275
f 7275 7286 7293
f 7286 6062 7293
f 4652 7276 6068
f 7052 7294 7276
f 7276 7294 6068
f 7052 7287 7294
f 7287 7288 7294
f 7288 7289 7290
f 7290 7295 7288
f 7291 7295 7290
f 7295 7291 7292
f 7295 7292 7296
f 7296 7292 7297
f 6062 6072 7293
f 7298 7297 7293
f 7299 7298 7293
f 7293 6072 7299
f 7306 6068 7294
f 6068 7306 6079
f 7288 7295 7301
f 7288 7301 7294
f 7294 7301 7300
f 7300 7301 7295
f 7300 7295 7302
f 7295 7296 7302
f 7296 7297 7303
f 7297 7298 7303
f 7303 7298 7304
f 7299 7304 7298
f 7304 7299 7305
f 7299 6072 7305
f 7305 6072 6084
f 7300 7302 7294
f 7294 7302 7307
f 7294 7307 7306
f 7302 7296 7307
f 7296 7308 7307
f 7296 7303 7308
f 7309 7304 7310
f 7309 7303 7304
f 7305 7310 7304
f 7310 7305 7311
f 7311 7305 6097
f 7305 6084 6097
f 7307 7312 7306
f 7306 7312 6102
f 7307 7308 7312
f 7312 7308 6102
f 7308 7303 7313
f 7309 7313 7303
f 7309 7308 7313
f 7309 7310 7308
f 7310 7314 7308
f 7315 7314 7311
f 7314 7310 7311
f 6097 7315 7311
f 7315 6097 6108
f 6102 7308 6109
f 6109 7308 7316
f 7308 7314 7316
f 7316 7314 7317
f 7316 7317 6109
f 6109 7317 6113
f 7314 7315 7317
f 7317 7315 6113
f 6108 6113 7315
f 5800 5793 4487
f 5793 4488 4487
f 5793 7318 4488
f 7318 4489 4488
f 5793 7319 7318
f 7318 7319 4489
f 5057 5719 5793
f 5793 5719 7319
f 7319 5719 5720
f 4489 7319 1197
f 5057 5793 5811
f 5720 1197 7319
f 6841 6818 7320
f 6841 6828 6818
f 6829 7320 6818
f 7321 7320 6829
f 6830 7321 6829
f 6830 6840 7321
f 6840 6690 7321
f 6841 7320 7322
f 7320 7321 7322
f 7322 7321 7323
f 7321 6690 7323
f 7324 7323 6690
f 7322 7325 6841
f 7326 7325 7322
f 7326 7322 7327
f 7327 7322 7323
f 7328 7324 6690
f 7328 7323 7324
f 7327 7323 7329
f 7329 7323 7328
f 7330 7328 6690
f 7331 7330 6690
f 7332 7325 7326
f 7327 7332 7326
f 7332 7327 7329
f 7328 7332 7329
f 7332 7328 7330
f 6869 6841 7325
f 6869 7325 7332
f 7333 7332 7330
f 7333 7330 7454
f 6869 7334 6883
f 7334 6869 7332
f 7334 7332 7335
f 7336 7335 7332
f 7336 7332 7333
f 7336 7333 7454
f 6883 7334 6894
f 6894 7335 7337
f 7334 7335 6894
f 7337 7335 6712
f 6712 7335 7336
f 6712 6895 7337
f 7337 6895 6894
f 7552 485 7338
f 484 485 7552
f 7339 484 7552
f 485 7340 7338
f 7341 7340 515
f 7341 515 523
f 1268 1270 7338
f 1270 1266 7338
f 7338 1266 7552
f 1273 1268 7340
f 7340 1268 7338
f 1275 1273 7340
f 1275 7340 7342
f 1275 7342 1277
f 7342 1279 1277
f 7341 523 1279
f 1279 7340 7341
f 7342 7340 1279
f 1279 523 534
f 7346 7347 7345
f 7348 7349 370
f 370 7349 7343
f 7349 7350 7343
f 7349 7351 7350
f 7348 7351 7349
f 7352 7343 7350
f 7344 7343 7352
f 7350 7351 7352
f 7351 7353 7352
f 7354 7344 7352
f 7352 7353 7354
f 7345 7354 7346
f 7354 7353 7346
f 7346 7355 7347
f 7347 7355 7356
f 370 533 7348
f 533 7357 7348
f 7357 7358 7348
f 7357 7359 7358
f 7348 7359 7351
f 7348 7358 7359
f 7351 7359 7353
f 7346 7353 7360
f 7346 7360 7361
f 7346 7361 7355
f 7361 7362 7355
f 7355 7362 7356
f 7362 7363 7356
f 7356 2493 5856
f 7356 7363 2493
f 7357 533 554
f 7357 554 7359
f 554 2481 7359
f 2481 2485 7359
f 7359 2486 7364
f 2485 2486 7359
f 7359 7364 7353
f 7364 2486 7353
f 7353 2486 2488
f 7360 7353 2488
f 7360 2488 7365
f 7361 7360 7365
f 2492 7361 7365
f 7362 7361 2492
f 7362 2492 7363
f 7363 2492 2493
f 7366 352 357
f 7367 357 358
f 7366 357 7367
f 5362 353 359
f 352 7369 355
f 352 7366 7369
f 353 7368 358
f 7368 7367 358
f 4046 355 7369
f 7370 7366 7367
f 7368 7370 7367
f 353 5362 7370
f 7370 7368 353
f 4050 4046 7369
f 4050 7369 7371
f 7370 7369 7366
f 4062 4050 7371
f 7372 7371 7369
f 7369 7370 7372
f 7370 5362 5365
f 4062 7371 7372
f 7372 4063 4062
f 7372 7370 7373
f 7372 7373 4063
f 7373 7370 5365
f 7374 4063 7373
f 7373 5365 5370
f 7374 7373 5370
f 4074 7374 5370
f 4074 4063 7374
f 7379 7375 7376
f 7375 7377 7376
f 7379 7376 6905
f 7376 7378 6906
f 7378 7376 7377
f 7376 6906 6905
f 7382 7375 7379
f 7375 7380 7377
f 7377 7380 6793
f 7377 6793 6790
f 5033 7381 7379
f 6905 5033 7379
f 7375 7382 7383
f 7383 7384 7375
f 7380 7375 7384
f 6793 7380 7384
f 7382 7385 7386
f 7386 7383 7382
f 7386 7390 7383
f 7390 7384 7383
f 7389 7385 7388
f 7389 7386 7385
f 7384 7390 7391
f 7384 7391 7392
f 6793 7384 7392
f 7387 6793 7392
f 7392 6801 7387
f 6801 6793 7387
f 7386 7393 7390
f 7393 7391 7390
f 7395 7388 7441
f 7396 7389 7388
f 7396 7386 7389
f 7397 7392 7391
f 7394 6801 7392
f 7398 7399 7441
f 7441 7399 7395
f 7388 7395 7399
f 7399 7396 7388
f 7399 7400 7396
f 7396 7400 7386
f 7400 7393 7386
f 7401 7391 7393
f 7402 6801 7394
f 7403 7400 7399
f 7403 7401 7393
f 7403 7393 7400
f 7403 7404 7401
f 7401 7404 7391
f 7404 7397 7391
f 7397 7405 7394
f 7397 7394 7392
f 7402 7394 7405
f 6808 7402 7405
f 7407 7399 7406
f 7403 7399 7407
f 7404 7403 7407
f 7404 7407 7408
f 7397 7404 7408
f 7409 7397 7408
f 7405 7397 7410
f 7410 7397 7409
f 7405 7410 6808
f 6808 7410 6754
f 6754 7410 6938
f 7410 6940 6938
f 7407 7406 7411
f 7412 7407 7411
f 7408 7407 7412
f 7408 7412 7413
f 7411 7414 7412
f 7412 7414 6939
f 7412 6939 7413
f 7411 6939 7414
f 7409 7408 7413
f 7413 6939 7415
f 7413 7415 6940
f 7413 6940 7409
f 7409 6940 7410
f 7415 6939 6940
f 7416 7382 7379
f 7416 7379 7417
f 7379 7381 7417
f 5033 7417 7381
f 7418 7419 7420
f 7419 7421 7420
f 7421 7419 7382
f 7421 7382 7416
f 7420 7422 7431
f 7420 7421 7422
f 7421 7416 7422
f 7417 7422 7416
f 7422 7417 7423
f 7423 7417 5034
f 7417 5033 5034
f 6692 7427 7424
f 6690 6692 7425
f 6692 7426 7425
f 6692 7424 7426
f 7424 7418 7426
f 7424 7427 7418
f 7427 7419 7418
f 6690 7425 7428
f 7418 7420 7426
f 7382 7427 7385
f 7429 7428 7425
f 7425 7426 7429
f 7426 7420 7429
f 7382 7419 7427
f 7429 7420 7430
f 7420 7431 7430
f 7422 7432 7431
f 7431 7432 7433
f 7423 7432 7422
f 7432 7423 7433
f 7433 7423 5036
f 7423 5034 5036
f 6692 6696 7427
f 6690 7428 7434
f 7435 7388 7427
f 7385 7427 7388
f 7429 7434 7428
f 7429 7430 7436
f 7437 7430 7438
f 7437 7436 7430
f 7430 7431 7438
f 7438 7431 7439
f 7431 7433 7439
f 7439 7433 5036
f 6696 7440 7427
f 7440 7435 7427
f 7440 7441 7435
f 7435 7441 7388
f 7434 7331 6690
f 7434 7442 7331
f 7434 7429 7442
f 7442 7429 7436
f 7436 7437 7442
f 7438 7443 7437
f 7438 7439 7443
f 5039 7439 5036
f 7444 7441 7440
f 7445 7330 7331
f 7445 7331 7442
f 7442 7446 7445
f 7442 7437 7447
f 7447 7437 7448
f 7448 7437 7443
f 7443 7449 7448
f 7439 7449 7443
f 7449 7439 5043
f 7439 5039 5043
f 7440 6696 6704
f 6704 7444 7440
f 7450 7441 7444
f 7450 7398 7441
f 7446 7451 7445
f 7442 7451 7446
f 7442 7447 7451
f 7452 7448 7449
f 7452 7449 5043
f 7444 6704 7453
f 7453 7450 7444
f 7399 7398 7450
f 7454 7330 7445
f 7451 7455 7445
f 7447 7455 7451
f 7448 7455 7447
f 7455 7448 7456
f 7456 7448 7452
f 7457 7456 7452
f 7457 7452 5043
f 7457 5043 5044
f 7458 6704 6707
f 7458 7453 6704
f 7459 7336 7460
f 7450 7453 7461
f 7399 7450 7461
f 7454 7462 7336
f 7336 7462 7460
f 7460 7462 7464
f 7399 7461 7406
f 7464 7462 7463
f 7445 7462 7454
f 7462 7445 7463
f 7445 7465 7463
f 7463 7465 7464
f 7464 7465 7466
f 7465 7467 7466
f 7455 7465 7445
f 7465 7455 7467
f 7467 7468 7466
f 7455 7468 7467
f 7466 7468 7471
f 7468 7455 7469
f 7468 7470 7471
f 7455 7456 7469
f 7469 7456 7468
f 7468 7456 7470
f 7457 7470 7456
f 7457 7473 7470
f 7470 7473 7471
f 7471 7473 7472
f 7471 5049 6939
f 7457 5044 7473
f 7473 5044 7472
f 7472 5044 7471
f 7471 5044 5048
f 7471 5048 5049
f 6712 7474 6711
f 6711 7474 7475
f 6711 7476 7458
f 6712 7336 7459
f 6712 7459 7474
f 7474 7459 7475
f 7475 7459 6711
f 7476 6711 7477
f 7476 7477 7458
f 7458 7477 7478
f 7453 7458 7478
f 7453 7478 7479
f 7459 7460 6711
f 6711 7460 7464
f 6711 7464 7477
f 7477 7464 7478
f 7461 7453 7479
f 7479 7480 7461
f 7461 7480 7406
f 7478 7464 7479
f 7406 7480 7411
f 7479 7464 7481
f 7480 7479 7482
f 7480 7482 7411
f 7464 7466 7481
f 7481 7466 7479
f 7479 7466 7483
f 7479 7483 7482
f 7482 7483 7471
f 7466 7471 7483
f 7482 7471 7411
f 7411 7471 6939
f 5715 5242 5243
f 5248 5244 7484
f 5244 5245 7484
f 7484 5245 5247
f 5243 7485 5715
f 7485 5243 7486
f 5243 5248 7486
f 7484 5247 7487
f 7487 5247 2143
f 7488 7486 5248
f 7488 5248 7484
f 7484 7487 7488
f 7490 5715 7485
f 7490 7485 7486
f 7490 7486 7491
f 7486 7488 7491
f 7491 7488 7492
f 7488 7493 7492
f 7493 7488 7487
f 7489 5715 7490
f 7490 7491 7494
f 7491 7492 7495
f 7495 7492 7496
f 7492 7493 7496
f 7496 7493 7497
f 7497 7493 4469
f 7487 4469 7493
f 7489 7490 7499
f 7490 7494 7499
f 7500 7499 7494
f 7500 7494 7491
f 7500 7491 7495
f 7497 7501 7496
f 7497 4469 7501
f 7489 7503 7498
f 7499 7503 7489
f 7503 7499 7504
f 7499 7500 7504
f 7505 7504 7500
f 7500 7495 7505
f 7505 7495 7506
f 7495 7496 7506
f 7496 7501 7506
f 4480 7506 7501
f 4469 4480 7501
f 5550 1261 7507
f 5549 7508 5545
f 5545 7508 4481
f 5545 4481 4316
f 7509 7508 5549
f 7507 1261 7510
f 7509 7507 7512
f 7509 7512 7508
f 7502 7498 7511
f 7502 7511 1261
f 1261 7511 7503
f 1261 7503 7510
f 7510 7503 7507
f 7507 7503 7512
f 7512 7513 7508
f 7503 7511 7498
f 7503 7504 7512
f 7512 7505 7513
f 7513 7505 7514
f 7505 7512 7504
f 7514 7505 7506
f 7514 7506 7513
f 7513 7506 7508
f 7508 7506 4481
f 4481 7506 4480
f 4479 4481 4480
f 5550 7507 7509
f 5549 5550 7509
f 7515 1208 5714
f 7516 1213 1208
f 7516 1208 7515
f 7517 7516 7515
f 7515 5715 7517
f 5714 5715 7515
f 7518 1213 7516
f 7518 7516 7517
f 7517 5715 7489
f 1213 7518 1252
f 1252 7518 7519
f 7519 7518 7520
f 7520 7518 7517
f 7498 7517 7489
f 1259 1252 7519
f 7519 7520 1259
f 7502 7520 7517
f 7502 7517 7498
f 1259 1261 1260
f 7520 1261 1259
f 7520 7502 1261
f 7521 5391 5394
f 5391 7521 5395
f 5394 7522 7521
f 7523 5393 5396
f 5393 7523 7524
f 5394 5393 7524
f 7522 7525 7521
f 7521 7525 5395
f 5395 7525 5397
f 5396 3061 1931
f 5396 1931 1941
f 1941 7523 5396
f 7523 5394 7524
f 7525 1932 5397
f 1934 5184 5397
f 3059 1931 3061
f 1932 1933 5397
f 5397 1933 1934
f 7526 5394 7523
f 5394 7526 1943
f 5394 1943 7522
f 7522 1943 7525
f 1941 1942 7523
f 7523 1942 7526
f 7526 1942 1943
f 7525 1943 1932
f 7103 740 374
f 741 7103 7111
f 740 7103 741
f 7377 7744 7378
f 7377 6790 7744
f 5404 5408 7527
f 5408 7528 7527
f 7527 7528 7529
f 7527 7529 7530
f 7527 2115 2111
f 7527 2116 2115
f 7527 7530 2116
f 7527 2111 5227
f 7530 2118 2116
f 5408 7531 7528
f 7528 7531 7532
f 7529 7532 7533
f 7529 7528 7532
f 7529 7533 7534
f 7533 7535 7534
f 7530 7529 7534
f 7534 2118 7530
f 7534 7535 2118
f 7535 7536 2118
f 7535 2122 7536
f 2118 7536 2117
f 7536 2122 2117
f 2122 7535 7537
f 7537 6582 2122
f 6582 1611 2122
f 5408 5415 7531
f 5415 7538 7531
f 7531 7538 7532
f 7533 7532 4286
f 4286 7539 7533
f 7535 7533 7539
f 7539 4289 7535
f 4289 7537 7535
f 7537 4289 6582
f 5415 4283 7538
f 4283 4285 7538
f 7538 4285 7532
f 7532 4285 4286
f 7539 4286 4287
f 4287 4289 7539
f 7543 7540 6455
f 7540 7541 6455
f 7541 6446 6455
f 7541 7542 6446
f 7542 6456 6448
f 484 7543 6455
f 6448 6446 7542
f 7544 7541 7540
f 7544 7542 7541
f 7544 718 7542
f 718 6456 7542
f 7540 7543 7544
f 7543 7552 7544
f 7552 7543 7339
f 7543 484 7339
f 7548 7545 7544
f 7545 7546 7544
f 7546 718 7544
f 7546 722 718
f 7552 7547 7544
f 7544 7547 7548
f 7549 7550 7548
f 7550 7553 7548
f 7545 7548 7553
f 7553 7551 7545
f 7545 7551 7546
f 7551 730 7546
f 7546 730 722
f 7547 7552 7549
f 7548 7547 7549
f 5577 5575 5578
f 5576 5578 7553
f 5578 5575 7553
f 7553 5575 736
f 7549 5580 5581
f 5581 5579 7549
f 5576 7550 5579
f 7550 7549 5579
f 7553 7550 5576
f 736 7551 7553
f 730 7551 736
f 7552 1266 5580
f 7549 7552 5580
f 5821 5830 7554
f 5002 5821 5287
f 5821 7555 5287
f 5821 7554 7555
f 7554 5830 7555
f 5830 7556 7555
f 7555 7556 7557
f 7556 5830 5840
f 7556 5840 7558
f 7555 5308 5287
f 7557 5308 7555
f 7558 7557 7556
f 7558 7559 7557
f 7557 7559 5308
f 7558 5308 7559
f 5291 5308 7560
f 5296 5291 7560
f 5308 7562 7560
f 5308 7561 7562
f 7563 5296 7560
f 7560 7562 7563
f 7562 7561 7563
f 5296 7563 5300
f 7563 5309 5300
f 7563 7561 5309
f 7561 7564 5309
f 7558 5840 7565
f 7558 7566 5308
f 7558 7565 7566
f 7561 5308 7566
f 7567 7568 7566
f 7564 7561 7566
f 7566 7568 7564
f 7568 7569 7564
f 7569 7570 7564
f 7564 7570 5309
f 5309 7571 5096
f 5309 7570 7571
f 5309 5096 5095
f 7571 5097 5096
f 7570 5097 7571
f 5840 5853 7565
f 5853 7572 7565
f 7565 7572 7573
f 7572 7575 7573
f 7566 7565 7573
f 7573 7575 7574
f 7575 7576 7574
f 7577 7566 7573
f 7567 7566 7577
f 7573 7574 7577
f 7574 7578 7577
f 7574 7576 7578
f 7577 7568 7567
f 7568 7577 7569
f 7577 7578 7569
f 7578 7576 7569
f 7576 7579 7569
f 7579 7570 7569
f 7580 7570 7579
f 5097 7570 5101
f 5101 7570 7580
f 7572 5853 7581
f 5853 5860 7581
f 5860 7582 7581
f 7575 7572 7581
f 7582 7583 7581
f 7581 7583 7575
f 7575 7583 7584
f 7575 7584 7576
f 7576 7584 7579
f 7584 7585 7579
f 7584 7586 7585
f 7579 7585 7587
f 7585 7586 7587
f 7579 7587 7580
f 7587 5101 7580
f 7582 5860 5867
f 7582 7588 7583
f 7583 7588 7584
f 7584 7588 7589
f 7589 7591 7584
f 7584 7591 7586
f 7592 7587 7591
f 7591 7587 7586
f 7587 7592 2095
f 7587 5120 5101
f 7587 2095 5120
f 7582 5867 2090
f 2090 2091 7582
f 2092 7588 7582
f 7582 2091 2092
f 7589 7588 2092
f 7590 2092 2093
f 7590 7589 2092
f 7590 2094 7589
f 7590 2093 2094
f 7589 2094 7591
f 7592 2094 2095
f 7592 7591 2094
f 2095 1530 5120
f 7032 7594 7036
f 4239 7593 7038
f 7036 7594 7595
f 1683 7596 1678
f 7597 4239 1678
f 7596 7597 1678
f 7593 4239 7597
f 7597 7038 7593
f 7597 7599 7038
f 7599 7035 7038
f 7599 7594 7035
f 7594 7032 7035
f 7594 7604 7595
f 7595 7604 7036
f 7600 7036 7604
f 7029 7036 7600
f 7029 7600 5768
f 1690 7596 1683
f 7596 7601 7597
f 7601 7596 1690
f 7598 7597 7601
f 7601 7602 7598
f 7598 7603 7599
f 7598 7599 7597
f 7605 7600 7604
f 7600 7605 5768
f 1693 7606 1690
f 7606 7607 1690
f 7608 7601 7607
f 7601 1690 7607
f 7602 7601 7608
f 7598 7602 7603
f 7594 7599 7603
f 7602 7604 7594
f 7603 7602 7594
f 7605 7604 7609
f 7605 5769 5768
f 5768 5769 4709
f 1693 7610 7606
f 7610 7607 7606
f 7607 7610 7611
f 7608 7607 7611
f 7602 7608 7611
f 7612 7604 7602
f 7609 7604 7612
f 7613 7605 7609
f 5769 7605 7613
f 1696 7614 1693
f 7614 7610 1693
f 7611 7615 7602
f 7615 7616 7602
f 7616 7612 7602
f 7616 7613 7612
f 7613 7609 7612
f 7613 7617 5769
f 7617 5772 5769
f 7614 7611 7610
f 7616 7615 7618
f 7613 7616 7618
f 7617 5805 5772
f 1699 7614 1696
f 1699 7611 7614
f 7611 7619 7615
f 7619 3844 7615
f 3844 7618 7615
f 3844 7613 7618
f 7613 7620 7617
f 7620 5805 7617
f 1703 3842 1699
f 3842 7611 1699
f 3842 3843 7611
f 3843 7619 7611
f 3843 3844 7619
f 3844 3845 7613
f 3845 7620 7613
f 3845 5805 7620
f 333 6195 7621
f 333 7621 7622
f 334 333 7622
f 334 4745 332
f 7623 6195 5983
f 7623 7621 6195
f 6196 6199 7624
f 6197 6196 7624
f 6198 6200 7625
f 7625 6200 335
f 6199 6198 7625
f 7625 335 336
f 7626 7621 7623
f 7622 7621 7626
f 7622 7626 334
f 334 7626 7627
f 4745 334 7627
f 7628 7626 7623
f 7627 4748 4745
f 5983 6197 7623
f 7623 6197 7629
f 6197 7624 7630
f 7630 7629 6197
f 7631 7624 6199
f 7625 7631 6199
f 336 7632 7625
f 336 7633 7632
f 336 340 7633
f 7633 340 72
f 7628 7634 7626
f 7626 7634 7627
f 7634 7635 7627
f 7635 4748 7627
f 7628 7623 7634
f 7636 7623 7629
f 7631 7630 7624
f 7625 7632 7631
f 7633 7638 7632
f 7632 7638 7631
f 7631 7638 7637
f 72 7638 7633
f 7638 72 73
f 7639 7634 7623
f 7636 7640 7623
f 7640 7639 7623
f 7640 7636 7629
f 7640 7629 7641
f 7641 7629 7630
f 7642 7630 7631
f 7637 7642 7631
f 7638 73 7637
f 7634 7643 7635
f 7635 7643 4748
f 7644 7639 7640
f 7639 7644 7634
f 7645 7640 7641
f 7641 7630 7642
f 73 75 7637
f 7637 75 7642
f 7640 7646 7644
f 7640 7645 7646
f 7647 7642 79
f 79 7642 75
f 7634 7648 7643
f 7648 4752 7643
f 7643 4752 4748
f 7634 7644 7649
f 7650 7644 7646
f 7651 7646 7645
f 7651 7650 7646
f 7652 7641 7653
f 7653 7641 7642
f 7653 7642 7647
f 7653 7647 7654
f 7654 7647 79
f 7648 7634 7649
f 7650 7649 7644
f 7645 7650 7651
f 7641 7655 7650
f 7641 7650 7645
f 7655 7641 7652
f 7652 7653 7655
f 79 83 7654
f 83 7653 7654
f 7656 7649 7650
f 7656 7657 7649
f 7649 7657 7648
f 7648 7657 4752
f 7656 7650 7658
f 7650 7659 7658
f 7650 7655 7659
f 7653 7660 7655
f 4757 4752 7657
f 7656 7661 7657
f 7656 7658 7661
f 7659 7655 7658
f 7662 7655 7660
f 83 7660 7653
f 4757 7657 7661
f 7663 7658 7655
f 7658 7663 7661
f 7662 7664 7655
f 7663 7655 7664
f 7664 7662 7665
f 7660 7665 7662
f 7661 4761 4757
f 7661 7663 4761
f 7663 7666 4761
f 7663 7664 7666
f 7665 4764 7664
f 7666 7664 4764
f 7660 96 7665
f 4761 7666 4764
f 7665 96 4764
f 96 7667 4764
f 96 103 7667
f 4764 7667 3986
f 3986 7667 103
f 4274 5933 4257
f 3577 3945 7668
f 617 6622 3098
f 3577 7668 7669
f 7670 6622 6621
f 6622 7670 3098
f 7668 3945 7671
f 7669 7670 6621
f 7669 7672 7670
f 3098 7670 3099
f 3099 7670 3096
f 7673 7668 7671
f 7668 7673 7669
f 7669 7673 7672
f 7674 7670 7672
f 3096 7670 3100
f 3100 7670 7674
f 7672 7675 7674
f 7674 7675 3100
f 3100 7675 7676
f 3100 7676 3097
f 3101 3100 3097
f 3097 7676 3102
f 7676 7677 3102
f 7677 1429 3102
f 3577 7669 6634
f 6634 7669 6633
f 6633 7669 6621
f 7673 7671 3953
f 7673 3953 3955
f 7678 7673 3955
f 7673 7678 7672
f 7678 3955 7672
f 7680 7679 7672
f 7675 7672 7679
f 7675 7679 7680
f 7672 3955 7682
f 7682 3955 7681
f 7672 7682 7680
f 3955 3956 7681
f 7680 7682 7675
f 3956 7683 7681
f 7675 7682 7676
f 7681 7683 7682
f 7682 1443 7676
f 7682 7683 1441
f 7682 1441 1442
f 7682 1442 1443
f 7676 1443 1429
f 7677 7676 1429
f 3956 3982 7683
f 7683 3982 1441
f 2425 7684 652
f 652 7684 656
f 656 7686 672
f 7685 7686 656
f 685 672 7686
f 656 7687 7685
f 692 685 7686
f 7686 7689 692
f 7685 7689 7686
f 692 7689 694
f 7685 7690 7689
f 7687 7690 7685
f 7687 7688 7690
f 7688 7691 7690
f 7692 697 694
f 694 7689 7693
f 7693 7689 7690
f 694 7693 7692
f 7690 7694 7693
f 7694 7690 7695
f 7695 7690 7691
f 7695 7691 7696
f 7693 7697 7692
f 7693 7694 7698
f 7694 7695 7699
f 7695 7696 7699
f 710 706 7692
f 7692 706 697
f 710 7692 7700
f 7692 7697 7700
f 7697 7693 7698
f 7694 7699 7701
f 7694 7701 7698
f 7701 7699 7702
f 7699 7696 7702
f 7696 7703 7702
f 7704 710 7700
f 7700 7705 7704
f 7697 7705 7700
f 7697 7698 7705
f 7698 7701 7705
f 7702 7703 7706
f 7706 7707 7702
f 710 7704 2427
f 2427 7704 2428
f 7704 2429 2428
f 7705 2429 7704
f 2429 7705 2430
f 2430 7705 7708
f 2430 7708 2431
f 7708 7705 2431
f 7705 7701 2431
f 2431 7701 2432
f 7702 2432 7701
f 2432 7702 7707
f 2432 7707 2433
f 7707 2434 2433
f 2434 7707 2435
f 285 287 4391
f 7709 296 286
f 7709 286 285
f 285 4391 7709
f 7709 4390 4404
f 4391 4390 7709
f 303 301 302
f 296 7709 303
f 7709 7711 7710
f 7711 7709 4404
f 4419 7711 4404
f 301 7712 309
f 7712 303 7713
f 7712 301 303
f 303 7709 7713
f 7713 7710 7711
f 7709 7710 7713
f 7715 7711 4419
f 309 7714 313
f 7714 309 7712
f 7712 7713 7714
f 7715 7713 7711
f 4427 7715 4419
f 316 313 7719
f 313 7714 7719
f 7713 7716 7719
f 7714 7713 7719
f 7717 7716 7713
f 7717 7713 7715
f 4432 7715 4423
f 7715 4427 4423
f 316 7718 319
f 7718 316 7719
f 7719 7716 7717
f 7719 7717 7720
f 7720 7717 7715
f 4432 7720 7715
f 319 7718 7721
f 7721 7718 7719
f 7719 7722 7721
f 7720 7723 7722
f 7722 7719 7720
f 7720 7724 7723
f 7720 7725 7724
f 7720 4432 7725
f 7725 4432 4437
f 319 7721 328
f 328 7721 7726
f 7721 7722 7726
f 7726 7722 7723
f 7724 7725 7723
f 7726 953 328
f 7723 3509 7726
f 7725 3507 3509
f 7725 3509 7723
f 7725 3508 3507
f 7725 4437 2289
f 2289 3508 7725
f 7727 4960 4961
f 7727 4961 4957
f 7728 4960 7729
f 4960 7727 7729
f 7727 4962 7730
f 4957 4962 7727
f 7727 7730 7731
f 4962 4965 7730
f 4965 7731 7730
f 7728 4968 4960
f 7732 4968 7728
f 7729 7732 7728
f 7729 7727 7733
f 7731 4029 7727
f 4029 7733 7727
f 7731 4965 4029
f 7734 4968 7741
f 4967 4968 7734
f 7742 7741 7732
f 4968 7732 7741
f 7732 7729 7735
f 7736 7735 7738
f 7738 7735 7737
f 7735 4031 7737
f 7738 7737 4030
f 7737 4031 4030
f 7735 7729 4031
f 7729 7733 4031
f 7733 4029 4031
f 4969 7734 7741
f 4967 7734 4969
f 7739 7742 7732
f 7735 7739 7732
f 7736 7739 7735
f 7740 7739 7736
f 7738 7740 7736
f 4034 7740 7738
f 7738 4030 4034
f 1710 7742 7739
f 1710 7739 7740
f 7743 7740 1712
f 4034 4040 1712
f 7740 4034 1712
f 5655 4969 7741
f 7742 1707 1706
f 7741 7742 1706
f 7742 1708 1707
f 1708 7742 1709
f 1709 7742 1710
f 1710 7740 7743
f 1710 7743 1712
f 6790 4275 7745
f 7744 7745 7746
f 4275 4259 7745
f 7746 7745 7747
f 7745 4259 7748
f 4259 4260 7748
f 7745 7748 7747
f 7748 4260 7747
f 4260 4264 7747
f 7747 4264 7749
f 7747 7749 7750
f 4264 7750 7749
f 4276 7747 7750
f 7750 4264 4276
f 7745 7744 6790
f 4275 6790 4278
f 6905 6906 7378
f 6907 6905 7378
f 7746 7378 7744
f 7746 6907 7378
f 6909 6907 7746
f 7746 7751 6909
f 7746 7747 7751
f 6909 7751 6910
f 6910 7751 6911
f 7751 7747 6911
f 7747 7752 6911
f 7747 4276 7752
f 6916 6911 7752
f 7752 4276 6916
f 6427 7753 6439
f 6438 7754 6426
f 6426 7754 6427
f 7754 7755 6427
f 7755 7756 6427
f 7757 7753 6427
f 7758 6439 7753
f 7753 7757 7758
f 6454 6440 6439
f 7758 6454 6439
f 717 7759 6456
f 6456 7759 7754
f 7754 7759 7760
f 7755 7754 7760
f 7756 7755 7760
f 7757 6427 7756
f 7758 7761 6460
f 7758 7757 7761
f 6460 6454 7758
f 7756 7760 7762
f 7762 7763 7756
f 6468 7761 7764
f 6468 6460 7761
f 7764 7766 7765
f 7761 7766 7764
f 7757 7765 7766
f 7757 7756 7765
f 7756 7763 7765
f 7757 7766 7761
f 7759 717 716
f 716 721 7759
f 721 7767 7760
f 7759 721 7760
f 7767 7768 7760
f 7768 7762 7760
f 7769 7762 7768
f 6468 7765 7770
f 6468 7764 7765
f 7765 7763 7770
f 7769 7763 7762
f 7769 7770 7763
f 727 7771 721
f 721 7771 7767
f 7767 7772 7768
f 6468 7770 7773
f 7769 7773 7770
f 7769 7774 7773
f 7774 7769 7768
f 7772 7774 7768
f 726 734 727
f 7775 7767 7771
f 6479 6468 7776
f 6468 7777 7776
f 7775 7772 7767
f 7777 6468 7773
f 7774 7777 7773
f 7777 7774 7772
f 7138 727 734
f 1975 6480 7139
f 7771 727 7138
f 6478 6479 6480
f 6480 6479 7139
f 7771 7138 7141
f 7776 7139 6479
f 7139 7776 7142
f 7141 7144 7771
f 7144 7775 7771
f 7775 7144 7146
f 7145 7776 7777
f 7145 7777 7146
f 7777 7772 7146
f 7146 7772 7775
f 1618 4905 1619
f 4905 7778 1619
f 4905 7779 7778
f 4905 4909 7779
f 4909 4907 7779
f 4907 7780 7779
f 4907 660 7780
f 660 663 7780
f 1619 7778 1624
f 7778 7779 7781
f 7779 7780 7781
f 7778 7781 1624
f 663 669 7780
f 7780 669 7782
f 7782 7781 7780
f 7782 669 7783
f 7781 7784 1624
f 7781 7782 7784
f 1624 7784 1634
f 7784 7785 1634
f 7784 7782 7785
f 7782 7783 7785
f 7783 681 7785
f 7785 7786 1634
f 7786 7785 7787
f 1634 7788 1642
f 7786 7787 7789
f 7789 7787 7791
f 7787 7785 7791
f 681 691 7785
f 7785 691 7791
f 1634 7786 7788
f 7788 7786 7790
f 1642 7788 1646
f 7788 7790 1646
f 7790 7786 1646
f 1646 7786 7792
f 7789 7792 7786
f 1653 1646 7793
f 7793 1646 7792
f 7789 7791 7792
f 1653 7793 1659
f 7791 696 7794
f 7791 691 696
f 7794 7793 7792
f 7791 7794 7792
f 1659 7793 7795
f 1674 1659 1673
f 1673 1659 7796
f 7796 7795 7797
f 7796 1659 7795
f 7793 7797 7795
f 7797 7793 7799
f 7793 7794 7799
f 4927 1673 4929
f 4929 1673 7798
f 1673 7796 7798
f 7796 7797 7798
f 7798 7797 7799
f 696 703 7794
f 703 7799 7794
f 4929 7798 4931
f 4931 7798 7800
f 4931 7800 7801
f 7800 7798 7799
f 7800 7799 7801
f 7801 7799 7802
f 7802 7799 707
f 707 7799 703
f 7801 7802 4931
f 4931 7802 4932
f 7802 711 4932
f 711 7802 712
f 7802 707 712
f 3573 3572 3557
f 3571 3574 7803
f 3571 7803 3572
f 7805 3557 3572
f 7805 3572 7804
f 3574 3572 7803
f 3575 7805 7806
f 3575 4857 3567
f 3574 4643 7807
f 3572 3574 7807
f 7804 3572 7807
f 4643 7808 7807
f 7808 7804 7807
f 7805 7804 7808
f 7805 7808 7806
f 7806 4866 3575
f 3575 4866 4857
f 7808 4643 4648
f 4648 4650 7808
f 7808 4871 7806
f 7806 4871 4866
f 4871 4650 7809
f 4650 4871 7808
f 4879 7809 4650
f 4871 7809 4879
f 7810 7811 3634
f 7811 3623 3634
f 7811 7810 3623
f 7810 4971 3623
f 7813 7815 7810
f 7815 7812 7810
f 7812 7054 7810
f 7813 7810 3661
f 7810 7054 4971
f 7810 3634 3661
f 7816 7815 7054
f 7814 7815 7813
f 7815 7816 7812
f 7816 7054 7812
f 7813 3661 3672
f 7819 7060 7054
f 7817 7814 7820
f 7817 7815 7814
f 7817 7818 7815
f 7818 7819 7815
f 7819 7054 7815
f 7813 7820 7814
f 7820 3672 7821
f 3672 7820 7813
f 7821 3672 3680
f 7822 7823 7825
f 7825 7823 7819
f 7823 7824 7819
f 7824 7068 7819
f 7825 7818 7817
f 7819 7818 7825
f 7060 7819 7068
f 7817 7820 7826
f 4240 7826 4241
f 4241 7826 7820
f 7821 4241 7820
f 7821 3680 4241
f 7829 7827 7825
f 7828 7822 7825
f 7828 7825 7827
f 7829 7825 7830
f 7843 7823 7822
f 7068 7824 7076
f 7076 7824 7823
f 7831 7830 7817
f 7830 7825 7817
f 7832 7831 7833
f 7833 7831 7834
f 7817 7834 7831
f 4242 7832 7826
f 7832 7833 7826
f 7817 7826 7834
f 7826 7833 7834
f 4240 4242 7826
f 7827 7835 7840
f 7827 7840 7828
f 7840 7836 7828
f 7836 7842 7828
f 7827 7829 7835
f 7822 7828 7842
f 7843 7822 7842
f 7837 7835 4248
f 7835 7831 4248
f 7835 7829 7831
f 7829 7830 7831
f 7091 7823 7843
f 7076 7823 7091
f 7832 4242 4248
f 7831 7832 4248
f 7838 7835 4252
f 7838 7839 7835
f 4252 7835 7837
f 7840 7835 7839
f 7836 7840 7841
f 7841 7842 7836
f 4252 7837 4254
f 4248 4254 7837
f 4252 4257 7838
f 4257 7844 7838
f 7839 7838 7844
f 7840 7839 7845
f 7841 7840 7845
f 7843 7842 7841
f 7843 7841 7112
f 7843 7112 7091
f 5933 5932 4257
f 7844 4257 5932
f 7846 7839 7844
f 7839 7847 7841
f 7845 7839 7841
f 7847 7848 7841
f 7841 7848 7112
f 5934 7844 5932
f 7846 7844 5934
f 6175 7846 5934
f 7846 6175 7839
f 5938 7839 6175
f 7847 7839 5938
f 5938 6176 7847
f 7847 6176 7848
f 6176 745 7112
f 7848 6176 7112
f 7849 7850 432
f 7849 7852 7851
f 3926 7849 7851
f 7850 7849 3926
f 432 7850 3926
f 3926 7851 7856
f 7853 7854 7852
f 7856 7851 7855
f 7856 7857 3926
f 3934 3926 7857
f 7853 7858 7854
f 7852 7854 7859
f 7851 7852 7859
f 7859 7855 7851
f 7857 7860 3934
f 3934 7860 3939
f 7854 7858 7861
f 7854 7861 7859
f 7856 7855 4843
f 7857 7856 7860
f 7860 7856 4846
f 3939 7860 4846
f 4840 7861 1747
f 4840 4841 7861
f 4841 7859 7861
f 4841 4842 7859
f 4842 7855 7859
f 4842 4843 7855
f 4844 4845 4843
f 4845 7856 4843
f 4845 4846 7856
f 3133 3939 4846
f 7862 397 7863
f 399 7864 7866
f 7866 7865 399
f 397 7862 398
f 7862 7864 398
f 7864 399 398
f 7862 7868 7867
f 7867 7869 7862
f 7869 7871 7870
f 7869 7849 7871
f 7872 7868 7863
f 7868 7862 7863
f 7862 7869 7864
f 7869 7870 7865
f 7869 7866 7864
f 7869 7865 7866
f 7872 7863 397
f 7865 7870 426
f 7871 432 7870
f 7871 7849 432
f 397 425 7872
f 399 7865 426
f 7870 432 426
f 7873 7874 7869
f 7869 7874 7875
f 7873 7869 7876
f 7869 7867 7876
f 7875 7852 7869
f 7852 7849 7869
f 7877 7867 7868
f 7868 7872 7877
f 7872 425 7877
f 7879 7878 7874
f 7878 7880 7875
f 7878 7875 7874
f 7875 7880 7852
f 7881 7882 7876
f 7879 7873 7876
f 7879 7876 7882
f 7874 7873 7879
f 7867 7877 7881
f 7876 7867 7881
f 7877 425 7883
f 7878 7884 7880
f 7884 7885 7880
f 7885 7852 7880
f 7879 7882 7887
f 7886 7879 7887
f 7878 7879 7886
f 7881 7888 7887
f 7882 7881 7887
f 7881 7877 7888
f 441 7883 425
f 7890 7889 7884
f 7884 7889 7885
f 7889 7853 7885
f 7878 7890 7884
f 7885 7853 7852
f 7886 7887 7891
f 7878 7886 7890
f 7888 7877 7892
f 7892 7877 7893
f 7893 7877 7883
f 7889 7890 7894
f 7858 7853 7889
f 7891 7895 7886
f 7894 7890 7886
f 7894 7886 7895
f 7887 7896 7891
f 7897 7896 7888
f 7888 7896 7887
f 7892 7898 7897
f 7897 7888 7892
f 7898 7892 7893
f 7889 7894 7899
f 7899 7861 7889
f 7861 7858 7889
f 7894 7895 7900
f 7891 1749 7900
f 7895 7891 7900
f 7891 7896 1749
f 7897 1752 7901
f 7896 7897 7901
f 7898 1753 7897
f 1753 7898 7893
f 7893 7883 1753
f 1753 7883 441
f 7894 1745 7899
f 7899 1745 1746
f 7899 1746 7861
f 1746 1747 7861
f 7894 7900 1745
f 7900 1748 1745
f 1748 7900 1749
f 1751 1749 7896
f 1752 7896 7901
f 1751 7896 1752
f 7897 1753 1752
f 1754 1753 441
f 3949 2957 846
f 7906 2594 2424
f 2592 7902 2424
f 2590 7903 2589
f 2586 7903 2590
f 2591 7904 2586
f 2591 7905 7904
f 2591 2595 7905
f 7684 2425 2594
f 7907 2592 2589
f 7904 7903 2586
f 656 7684 2594
f 7908 2424 7902
f 2592 7907 7902
f 7909 7907 2589
f 2589 7903 7909
f 7903 7910 7909
f 7903 7911 7910
f 7911 7903 7904
f 7912 7905 2595
f 656 2594 7906
f 7906 2424 7908
f 7908 7913 7906
f 7913 7908 7902
f 7909 7902 7907
f 7914 7909 7910
f 7911 7904 7915
f 7904 7905 7915
f 7905 7912 7915
f 7912 2906 7915
f 2906 7912 2595
f 656 7906 7916
f 7913 7916 7906
f 7920 7916 7913
f 7909 7913 7902
f 7909 7917 7913
f 7918 7910 7911
f 7911 7915 7918
f 7919 7915 2906
f 656 7920 7687
f 7916 7920 656
f 7917 7920 7913
f 7909 7920 7917
f 7920 7909 7914
f 7910 7921 7914
f 7921 7910 7918
f 7919 7918 7915
f 7920 7688 7687
f 7922 7920 7914
f 7921 7922 7914
f 7923 7921 7918
f 7919 7924 7918
f 2915 7919 2906
f 7920 7691 7688
f 7691 7920 7922
f 7922 7921 7925
f 7925 7921 7923
f 7918 7925 7923
f 7925 7918 7924
f 2915 7924 7919
f 7691 7927 7926
f 7927 7691 7928
f 7928 7691 7922
f 7928 7922 7929
f 7929 7922 7930
f 7930 7922 7925
f 7930 7925 7931
f 7931 7925 7932
f 7933 7925 7924
f 7933 7924 2915
f 7696 7691 7926
f 7927 7696 7926
f 7696 7928 7929
f 7927 7928 7696
f 7931 7934 7930
f 7932 7934 7931
f 7925 7934 7932
f 7934 7925 7935
f 7925 7933 7935
f 7933 2915 7935
f 7935 2915 2929
f 7937 7696 7929
f 7930 7937 7929
f 2929 7936 7935
f 7937 7930 7938
f 7939 7938 7930
f 7934 7939 7930
f 7935 7939 7934
f 7939 7935 7940
f 7935 7936 7940
f 7696 7706 7703
f 7696 7937 7706
f 7706 7937 7941
f 7937 7938 7942
f 7942 7943 7937
f 7942 7938 7944
f 7943 7942 7944
f 7938 7945 7944
f 7944 7945 7946
f 7945 7938 7939
f 7947 7945 7939
f 7940 7947 7939
f 7945 7947 7946
f 7946 7947 7948
f 7949 7947 7940
f 7948 7947 7949
f 7936 7949 7940
f 2929 7950 7936
f 7950 2929 2938
f 7706 7941 7707
f 7707 7941 7951
f 7941 7937 7952
f 7941 7952 7951
f 7952 7937 7943
f 7943 7944 7946
f 7948 7953 7946
f 7948 7949 7953
f 7953 7949 7954
f 7949 7936 7954
f 7936 7950 7954
f 7950 2938 2948
f 7707 7951 2435
f 2435 7951 2442
f 2442 7952 5716
f 7951 7952 2442
f 7943 5716 7952
f 7943 3946 5716
f 7955 3946 7943
f 3946 7955 3947
f 7946 7955 7943
f 7946 7953 7955
f 7955 7953 7956
f 7955 7956 3947
f 3947 7956 3949
f 7956 7953 3949
f 7954 7957 7953
f 7953 7957 3949
f 7954 7950 7957
f 7957 7950 7958
f 7957 7958 3949
f 7958 7950 2957
f 3949 7958 2957
f 7950 2948 2957
f 6401 6398 7959
f 6398 6402 7959
f 6409 6401 6410
f 7959 6410 6401
f 6402 6421 7959
f 7959 6421 6410
f 6402 6411 6407
f 6421 6402 6407
f 7075 7088 5004
f 7088 5831 5004
f 5832 7960 5833
f 7960 5834 5833
f 7089 7961 7090
f 7961 7963 7090
f 7961 7962 7963
f 7962 7964 7963
f 7962 7965 7964
f 7964 7969 7963
f 7964 7966 7969
f 7964 7965 7966
f 7090 7963 7968
f 7963 7969 7968
f 7965 7967 7966
f 7090 7968 7095
f 7966 7967 7971
f 7095 7968 7974
f 7968 7969 7974
f 7969 7973 7974
f 7973 7975 7974
f 7973 7969 7975
f 7969 7966 7975
f 7966 7976 7970
f 7966 7971 7976
f 7971 7967 7977
f 7967 7972 7977
f 7095 7974 7087
f 7974 7978 7087
f 7974 7979 7978
f 7974 7975 7979
f 7966 7980 7975
f 7966 7970 7980
f 7970 7976 7980
f 7087 7978 7981
f 7978 7979 7981
f 7088 7087 7981
f 7979 7984 7981
f 7981 7984 7088
f 7088 7984 7982
f 7984 7983 7982
f 7984 7960 7983
f 7985 7960 7984
f 7982 5831 7088
f 7983 5831 7982
f 5832 5831 7983
f 7983 7960 5832
f 5834 7960 7985
f 7985 5841 5834
f 374 369 7961
f 369 361 7961
f 361 7962 7961
f 361 362 7962
f 362 370 7962
f 362 366 370
f 366 368 370
f 374 7961 7089
f 7962 370 7965
f 370 7988 7965
f 7988 7989 7965
f 7988 7990 7989
f 7990 7343 7344
f 7965 7989 7967
f 7990 7344 7989
f 7344 7354 7989
f 7972 7967 7989
f 7989 7354 7972
f 7354 7345 7972
f 7972 7345 7977
f 7977 7345 7991
f 7345 7347 7991
f 7992 7979 7975
f 7977 7976 7971
f 7993 7976 7977
f 7977 7991 7993
f 7979 7992 7984
f 7992 7975 7984
f 7980 7994 7975
f 7994 7984 7975
f 7980 7976 7995
f 7976 7993 7995
f 7985 7984 7996
f 7984 7994 7996
f 7986 7996 7980
f 7996 7994 7980
f 7980 7995 7986
f 7995 5849 7986
f 7995 7993 5849
f 7996 5841 7985
f 7986 5847 7996
f 5841 7996 5847
f 7987 5847 7986
f 5848 5847 7987
f 7986 5848 7987
f 7986 5849 5848
f 7988 370 7997
f 370 7343 7997
f 7990 7988 7997
f 7990 7997 7343
f 7356 7991 7347
f 7993 7998 5849
f 7999 7998 7993
f 7991 7999 7993
f 8000 7999 7991
f 7991 7356 8000
f 5855 5849 7998
f 5856 5855 7999
f 7999 5855 7998
f 7999 8000 5856
f 8000 7356 5856
